hash,filename,EvalMaxSAT,Pacose,open-wbo-res-glucose-v1,open-wbo-res-mergesat-v1,open-wbo-res-mergesat-v2,UWrMaxSat,QMaxSAT,RC2-B,maxino-pref,smax_minisat,MaxHS,smax_mergesat,maxino,open-wbo-res-glucose-v2,RC2-A
02b954e56938c609faed7744eb907854,ms_evals/MS20/mse20-complete-unweighted/hs-timetabling/GreeceWesternGreeceUniversityInstance4.xml.wcnf.gz,3600.0,3600.0,3600.0,3600.0,3600.0,3600.0,3600.0,3600.0,3600.0,3600.0,3600.0,3600.0,3600.0,3600.0,3600.0
6ba561ea18403bdc1bc99f5065184120,ms_evals/MS20/mse20-complete-unweighted/phylogenetic-trees/ms_340_20_20-0.wcnf.gz,3600.0,3600.0,3600.0,3600.0,3600.0,1795.13,3600.0,2064.24,3600.0,3600.0,3600.0,3600.0,3600.0,3600.0,3600.0
c52a5c37387294b7106a957aa11e5f3b,ms_evals/MS20/mse20-complete-unweighted/phylogenetic-trees/ms_200_20_12-2.wcnf.gz,369.19,1041.92,2348.62,136.41,55.13,556.81,690.38,973.24,148.61,3600.0,1091.69,3600.0,160.17,3600.0,1088.83
d578a7e37debb2eaf06013bf0027233e,ms_evals/MS20/mse20-complete-unweighted/phylogenetic-trees/ms_200_32_20-0.wcnf.gz,136.4,1090.52,3600.0,3600.0,3600.0,120.69,2259.12,226.45,3600.0,3600.0,168.95,3600.0,607.8,3600.0,3600.0
e8d1090bcd2eebadfa408185a5d7770e,ms_evals/MS20/mse20-complete-unweighted/phylogenetic-trees/ms_200_20_20-1.wcnf.gz,860.65,3600.0,3600.0,3600.0,3600.0,894.97,3600.0,1472.33,3600.0,3600.0,2404.76,3600.0,3600.0,3600.0,3600.0
010fb00eac5043995c04d40758bd5497,ms_evals/MS20/mse20-complete-unweighted/phylogenetic-trees/ms_140_20_20-2.wcnf.gz,2910.96,3600.0,3600.0,3600.0,3600.0,1676.79,3600.0,2710.04,3600.0,3600.0,3600.0,3600.0,3600.0,3600.0,3600.0
431af18ae9089d9d7455f258d9714267,ms_evals/MS20/mse20-complete-unweighted/phylogenetic-trees/ms_200_20_12-1.wcnf.gz,610.12,3600.0,3600.0,3600.0,3600.0,674.44,3600.0,1091.21,3600.0,3600.0,1525.84,3600.0,2075.99,3600.0,3600.0
05a4c522a5a7d01ec691ccda0cc7874e,ms_evals/MS20/mse20-complete-unweighted/phylogenetic-trees/ms_200_20_14-0.wcnf.gz,48.94,149.03,231.72,12.11,11.29,52.57,99.37,135.1,56.19,3600.0,75.43,3600.0,17.35,138.16,199.28
c17594f1ab745458fd9bfffd7eafef7d,ms_evals/MS20/mse20-complete-unweighted/phylogenetic-trees/ms_400_20_20-0.wcnf.gz,84.32,115.37,890.81,1735.55,3600.0,75.13,1347.57,142.86,672.56,3600.0,117.88,3600.0,192.88,3600.0,1404.86
74e161d6c4bbfd7dd2d9879a6de01965,ms_evals/MS20/mse20-complete-unweighted/phylogenetic-trees/ms_250_20_20-0.wcnf.gz,1264.2,3600.0,3600.0,3600.0,3600.0,1069.67,3600.0,1929.9,3600.0,3600.0,3600.0,3600.0,3600.0,3600.0,3600.0
e2ece4314a56f74f21a5f5dc20058b49,ms_evals/MS20/mse20-complete-unweighted/phylogenetic-trees/ms_200_20_12-0.wcnf.gz,1448.6,3600.0,3600.0,3600.0,3600.0,1075.98,3600.0,1421.93,3600.0,3600.0,3600.0,3600.0,3600.0,3600.0,3600.0
14c2d436977300cac690feded396ad24,ms_evals/MS20/mse20-complete-unweighted/phylogenetic-trees/ms_200_20_20-2.wcnf.gz,2088.28,3600.0,3600.0,3600.0,3600.0,812.51,3600.0,1343.08,3600.0,3600.0,3600.0,3600.0,3600.0,3600.0,3600.0
654e7d4ab5f7f17ca2bd6699c7a9dc9a,ms_evals/MS20/mse20-complete-unweighted/phylogenetic-trees/ms_350_10_20-0.wcnf.gz,393.49,1268.22,3600.0,3600.0,3600.0,235.82,3600.0,451.16,3600.0,3600.0,362.57,3600.0,3600.0,3600.0,3600.0
8a73a5808e9616babe32ce5f8f007169,ms_evals/MS20/mse20-complete-unweighted/phylogenetic-trees/ms_140_20_20-1.wcnf.gz,1202.16,3600.0,3600.0,3600.0,3600.0,3600.0,3600.0,1628.87,3600.0,3600.0,3600.0,3600.0,3600.0,3600.0,3600.0
85a34a8c0d79294761531ea25a9c4457,ms_evals/MS20/mse20-complete-unweighted/phylogenetic-trees/ms_200_20_24-1.wcnf.gz,193.09,3048.5,3600.0,3600.0,3600.0,135.51,3600.0,282.2,3600.0,3600.0,253.09,3600.0,3600.0,3600.0,3600.0
1f3203c408735f1016dd72f36d29cb89,ms_evals/MS20/mse20-complete-unweighted/phylogenetic-trees/ms_180_20_20-1.wcnf.gz,1375.04,3600.0,3600.0,3600.0,3600.0,847.42,3600.0,1654.72,3600.0,3600.0,1557.48,3600.0,3600.0,3600.0,3600.0
808478910e8ac334dfc67004546e1a2f,ms_evals/MS20/mse20-complete-unweighted/phylogenetic-trees/ms_200_14_20-2.wcnf.gz,295.49,1432.94,3600.0,3600.0,3600.0,304.92,3600.0,462.55,3600.0,3600.0,418.3,3600.0,3600.0,3600.0,3600.0
59069eae468b4e2197c849fa64b88932,ms_evals/MS20/mse20-complete-unweighted/phylogenetic-trees/ms_200_20_20-7.wcnf.gz,1264.87,3600.0,3600.0,3600.0,1959.95,803.63,3600.0,1683.92,3600.0,3600.0,1020.86,3600.0,283.27,3600.0,3600.0
e561d1173913d3eec67f6a82a78aa9b2,ms_evals/MS20/mse20-complete-unweighted/phylogenetic-trees/ms_200_40_20-2.wcnf.gz,42.37,103.39,357.44,127.49,93.71,43.78,206.12,110.06,56.67,3600.0,72.61,3600.0,95.35,248.07,277.58
b3f4e688326e0f2910065379e9383500,ms_evals/MS20/mse20-complete-unweighted/phylogenetic-trees/ms_350_10_40-0.wcnf.gz,1661.64,3600.0,3600.0,3600.0,3600.0,863.34,3600.0,1738.41,3600.0,3600.0,2701.71,3600.0,3600.0,3600.0,3600.0
c6d606d8beeb9c517dc1a10745b82f41,ms_evals/MS20/mse20-complete-unweighted/phylogenetic-trees/ms_180_20_20-0.wcnf.gz,2081.07,3600.0,3600.0,3600.0,3600.0,824.2,3600.0,1148.16,3600.0,3600.0,2158.0,3600.0,3600.0,3600.0,3600.0
63fd3e0f93af33174a5f7da932f33204,ms_evals/MS20/mse20-complete-unweighted/phylogenetic-trees/ms_250_10_40-1.wcnf.gz,326.99,707.17,3600.0,3600.0,3600.0,1059.11,3557.67,613.01,3600.0,3600.0,590.45,3600.0,3600.0,3600.0,3600.0
06827d0d6291cc8ce8a4b392dcaaf122,ms_evals/MS20/mse20-complete-unweighted/phylogenetic-trees/ms_220_20_20-1.wcnf.gz,143.58,436.74,3388.68,3600.0,3600.0,119.15,1560.5,273.21,1973.4,3600.0,240.44,3600.0,315.1,3600.0,3600.0
f399512d37e62d9a176a9dbba07c8d25,ms_evals/MS20/mse20-complete-unweighted/phylogenetic-trees/ms_200_22_20-1.wcnf.gz,324.96,1231.24,3600.0,3600.0,3600.0,266.45,3600.0,294.43,3600.0,3600.0,389.33,3600.0,3600.0,3600.0,3600.0
a70e7667417e6269ce3ffd3c8bc876c8,ms_evals/MS20/mse20-complete-unweighted/phylogenetic-trees/ms_260_20_20-2.wcnf.gz,1388.09,3600.0,3600.0,3600.0,3600.0,965.77,3600.0,1546.48,3600.0,3600.0,2992.11,3600.0,3600.0,3600.0,3600.0
74f4334e50c61bbb837c73cdb8762ed8,ms_evals/MS20/mse20-complete-unweighted/phylogenetic-trees/ms_200_36_20-0.wcnf.gz,138.27,1035.44,3600.0,3600.0,3600.0,113.67,1938.79,228.78,1244.76,3600.0,187.75,3600.0,598.02,3600.0,3600.0
bc88b839f987632fcd7089892d507c84,ms_evals/MS20/mse20-complete-unweighted/phylogenetic-trees/ms_200_20_16-0.wcnf.gz,807.81,3600.0,3600.0,3600.0,3600.0,865.2,3600.0,1385.97,2540.07,3600.0,1646.21,3600.0,1700.6,3600.0,3600.0
0ef478d2fe3f91c145f5e2ccd81d2cf7,ms_evals/MS20/mse20-complete-unweighted/phylogenetic-trees/ms_200_14_20-0.wcnf.gz,1714.79,3600.0,3600.0,3600.0,3600.0,3600.0,3600.0,3600.0,3600.0,3600.0,3600.0,3600.0,3600.0,3600.0,3600.0
3696b80ba775a1d5ab9a3d054f2472fe,ms_evals/MS20/mse20-complete-unweighted/phylogenetic-trees/ms_120_20_20-0.wcnf.gz,738.04,3600.0,3600.0,3600.0,3600.0,794.53,3600.0,1165.63,3600.0,3600.0,2053.47,3600.0,3600.0,3600.0,3600.0
a67c84f2dc3a057464cdabade2933f46,ms_evals/MS20/mse20-complete-unweighted/phylogenetic-trees/ms_200_40_20-1.wcnf.gz,3303.46,3600.0,3600.0,3600.0,3600.0,3600.0,3600.0,3600.0,3600.0,3600.0,3600.0,3600.0,3600.0,3600.0,3600.0
6fb0ecab8a3ddedd3fb5018c9a3128de,ms_evals/MS20/mse20-complete-unweighted/phylogenetic-trees/ms_200_12_20-1.wcnf.gz,3600.0,3600.0,3600.0,3600.0,3600.0,3600.0,3600.0,3600.0,3600.0,3600.0,2662.85,3600.0,3600.0,3600.0,3600.0
8fb8f6b553c6e82b72e1ad36a8af192b,ms_evals/MS20/mse20-complete-unweighted/xai-mindset2/heart-h.wcnf.gz,3600.0,3600.0,3600.0,3600.0,3600.0,3600.0,3600.0,3600.0,3600.0,3600.0,3600.0,3600.0,3600.0,3600.0,3600.0
c621bcb28be51e6c470a28e1c8dab829,ms_evals/MS20/mse20-complete-unweighted/xai-mindset2/liver-disorder.wcnf.gz,3600.0,3600.0,3600.0,3600.0,3600.0,3600.0,3600.0,3600.0,3600.0,3600.0,3600.0,3600.0,3600.0,3600.0,3600.0
5ea97e229aa00ac34ae7d87b929d0350,ms_evals/MS20/mse20-complete-unweighted/xai-mindset2/flags.wcnf.gz,0.44,0.17,4.03,3.81,3.81,1.0,0.18,1.22,0.39,0.38,3.73,1.07,0.39,4.02,0.85
f6e9ad0e25dcbf5ab5a0b6e4f67835aa,ms_evals/MS20/mse20-complete-unweighted/xai-mindset2/new-thyroid.wcnf.gz,3.79,3600.0,780.49,253.33,9.67,21.85,3600.0,5.37,3600.0,317.74,46.95,940.91,33.01,11.65,8.05
210e3736ffcdfa3ee917df96033f99ff,ms_evals/MS20/mse20-complete-unweighted/xai-mindset2/hayes-roth.wcnf.gz,32.04,5.52,2.37,5.25,5.31,10.54,3.62,11.09,2393.49,76.16,55.4,103.91,5.38,2.37,4.38
5ad739623f5f37ae54a0f140c76e0654,ms_evals/MS20/mse20-complete-unweighted/xai-mindset2/backache.wcnf.gz,0.25,3600.0,0.18,0.2,0.08,0.36,3600.0,1.51,11.42,4.28,0.12,7.36,11.37,0.12,1.44
2228134d6a12f837aaf01e947cf3a9b7,ms_evals/MS20/mse20-complete-unweighted/xai-mindset2/diabetes.wcnf.gz,3600.0,3600.0,3600.0,3600.0,3600.0,3600.0,3600.0,3600.0,3600.0,3600.0,3600.0,3600.0,3600.0,3600.0,3600.0
e59f898e96f2d0544e490f7ddd085813,ms_evals/MS20/mse20-complete-unweighted/xai-mindset2/hepatitis.wcnf.gz,347.24,3600.0,3600.0,3600.0,3600.0,305.04,3600.0,502.43,3600.0,3600.0,84.31,3600.0,3600.0,3600.0,3600.0
31ecd4c3129dfe0eb6d94aaab0adbe26,ms_evals/MS20/mse20-complete-unweighted/xai-mindset2/zoo.wcnf.gz,0.06,0.05,0.05,0.06,0.04,0.03,0.04,0.2,0.02,0.03,0.08,0.04,0.02,0.04,0.18
6a0db8fde6fddcde9b2e5c18ad56409c,ms_evals/MS20/mse20-complete-unweighted/xai-mindset2/shuttleM.wcnf.gz,504.56,3600.0,3600.0,3600.0,3600.0,1785.47,3600.0,2391.58,3600.0,3600.0,3600.0,3600.0,3600.0,3600.0,3600.0
d94e54d29172640209b247987419c9aa,ms_evals/MS20/mse20-complete-unweighted/SeanSafarpour/rsdecoder4.dimacs.filtered.wcnf.gz,3600.0,3600.0,3600.0,3600.0,3600.0,2987.21,3600.0,3600.0,1284.43,3600.0,3600.0,3600.0,3600.0,3600.0,3600.0
af131a00cbcaa6077bbaef5af0d44ecc,ms_evals/MS20/mse20-complete-unweighted/SeanSafarpour/c6288-bug-gate-0.dimacs.seq.filtered.wcnf.gz,3.13,0.45,0.04,0.04,0.07,1.01,2.02,1.93,0.09,0.03,30.28,0.04,0.08,0.11,0.42
a13fd3ebddd72080bc1c69d9ba6d144b,ms_evals/MS20/mse20-complete-unweighted/SeanSafarpour/rsdecoder_multivec1-problem.dimacs_33.filtered.wcnf.gz,194.94,3600.0,79.44,92.23,67.05,33.3,3600.0,162.25,196.31,95.66,3538.97,88.41,252.74,21.9,162.95
1fad550b5c93f31ec07c89d6a5902f2b,ms_evals/MS20/mse20-complete-unweighted/SeanSafarpour/fpu3-problem.dimacs_18.filtered.wcnf.gz,1.26,20.7,1.4,1.8,1.63,2.76,53.16,15.95,2.74,1.1,2.8,1.47,2.76,1.22,15.94
24230395cc756cc158bf84fa9765f365,ms_evals/MS20/mse20-complete-unweighted/SeanSafarpour/rsdecoder1_blackbox_CSEEblock-problem.dimacs_32.filtered.wcnf.gz,333.18,3600.0,375.54,228.0,991.77,93.52,3600.0,408.15,206.24,200.15,478.14,208.97,136.78,405.32,407.53
0045775690a765a9a5dbcf1daa3e2e3e,ms_evals/MS20/mse20-complete-unweighted/SeanSafarpour/c2_DD_s3_f1_e2_v1-bug-onevec-gate-0.dimacs.seq.filtered.wcnf.gz,0.98,409.25,0.83,1.0,1.2,1.72,143.59,8.84,2.8,0.61,28.82,0.8,2.78,0.74,8.85
46ad7203939c4b674403814a09f0a959,ms_evals/MS20/mse20-complete-unweighted/SeanSafarpour/wb_4m8s-problem.dimacs_47.filtered.wcnf.gz,3600.0,3600.0,3600.0,3600.0,3600.0,3600.0,3600.0,3600.0,3600.0,3600.0,3600.0,3600.0,3600.0,3600.0,3600.0
0f93e8b25d57ec13ee4a061ea0ce126c,ms_evals/MS20/mse20-complete-unweighted/SeanSafarpour/rsdecoder-problem.dimacs_31.filtered.wcnf.gz,174.14,2781.6,300.11,340.63,286.5,43.66,3600.0,172.8,321.55,453.45,3600.0,456.21,629.14,226.05,174.76
52935ba9d98e8aa15868dc925f335ef7,ms_evals/MS20/mse20-complete-unweighted/SeanSafarpour/rsdecoder-problem.dimacs_34.filtered.wcnf.gz,2.51,12.9,2.76,9.6,4.45,5.8,207.82,27.75,11.15,2.09,41.18,9.91,12.13,2.36,27.87
07a7fd1d892b259f572a6c4353a6012e,ms_evals/MS20/mse20-complete-unweighted/SeanSafarpour/c5_DD_s3_f1_e1_v1-bug-fourvec-gate-0.dimacs.seq.filtered.wcnf.gz,1.62,170.85,0.99,1.25,1.09,1.59,481.11,10.74,1.96,0.77,1.53,1.02,1.92,0.89,10.72
7772e5029d32564abf9fe3c0ed187ce8,ms_evals/MS20/mse20-complete-unweighted/SeanSafarpour/dividers4.dimacs.filtered.wcnf.gz,0.85,1.38,0.54,0.63,0.55,1.09,8.59,6.6,2.13,0.39,3.29,0.5,1.56,0.47,6.58
fdfd28eeb1435f8d431a84c50bd46dc8,ms_evals/MS20/mse20-complete-unweighted/SeanSafarpour/rsdecoder1_blackbox_KESblock-problem.dimacs_30.filtered.wcnf.gz,3600.0,3600.0,3600.0,3600.0,3600.0,3600.0,3600.0,3600.0,3600.0,3600.0,3600.0,3600.0,3600.0,3600.0,3600.0
e82caeb950accc399bd7958e390765d0,ms_evals/MS20/mse20-complete-unweighted/SeanSafarpour/divider-problem.dimacs_5.filtered.wcnf.gz,84.36,47.01,17.45,32.02,20.14,9.92,847.17,48.4,38.19,16.18,134.07,30.08,54.53,19.03,48.61
0a185d5aac19358c71bb58b1dfb4e18a,ms_evals/MS20/mse20-complete-unweighted/SeanSafarpour/rsdecoder2.dimacs.filtered.wcnf.gz,17.36,633.61,9.47,40.89,26.93,41.72,3600.0,84.92,45.0,53.78,108.84,54.29,43.27,11.81,85.14
bc99fe4d13f125f075e1151b8296ee50,ms_evals/MS20/mse20-complete-unweighted/SeanSafarpour/c5315-bug-gate-0.dimacs.seq.filtered.wcnf.gz,0.14,0.09,0.02,0.02,0.02,0.04,0.2,0.29,0.02,0.02,0.03,0.03,0.02,0.01,0.26
fb2748ed8c336c8f9ffdd6a97ff1a22e,ms_evals/MS20/mse20-complete-unweighted/MaxSATQueriesinInterpretableClassifiers/iris_test_1_DNF_5_1.wcnf.gz,0.01,0.01,0.01,0.02,0.01,0.01,0.01,0.09,0.01,0.01,0.01,0.01,0.01,0.01,0.09
05fb2d5da0d4ac74c8763aa490c25b9f,ms_evals/MS20/mse20-complete-unweighted/MaxSATQueriesinInterpretableClassifiers/ionosphere_test_0_DNF_5_1.wcnf.gz,0.01,0.02,0.02,0.02,0.01,0.01,0.01,0.17,0.01,0.01,0.01,0.02,0.01,0.02,0.17
f0e9f84827023c669f2d989f95f18a42,ms_evals/MS20/mse20-complete-unweighted/MaxSATQueriesinInterpretableClassifiers/twitter_test_1_CNF_4_1.wcnf.gz,3600.0,3600.0,3600.0,3600.0,3600.0,3600.0,3600.0,3600.0,3600.0,3600.0,3600.0,3600.0,3600.0,3600.0,3600.0
68e40c1aac10135054cd51b2d500f5d5,ms_evals/MS20/mse20-complete-unweighted/MaxSATQueriesinInterpretableClassifiers/heart_train_0_CNF_4_1.wcnf.gz,3600.0,3600.0,3600.0,3600.0,3600.0,3600.0,3600.0,3600.0,3600.0,3600.0,3600.0,3600.0,3600.0,3600.0,3600.0
b3795e3e36a09ee8a19faaebb609f979,ms_evals/MS20/mse20-complete-unweighted/MaxSATQueriesinInterpretableClassifiers/adult_test_6_CNF_4_1.wcnf.gz,3600.0,3600.0,3600.0,3600.0,3600.0,3600.0,3600.0,3600.0,3600.0,3600.0,3600.0,3600.0,3600.0,3600.0,3600.0
eaa1e4e48cabe84daa441104ac5ea213,ms_evals/MS20/mse20-complete-unweighted/MaxSATQueriesinInterpretableClassifiers/pima_train_8_DNF_1_1.wcnf.gz,0.19,9.62,2.45,7.02,0.8,0.08,16.53,0.32,0.87,4.61,1.67,8.71,0.23,0.39,0.27
eee7a85ba39b5299256e05f85571ade0,ms_evals/MS20/mse20-complete-unweighted/MaxSATQueriesinInterpretableClassifiers/ilpd_test_2_CNF_4_1.wcnf.gz,0.01,0.01,0.01,0.01,0.01,0.02,0.01,0.11,0.01,0.01,0.02,0.01,0.01,0.02,0.11
b85eb54643ae8da22950352af8863b1e,ms_evals/MS20/mse20-complete-unweighted/des/cnf.20.p.4.wcnf.gz,134.41,39.99,77.67,3600.0,3600.0,38.55,51.4,476.23,211.57,3600.0,695.12,3600.0,54.04,107.15,32.7
d23455085a72533eadc7bfb69e7bcea8,ms_evals/MS20/mse20-complete-unweighted/des/cnf.17.d.10.wcnf.gz,39.55,15.24,22.34,3600.0,3600.0,5.61,18.33,58.7,19.59,389.4,39.29,1784.48,21.14,22.45,19.1
90a893a34f1a5f098216b37e5066f9be,ms_evals/MS20/mse20-complete-unweighted/des/cnf.15.p.9.wcnf.gz,234.1,130.19,54.96,89.37,88.7,41.31,209.15,224.7,3600.0,3600.0,549.11,3600.0,545.06,54.73,46.84
00ab14b6d169c34bc6a7e84a3b2ebff8,ms_evals/MS20/mse20-complete-unweighted/des/cnf.17.p.4.wcnf.gz,202.03,50.63,274.79,321.13,318.43,180.14,109.09,193.64,3600.0,3600.0,311.14,3600.0,85.63,274.45,155.28
7cb3938ebfd23ae2f3c142e5c153a380,ms_evals/MS20/mse20-complete-unweighted/des/cnf.19.p.3.wcnf.gz,40.29,10.13,21.23,56.21,58.73,16.84,14.6,33.07,21.97,1127.01,62.59,3600.0,13.03,21.61,16.2
142263bf4c4a0b35ec0a355946be2665,ms_evals/MS20/mse20-complete-unweighted/des/cnf.18.p.5.wcnf.gz,191.19,55.08,118.56,105.79,107.51,342.17,121.5,160.71,2770.39,3600.0,477.8,3600.0,56.31,118.69,62.87
24d35f7606d53f28a3caea7a3ae9d302,ms_evals/MS20/mse20-complete-unweighted/des/cnf.10.p.10.wcnf.gz,124.4,27.44,34.73,40.65,40.55,41.73,21.71,77.47,52.98,3600.0,219.97,555.89,31.6,35.02,60.47
ed2f7b0dab79591c36e91ecfc33a81d3,ms_evals/MS20/mse20-complete-unweighted/des/cnf.18.p.10.wcnf.gz,707.77,1592.0,338.25,219.03,208.53,210.03,3348.74,3600.0,3600.0,3600.0,907.15,3600.0,3600.0,352.03,2757.43
e34edbbdbf693b327550070409cc3208,ms_evals/MS20/mse20-complete-unweighted/HaplotypeAssembly/splitedReads_0.matrix.wcnf.gz,1032.65,3600.0,3600.0,3600.0,3600.0,1090.04,3600.0,183.56,3600.0,3600.0,3600.0,3600.0,3600.0,3600.0,691.41
53d1db63db522cbb89eebcb2f2845ae3,ms_evals/MS20/mse20-complete-unweighted/HaplotypeAssembly/splitedReads_160.matrix.wcnf.gz,7.73,53.91,1.92,2.55,0.86,2.63,10.08,5.6,1.91,0.63,11.71,1.64,2.08,0.6,2.95
4cfdd9ec8f477d60f27304c7ffc588a5,ms_evals/MS20/mse20-complete-unweighted/HaplotypeAssembly/splitedReads_18.matrix.wcnf.gz,3.95,47.66,0.99,1.2,1.14,1.55,8.75,2.93,1.15,0.32,7.85,0.81,1.05,1.01,1.72
2a894e190c5fd0d502178612d0f4b58d,ms_evals/MS20/mse20-complete-unweighted/HaplotypeAssembly/splitedReads_414.matrix.wcnf.gz,5.46,43.59,1.49,1.62,1.61,1.91,10.12,3.85,1.47,0.39,11.89,1.05,1.64,1.5,2.1
b16daef029715dd48a4b77c540758528,ms_evals/MS20/mse20-complete-unweighted/HaplotypeAssembly/splitedReads_137.matrix.wcnf.gz,2.6,23.2,0.66,0.82,0.79,0.93,5.76,1.99,0.63,0.19,2.02,0.44,0.66,0.66,1.23
1400bd549777fc2fdd0b9ffe4e414c32,ms_evals/MS20/mse20-complete-unweighted/HaplotypeAssembly/splitedReads_158.matrix.wcnf.gz,6.69,46.77,2.08,4.65,0.73,2.19,12.38,4.69,1.69,0.52,10.8,1.31,1.65,0.52,2.41
f502187aa176cd2c1d204d9200fe3b5c,ms_evals/MS20/mse20-complete-unweighted/security-witness/RSN_Security_Min_Witness-Direct-MBIST_5cores_100controllers_100memories_na-D1.wcnf.gz,31.74,44.27,38.32,59.18,51.95,74.28,839.91,279.2,468.76,87.73,62.01,166.73,464.5,32.46,228.36
973469060754bb61d9e79cdeb5319a7a,ms_evals/MS20/mse20-complete-unweighted/security-witness/RSN_Security_Min_Witness-Direct-MBIST_100cores_100controllers_5memories_na-D6.wcnf.gz,101.68,439.09,76.1,113.19,96.76,542.23,3600.0,1243.82,3600.0,369.44,194.15,564.67,3600.0,61.98,511.85
9b2b845ca77695c341426dfe49cab032,ms_evals/MS20/mse20-complete-unweighted/security-witness/RSN_Security_Min_Witness-Direct-MBIST_5cores_100controllers_100memories_na-DA.wcnf.gz,31.79,44.53,39.36,59.36,52.12,74.49,838.47,277.7,457.8,88.64,61.77,169.13,470.37,31.83,228.82
93394b80f41b19f33c25f10d804088a0,ms_evals/MS20/mse20-complete-unweighted/security-witness/RSN_Security_Min_Witness-Direct-FlexScan-D3.wcnf.gz,41.25,44.44,6.88,7.16,6.6,3.31,3600.0,3600.0,1.81,2.62,3.39,3.91,1.8,6.27,3600.0
2b0d1b62032626f7cca87de227f90b4a,ms_evals/MS20/mse20-complete-unweighted/security-witness/RSN_Security_Min_Witness-Direct-MBIST_5cores_100controllers_100memories_na-D8.wcnf.gz,31.86,44.42,38.96,59.27,52.26,74.15,843.69,280.09,468.02,89.06,61.69,167.12,472.9,31.87,228.95
5e0c6f28253068dad4cef3279606b503,ms_evals/MS20/mse20-complete-unweighted/security-witness/RSN_Security_Min_Witness-Direct-FlexScan-DC.wcnf.gz,42.17,42.71,6.7,7.2,6.46,3.31,3600.0,3600.0,1.82,2.67,3.38,3.94,1.81,6.35,3600.0
663c40c328a083015f3a4243da5d879b,ms_evals/MS20/mse20-complete-unweighted/security-witness/RSN_Security_Min_Witness-Direct-FlexScan-D2.wcnf.gz,40.46,37.84,6.8,7.29,6.68,3.3,3600.0,3600.0,1.81,2.65,3.73,3.94,1.8,6.31,3600.0
529807e6399874a50dca01546f0684d3,ms_evals/MS20/mse20-complete-unweighted/security-witness/RSN_Security_Min_Witness-Direct-p93791-D7.wcnf.gz,0.18,0.09,0.3,0.32,0.28,0.26,0.15,1.64,0.16,0.23,0.24,0.33,0.17,0.28,1.64
b165d0c6a27d596bc3a2b4b56b63df6d,ms_evals/MS20/mse20-complete-unweighted/security-witness/RSN_Security_Min_Witness-Direct-MBIST_100cores_100controllers_5memories_na-D7.wcnf.gz,111.5,228.47,129.26,174.74,161.3,553.83,3600.0,1199.09,3567.93,429.35,228.49,609.32,3600.0,113.49,539.05
d54efbaf37e7a1d34e00816499faf170,ms_evals/MS20/mse20-complete-unweighted/security-witness/RSN_Security_Min_Witness-Direct-MBIST_100cores_100controllers_5memories_na-D5.wcnf.gz,93.54,227.02,131.7,165.99,153.25,555.83,3600.0,1248.53,3157.72,289.77,230.19,521.13,3146.52,117.81,588.87
a8ffdfc136777797773289ccc972fffd,ms_evals/MS20/mse20-complete-unweighted/security-witness/RSN_Security_Min_Witness-Direct-MBIST_5cores_100controllers_100memories_na-D2.wcnf.gz,31.82,44.34,39.06,59.58,52.25,74.24,843.32,278.12,455.86,88.4,61.97,167.89,474.9,32.25,228.82
ccbdeb6a662e1ee79b79b537d0b6f12a,ms_evals/MS20/mse20-complete-unweighted/security-witness/RSN_Security_Min_Witness-Direct-MBIST_5cores_100controllers_100memories_na-DB.wcnf.gz,31.89,44.26,38.34,59.46,52.11,74.17,837.43,279.07,475.72,87.84,62.19,166.3,459.9,32.35,230.1
3a59dd4a32f029fae79584d821a1648f,ms_evals/MS20/mse20-complete-unweighted/security-witness/RSN_Security_Min_Witness-Direct-MBIST_100cores_100controllers_5memories_na-D4.wcnf.gz,121.37,220.37,129.97,168.33,156.49,552.83,3600.0,1241.33,3600.0,301.57,227.95,508.17,3600.0,114.02,609.53
6f70c8bd221bb78c8dd17d1823af8c28,ms_evals/MS20/mse20-complete-unweighted/security-witness/RSN_Security_Min_Witness-Direct-MBIST_5cores_100controllers_100memories_na-D3.wcnf.gz,31.81,44.29,38.97,59.32,52.16,74.2,830.01,278.24,470.54,88.84,61.75,166.63,470.56,32.02,230.12
26c662a976f69acb8eebfa4e35210f0c,ms_evals/MS20/mse20-complete-unweighted/security-witness/RSN_Security_Min_Witness-Direct-FlexScan-D8.wcnf.gz,0.69,43.38,6.92,6.95,6.25,3.28,3600.0,14.15,1.8,2.6,3.38,3.67,1.8,6.29,14.19
ce2b2b3164fe3ee13bc18b57b4f943fc,ms_evals/MS20/mse20-complete-unweighted/security-witness/RSN_Security_Min_Witness-Direct-MBIST_5cores_100controllers_100memories_na-DC.wcnf.gz,43.27,77.89,55.22,75.68,69.87,79.51,567.18,257.27,416.56,99.26,79.05,187.14,430.8,49.29,286.93
aa515687f5c446bc1b5a697d77fd96f9,ms_evals/MS20/mse20-complete-unweighted/security-witness/RSN_Security_Min_Witness-Direct-FlexScan-D1.wcnf.gz,0.69,1.42,6.68,7.02,6.23,3.31,3600.0,14.55,1.82,2.75,3.42,4.02,1.82,6.16,14.35
c195b7b7749883ee250c5215ad8bab09,ms_evals/MS20/mse20-complete-unweighted/security-witness/RSN_Security_Min_Witness-Direct-FlexScan-DD.wcnf.gz,0.69,1.41,6.7,6.86,6.12,3.27,3600.0,14.24,1.85,2.57,3.38,3.92,1.81,6.32,14.15
b41e8556cbd861f62dda55819b3c598e,ms_evals/MS20/mse20-complete-unweighted/security-witness/RSN_Security_Min_Witness-Direct-MBIST_5cores_100controllers_100memories_na-DF.wcnf.gz,31.75,44.48,38.31,59.31,52.25,74.15,843.13,279.03,457.62,88.35,62.02,166.21,474.12,32.63,230.52
7391f9af6d9fad81c677fc20713ce20a,ms_evals/MS20/mse20-complete-unweighted/security-witness/RSN_Security_Min_Witness-Direct-MBIST_100cores_100controllers_5memories_na-DA.wcnf.gz,18.97,105.13,18.63,25.79,22.34,41.98,978.71,189.98,39.3,104.97,33.61,157.98,39.15,15.57,189.94
a533676cd291d7f80af997bba1d531fe,ms_evals/MS20/mse20-complete-unweighted/security-witness/RSN_Security_Min_Witness-Direct-MBIST_5cores_100controllers_100memories_na-D6.wcnf.gz,31.74,44.8,38.77,59.29,52.36,73.95,842.75,279.34,475.23,88.41,61.74,165.96,472.21,31.98,230.84
693eb4339951bbbb8f41db7940cb40e1,ms_evals/MS20/mse20-complete-unweighted/security-witness/RSN_Security_Min_Witness-Direct-FlexScan-D5.wcnf.gz,42.31,42.6,6.72,7.11,6.31,3.3,3600.0,3600.0,1.79,2.62,3.43,3.92,1.8,6.29,3600.0
870098277ebf3673e1b26f44b6a40979,ms_evals/MS20/mse20-complete-unweighted/security-witness/RSN_Security_Min_Witness-Direct-MBIST_100cores_100controllers_5memories_na-D9.wcnf.gz,107.34,229.62,128.96,171.05,157.88,554.22,3600.0,1168.43,3600.0,264.12,228.39,461.59,3600.0,114.29,533.4
3dd688ab40bb0ebfbd1f211259479d38,ms_evals/MS20/mse20-complete-unweighted/security-witness/RSN_Security_Min_Witness-Direct-MBIST_5cores_100controllers_100memories_na-DE.wcnf.gz,31.87,44.27,38.98,59.57,52.23,74.17,841.78,277.58,476.08,88.71,61.99,166.71,474.57,31.98,230.58
33c1ed923a7ae58789a6fb75e1f0f72e,ms_evals/MS20/mse20-complete-unweighted/security-witness/RSN_Security_Min_Witness-Direct-MBIST_5cores_100controllers_100memories_na-D5.wcnf.gz,31.8,44.34,39.11,59.23,52.05,74.36,839.68,276.14,453.65,88.47,62.24,168.48,473.33,32.49,228.16
5e098fb597b2da8d7e29edd163e9ec82,ms_evals/MS20/mse20-complete-unweighted/security-witness/RSN_Security_Min_Witness-Direct-MBIST_100cores_100controllers_5memories_na-D2.wcnf.gz,111.66,227.43,129.98,172.91,161.0,555.15,3600.0,1190.82,3271.65,409.31,227.96,636.14,3022.15,115.49,541.04
16a85b4b74225dcf184936297cdc9810,ms_evals/MS20/mse20-complete-unweighted/security-witness/RSN_Security_Min_Witness-Direct-FlexScan-D7.wcnf.gz,0.75,1.41,6.43,6.67,6.18,3.28,3600.0,14.25,1.8,2.61,3.37,3.93,1.79,6.1,14.22
64b1c2978f2cff82e40793981245552d,ms_evals/MS20/mse20-complete-unweighted/security-witness/RSN_Security_Min_Witness-Direct-FlexScan-D6.wcnf.gz,0.68,1.41,6.5,6.85,6.26,3.33,3600.0,14.12,1.86,2.64,3.37,3.91,1.8,6.14,14.26
142bdf8e45fb46be60312d0484c7bc45,ms_evals/MS20/mse20-complete-unweighted/security-witness/RSN_Security_Min_Witness-Direct-MBIST_100cores_100controllers_5memories_na-DC.wcnf.gz,110.84,223.59,119.34,159.36,146.35,553.15,3600.0,1243.39,3600.0,375.07,227.72,470.96,3600.0,107.21,629.38
5c3b953e3f5a180443a1b82d9e348c12,ms_evals/MS20/mse20-complete-unweighted/security-witness/RSN_Security_Min_Witness-Direct-MBIST_55cores_20controllers_5memories_na-DC.wcnf.gz,11.75,2.98,1.77,2.27,1.88,4.05,16.74,19.39,4.01,6.94,3.37,10.47,3.98,1.44,19.21
97ca8c4eed0b80c2478cd02a4a42cdb4,ms_evals/MS20/mse20-complete-unweighted/kbtree/kbtree9_7_3_5_50_5.wcsp.wcnf.gz,3600.0,3600.0,2980.4,2694.55,2686.2,3600.0,3600.0,3600.0,3600.0,3600.0,50.74,3600.0,3600.0,2985.48,3600.0
9e35d5b779627746e334d63232909238,ms_evals/MS20/mse20-complete-unweighted/kbtree/kbtree9_7_3_5_80_6.wcsp.wcnf.gz,3600.0,3600.0,3600.0,3600.0,3600.0,3600.0,3600.0,3600.0,3600.0,3600.0,40.24,3600.0,3600.0,3600.0,3600.0
494199eb9d6eec81e80952e7360a4b55,ms_evals/MS20/mse20-complete-unweighted/kbtree/kbtree9_7_3_5_50_4.wcsp.wcnf.gz,3600.0,3600.0,3600.0,3600.0,3600.0,3600.0,3600.0,3600.0,3600.0,3600.0,609.95,3600.0,3600.0,3600.0,3600.0
54142a16fe1ed00927d1e8528c1049cc,ms_evals/MS20/mse20-complete-unweighted/kbtree/kbtree9_7_3_5_20_2.wcsp.wcnf.gz,2.79,0.12,0.14,0.24,0.24,0.59,0.26,1.6,0.15,0.04,1.66,0.32,0.11,0.13,0.19
cadde1b7162878d32b998dc6b29adb02,ms_evals/MS20/mse20-complete-unweighted/kbtree/kbtree9_7_3_5_40_5.wcsp.wcnf.gz,1646.85,3600.0,311.45,609.23,623.49,2060.67,3600.0,3600.0,3600.0,3600.0,29.98,3008.37,3600.0,324.55,3600.0
42152a18a07cf7e82701b5314a11f7a4,ms_evals/MS20/mse20-complete-unweighted/kbtree/kbtree9_7_3_5_90_1.wcsp.wcnf.gz,534.65,3600.0,190.26,324.45,318.88,449.3,3600.0,3600.0,3600.0,3600.0,16.36,3600.0,3600.0,190.44,3600.0
d218c3cf5832959d48fcbdebdeb6cccc,ms_evals/MS20/mse20-complete-unweighted/kbtree/kbtree9_7_3_5_30_6.wcsp.wcnf.gz,479.18,200.09,10.22,22.02,21.88,37.45,99.41,29.14,3600.0,38.49,36.24,78.31,182.49,9.98,29.89
2968b30b751637e7e6c53e84df890dfd,ms_evals/MS20/mse20-complete-unweighted/kbtree/kbtree9_7_3_5_60_2.wcsp.wcnf.gz,3600.0,3600.0,3600.0,3600.0,3600.0,3600.0,3600.0,3600.0,3600.0,3600.0,47.68,3600.0,3600.0,3600.0,3600.0
57d498acfa4510e1138a84e2a1bf289a,ms_evals/MS20/mse20-complete-unweighted/kbtree/kbtree9_7_3_5_70_5.wcsp.wcnf.gz,3600.0,3600.0,3600.0,3600.0,3600.0,3600.0,3600.0,3600.0,3600.0,3600.0,47.88,3600.0,3600.0,3600.0,3600.0
9d5767f98957e9e9996b3e0c9a7c6a34,ms_evals/MS20/mse20-complete-unweighted/kbtree/kbtree9_7_3_5_80_3.wcsp.wcnf.gz,3600.0,3600.0,3600.0,3600.0,3600.0,3600.0,3600.0,3600.0,3600.0,3600.0,32.24,3600.0,3600.0,3600.0,3600.0
3ef3998029aff1e1ee4bff17656dfd36,ms_evals/MS20/mse20-complete-unweighted/aes-key-recovery/AES1-70-23.wcnf.gz,22.83,3600.0,68.06,130.19,130.91,9.5,3600.0,16.99,3.15,1175.99,219.0,747.66,9.48,67.04,13.91
8f01f11c5a9f87a784033dc4fb479a31,ms_evals/MS20/mse20-complete-unweighted/aes-key-recovery/AES2-74-71.wcnf.gz,179.7,3600.0,940.82,880.19,913.75,140.93,3600.0,132.77,127.45,3600.0,3600.0,3600.0,430.69,1005.55,573.99
5333304b48c39da9d587d59231fea751,ms_evals/MS20/mse20-complete-unweighted/aes-key-recovery/AES1-70-22.wcnf.gz,9.3,3600.0,36.8,36.98,37.04,1.93,3600.0,7.77,1.99,3.67,80.0,21.65,2.21,37.21,6.03
e41d272c172b70be08c020989037a2c9,ms_evals/MS20/mse20-complete-unweighted/aes-key-recovery/AES1-40-6.wcnf.gz,1.03,0.21,28.42,32.15,32.26,1.35,3600.0,6.25,1.25,0.54,3.1,0.69,1.24,28.42,6.06
9a33616e2eec7e43ea67ec3664b1f733,ms_evals/MS20/mse20-complete-unweighted/aes-key-recovery/AES1-30-1.wcnf.gz,0.36,0.2,18.01,18.19,18.13,1.36,119.15,5.89,0.95,0.53,2.8,0.67,0.95,18.11,5.75
33c39552739bae96138e4aea50657d20,ms_evals/MS20/mse20-complete-unweighted/aes-key-recovery/AES1-76-39.wcnf.gz,11.59,3600.0,40.55,57.57,57.84,13.13,3600.0,14.32,10.8,8.5,19.72,196.74,10.75,40.85,17.9
c0907811033b79e25c0f5abf537da1ab,ms_evals/MS20/mse20-complete-unweighted/aes-key-recovery/AES2-50-53.wcnf.gz,0.6,3600.0,28.02,30.94,30.74,1.57,3600.0,6.41,1.34,0.89,3.75,4.67,1.34,28.11,5.83
00ce6bb538811d3ef134b8f0099636b1,ms_evals/MS20/mse20-complete-unweighted/aes-key-recovery/AES1-74-33.wcnf.gz,127.09,3600.0,91.62,93.66,94.62,20.68,3600.0,13.43,23.02,303.79,169.03,902.77,23.8,89.35,19.52
8501cffa27275f5110ab7b0b1b181e48,ms_evals/MS20/mse20-complete-unweighted/aes-key-recovery/AES1-70-25.wcnf.gz,409.56,3600.0,22.68,29.44,29.25,2.74,3600.0,9.22,6.87,4.71,70.41,81.82,7.25,22.63,7.56
00c3559566a8f6bd343915a595e00ba7,ms_evals/MS20/mse20-complete-unweighted/aes-key-recovery/AES1-76-38.wcnf.gz,323.7,3600.0,1788.03,817.22,1042.57,545.48,3600.0,1389.91,3600.0,3600.0,2490.49,3600.0,3600.0,1777.53,1484.66
181c2c4efeae4e8fc51d429163a8f4b5,ms_evals/MS20/mse20-complete-unweighted/aes-key-recovery/AES2-60-59.wcnf.gz,0.45,3600.0,36.26,49.59,49.31,1.37,3600.0,5.88,0.97,1.23,2.87,2.95,0.97,36.5,5.9
94e1011945273040c0a9088f9937acd4,ms_evals/MS20/mse20-complete-unweighted/aes-key-recovery/AES2-50-52.wcnf.gz,2.69,3600.0,23.4,28.76,28.97,1.67,3600.0,7.76,1.73,0.98,8.6,4.96,1.73,23.5,6.12
a1010aa0d1ebe6d754e946243dbb6574,ms_evals/MS20/mse20-complete-unweighted/aes-key-recovery/AES1-60-17.wcnf.gz,1.96,3600.0,23.7,34.64,34.59,1.47,3600.0,6.08,1.29,2.26,4.8,4.14,1.29,23.44,5.82
7a672a3c36e3ec340122f2fb8181cdc8,ms_evals/MS20/mse20-complete-unweighted/aes-key-recovery/AES1-30-2.wcnf.gz,0.34,0.2,23.26,25.56,25.49,1.37,758.95,5.82,0.95,0.53,3.04,0.66,0.95,23.26,5.77
502c729562a2b6d9bae4adff52707a0e,ms_evals/MS20/mse20-complete-unweighted/aes-key-recovery/AES2-70-62.wcnf.gz,66.25,3600.0,2155.25,3600.0,3600.0,9.16,3600.0,1866.4,17.9,3600.0,3381.48,3600.0,87.03,2131.85,810.29
4160acbbfac8f4149116ffa21dfb5f3f,ms_evals/MS20/mse20-complete-unweighted/aes-key-recovery/AES2-72-69.wcnf.gz,38.94,3600.0,198.89,480.24,476.72,8.31,3600.0,26.95,5.51,3600.0,272.83,3600.0,14.91,195.64,23.82
654c5ce8821316d376bae6fe2d8107e2,ms_evals/MS20/mse20-complete-unweighted/aes-key-recovery/AES2-70-63.wcnf.gz,8.22,3600.0,229.08,287.19,290.62,20.88,3600.0,9.38,2.52,102.68,243.23,396.69,4.38,230.51,9.33
c4a046c2adfc6975ad2f9fd2216382a3,ms_evals/MS20/mse20-complete-unweighted/aes-key-recovery/AES1-30-3.wcnf.gz,0.61,3600.0,26.05,33.63,33.89,1.37,2860.05,8.11,1.28,1.05,4.46,2.79,1.26,26.0,5.69
eabe12aa6407f6d6aa9dc4741f3cd065,ms_evals/MS20/mse20-complete-unweighted/aes-key-recovery/AES2-72-70.wcnf.gz,15.76,3600.0,43.39,178.33,177.04,2.42,3600.0,15.81,5.33,177.66,44.81,432.88,4.83,43.85,7.11
1104f1f5c12f9257ad172cb9404784b5,ms_evals/MS20/mse20-complete-unweighted/set-covering/scpclr10_maxsat.wcnf.gz,3600.0,3600.0,3600.0,3600.0,3600.0,3600.0,3600.0,3600.0,3600.0,3600.0,25.63,3600.0,3600.0,3600.0,3600.0
d7d17d11822d92e4b551eba2f2db3c5e,ms_evals/MS20/mse20-complete-unweighted/set-covering/scpclr13_maxsat.wcnf.gz,3600.0,3600.0,3600.0,3600.0,3600.0,3600.0,3600.0,3600.0,3600.0,3600.0,3600.0,3600.0,3600.0,3600.0,3600.0
0627f9b443abb22084ccc217288d2a2d,ms_evals/MS20/mse20-complete-unweighted/set-covering/scpclr12_maxsat.wcnf.gz,3600.0,3600.0,3600.0,3600.0,3600.0,3600.0,3600.0,3600.0,3600.0,3600.0,3600.0,3600.0,3600.0,3600.0,3600.0
119c43b96680bbca8eed5a3091409409,ms_evals/MS20/mse20-complete-unweighted/set-covering/scpcyc06_maxsat.wcnf.gz,3600.0,3600.0,3600.0,3600.0,3600.0,3600.0,3600.0,3600.0,3600.0,3600.0,3600.0,3600.0,3600.0,3600.0,3600.0
a9002a5e46e51a718eccb9d0c2550be1,ms_evals/MS20/mse20-complete-unweighted/set-covering/scpcyc09_maxsat.wcnf.gz,3600.0,3600.0,3600.0,3600.0,3600.0,3600.0,3600.0,3600.0,3600.0,3600.0,3600.0,3600.0,3600.0,3600.0,3600.0
d0c2465e3897612a9901a9f0ca419be2,ms_evals/MS20/mse20-complete-unweighted/set-covering/scpcyc08_maxsat.wcnf.gz,3600.0,3600.0,3600.0,3600.0,3600.0,3600.0,3600.0,3600.0,3600.0,3600.0,3600.0,3600.0,3600.0,3600.0,3600.0
79878f1b11b4d9d86e74097976eb58a7,ms_evals/MS20/mse20-complete-unweighted/set-covering/scpcyc07_maxsat.wcnf.gz,3600.0,3600.0,3600.0,3600.0,3600.0,3600.0,3600.0,3600.0,3600.0,3600.0,3600.0,3600.0,3600.0,3600.0,3600.0
e5e3279c2343263688a6860559b2ed1b,ms_evals/MS20/mse20-complete-unweighted/set-covering/scpcyc10_maxsat.wcnf.gz,3600.0,3600.0,3600.0,3600.0,3600.0,3600.0,3600.0,3600.0,3600.0,3600.0,3600.0,3600.0,3600.0,3600.0,3600.0
3308b0decfa3f7f673a2cf1d461edd8d,ms_evals/MS20/mse20-complete-unweighted/set-covering/scpcyc11_maxsat.wcnf.gz,3600.0,3600.0,3600.0,3600.0,3600.0,3600.0,3600.0,3600.0,3600.0,3600.0,3600.0,3600.0,3600.0,3600.0,3600.0
abf00435e1b542c70ec484c8e07f38b9,ms_evals/MS20/mse20-complete-unweighted/atcoss/atcoss_mesat_06.wcnf.gz,428.4,348.63,382.34,382.0,377.96,58.91,360.68,371.22,81.26,3600.0,100.61,3600.0,82.17,389.25,370.4
5db68d4bb664c51448adc2b3ac941d03,ms_evals/MS20/mse20-complete-unweighted/atcoss/atcoss_sugar_03.wcnf.gz,3600.0,3600.0,3600.0,3600.0,3600.0,3600.0,3600.0,3600.0,3600.0,3600.0,3600.0,3600.0,3600.0,3600.0,3600.0
71fbee14288909ebe90249f5c7baadf4,ms_evals/MS20/mse20-complete-unweighted/atcoss/atcoss_sugar_12.wcnf.gz,26.31,33.28,59.23,156.2,156.53,21.6,33.88,51.62,18.59,592.34,49.52,481.13,18.05,58.2,51.83
869a8f2ff3bfc09e1c54469875e20433,ms_evals/MS20/mse20-complete-unweighted/atcoss/atcoss_sugar_19.wcnf.gz,3158.94,3600.0,2323.41,143.34,142.51,105.01,1629.66,999.93,164.0,943.44,87.63,658.3,153.36,2335.0,1000.42
2b9e5ca776512c86bde9b11e6504d375,ms_evals/MS20/mse20-complete-unweighted/atcoss/atcoss_mesat_05.wcnf.gz,3600.0,3600.0,3600.0,3600.0,3600.0,3600.0,3600.0,3600.0,3600.0,3600.0,2950.73,3600.0,3600.0,3600.0,3600.0
404aaf65b238773b8ffe286514b6d735,ms_evals/MS20/mse20-complete-unweighted/atcoss/atcoss_sugar_18.wcnf.gz,3600.0,3600.0,3600.0,3600.0,3600.0,3600.0,3600.0,3600.0,3600.0,3600.0,3600.0,3600.0,3600.0,3600.0,3600.0
ce00105b53b32170f51a06b07489a7b7,ms_evals/MS20/mse20-complete-unweighted/atcoss/atcoss_sugar_11.wcnf.gz,14.41,10.25,28.84,25.96,26.01,2.84,10.39,16.09,2.81,25.73,3.68,40.49,2.78,28.68,16.1
61a38599aaf2dd2fd403efc8388716ac,ms_evals/MS20/mse20-complete-unweighted/atcoss/atcoss_mesat_18.wcnf.gz,3600.0,3600.0,3600.0,3600.0,3600.0,3600.0,3600.0,3600.0,3600.0,3600.0,3600.0,3600.0,3600.0,3600.0,3600.0
e4788e4c1f7d8904542ecaaf32708afa,ms_evals/MS20/mse20-complete-unweighted/atcoss/atcoss_mesat_01.wcnf.gz,157.89,82.35,195.02,256.4,278.28,46.37,71.97,199.4,45.44,2289.87,44.91,3600.0,44.8,184.87,198.83
f6c94e15ab52ec13b4a3ff64a095fac2,ms_evals/MS20/mse20-complete-unweighted/atcoss/atcoss_mesat_02.wcnf.gz,3600.0,3600.0,3600.0,3600.0,3600.0,3600.0,3600.0,3600.0,3600.0,3600.0,3600.0,3600.0,3600.0,3600.0,3600.0
3badf89edded5c4f9e133d985aef421c,ms_evals/MS20/mse20-complete-unweighted/atcoss/atcoss_mesat_12.wcnf.gz,45.85,83.62,62.72,24.8,24.52,9.65,74.97,59.32,7.89,129.75,8.77,180.94,7.85,62.44,59.26
e5b7892c6aaf86ff6b57124423a6e86d,ms_evals/MS20/mse20-complete-unweighted/atcoss/atcoss_sugar_06.wcnf.gz,102.62,62.64,83.23,140.44,150.21,43.02,70.24,109.48,47.44,684.67,53.93,774.73,46.47,85.36,109.36
ce0c8e73080b230c99bcb093fbc68252,ms_evals/MS20/mse20-complete-unweighted/atcoss/atcoss_mesat_03.wcnf.gz,3600.0,3600.0,3600.0,3600.0,3600.0,3600.0,3600.0,3600.0,3600.0,3600.0,3600.0,3600.0,3600.0,3600.0,3600.0
9db6427cdafcca5d9912887ea53b4d20,ms_evals/MS20/mse20-complete-unweighted/scheduling/cnf_12.wcnf.gz,3600.0,3600.0,3600.0,3600.0,3600.0,3600.0,3600.0,3600.0,3600.0,3600.0,3600.0,3600.0,3600.0,3600.0,3600.0
9376a42623f31dc8ca8b2a1cd5ce93a5,ms_evals/MS20/mse20-complete-unweighted/scheduling/cnf_10_center.wcnf.gz,684.12,3316.68,3600.0,2765.78,2762.19,582.88,1972.61,3600.0,1348.1,3600.0,1184.05,3600.0,206.77,3600.0,3600.0
1138c3481b5bea8d51cb8c29e9d9e271,ms_evals/MS20/mse20-complete-unweighted/scheduling/cnf_small.wcnf.gz,3600.0,3600.0,3600.0,3600.0,3600.0,3600.0,3600.0,3600.0,3600.0,3600.0,3600.0,3600.0,3600.0,3600.0,3600.0
f9ee2d20614281972550c70dfd7e0ee5,ms_evals/MS20/mse20-complete-unweighted/scheduling/cnf_10.wcnf.gz,3600.0,3600.0,3600.0,3600.0,3600.0,3600.0,3600.0,3600.0,3600.0,3600.0,3600.0,3600.0,3600.0,3600.0,3600.0
fe1d9e084f92c4d27c44c02a4b456f3d,ms_evals/MS20/mse20-complete-unweighted/scheduling/cnf_12_center.wcnf.gz,371.47,304.75,266.66,319.43,308.93,39.64,267.49,364.24,149.17,3600.0,345.9,3600.0,47.92,256.42,170.26
a3b1a9891bb5a8a138009bc80c20cc10,ms_evals/MS20/mse20-complete-unweighted/gen-hyper-tw/GenHyperTW_flat30-99.wcnf.gz,3600.0,3600.0,3600.0,3600.0,3600.0,3600.0,3600.0,3600.0,3600.0,3600.0,3600.0,3600.0,3600.0,3600.0,3600.0
687e578b2230418bf9f08aad3844daf7,ms_evals/MS20/mse20-complete-unweighted/gen-hyper-tw/GenHyperTW_dubois29.wcnf.gz,3600.0,3600.0,3600.0,372.41,365.92,1404.58,3600.0,3600.0,3600.0,3600.0,3600.0,793.47,3600.0,3600.0,3600.0
a8e89821de3ff0a2f3177242f96f4edf,ms_evals/MS20/mse20-complete-unweighted/gen-hyper-tw/GenHyperTW_dubois30.wcnf.gz,3600.0,3600.0,3600.0,784.76,758.58,3600.0,3600.0,3600.0,3600.0,3600.0,3600.0,2258.61,3600.0,3600.0,3600.0
21051e7621a92c82a6fc19919970b21d,ms_evals/MS20/mse20-complete-unweighted/gen-hyper-tw/GenHyperTW_dubois20.wcnf.gz,2084.92,3600.0,2979.33,229.78,235.53,579.66,3600.0,2795.15,2187.45,3600.0,345.21,533.88,2175.78,3000.81,2810.43
d1f3a23f4970d51757f6733ed734b363,ms_evals/MS20/mse20-complete-unweighted/gen-hyper-tw/GenHyperTW_hole9.wcnf.gz,3600.0,3600.0,3600.0,3600.0,3600.0,3600.0,3600.0,3600.0,3600.0,3600.0,3600.0,3600.0,3600.0,3600.0,3600.0
5093a81d2334431b437a9b36b836d799,ms_evals/MS20/mse20-complete-unweighted/gen-hyper-tw/GenHyperTW_aim-50-2_0-yes1-3.wcnf.gz,3600.0,3600.0,3600.0,3600.0,3600.0,3600.0,3600.0,3600.0,3600.0,3600.0,3600.0,3600.0,3600.0,3600.0,3600.0
15255247c63aa075e943149364039475,ms_evals/MS20/mse20-complete-unweighted/gen-hyper-tw/GenHyperTW_dubois27.wcnf.gz,3600.0,3600.0,3600.0,409.89,393.04,2595.36,3600.0,3600.0,3600.0,3600.0,2344.54,3438.14,3600.0,3600.0,3600.0
1af983a908023ceff8dbd47d4ddda175,ms_evals/MS20/mse20-complete-unweighted/gen-hyper-tw/GenHyperTW_par8-4-c.wcnf.gz,3600.0,3600.0,3600.0,3600.0,3600.0,3600.0,3600.0,3600.0,3600.0,3600.0,3600.0,3600.0,3600.0,3600.0,3600.0
6a6767e86bda3769c0ffb9e187d4042e,ms_evals/MS20/mse20-complete-unweighted/gen-hyper-tw/GenHyperTW_s27.wcnf.gz,0.03,0.03,0.17,0.17,0.17,0.04,0.02,0.26,0.03,0.05,0.08,0.05,0.03,0.17,0.26
587348b8c625bf2557bea0b69d6d316d,ms_evals/MS20/mse20-complete-unweighted/gen-hyper-tw/GenHyperTW_b06.wcnf.gz,118.52,80.45,243.52,231.21,230.69,264.13,157.72,136.95,315.68,3600.0,175.29,1752.2,313.67,231.11,209.85
3e7e1ef43fd8761639e47e6d304b5671,ms_evals/MS20/mse20-complete-unweighted/gen-hyper-tw/GenHyperTW_dubois24.wcnf.gz,3021.55,3600.0,3600.0,176.79,137.83,331.08,3600.0,3600.0,2147.09,3600.0,841.06,540.02,2183.97,3600.0,3600.0
38a78b87e53c46614f478b00dd29f205,ms_evals/MS20/mse20-complete-unweighted/large-graph-commmunity/YOUTUBE.wcnf.gz,3600.0,3600.0,3600.0,3600.0,3600.0,3600.0,3600.0,3600.0,3600.0,3600.0,3600.0,3600.0,3600.0,3600.0,3600.0
55c6173815781ffbb5a668ae3d5d5ae2,ms_evals/MS20/mse20-complete-unweighted/large-graph-commmunity/AMAZON.wcnf.gz,3600.0,3600.0,3600.0,3600.0,3600.0,3600.0,3600.0,3600.0,3600.0,3600.0,3600.0,3600.0,3600.0,3600.0,3600.0
4e0a5c10a9e332e4205dc25a023c95db,ms_evals/MS20/mse20-complete-unweighted/large-graph-commmunity/KARATE.wcnf.gz,0.01,0.02,0.01,0.02,0.01,0.01,0.02,0.09,0.02,0.01,0.01,0.02,0.02,0.02,0.09
c11072a5d2c67cb65c5c3abade10277f,ms_evals/MS20/mse20-complete-unweighted/large-graph-commmunity/DBLP.wcnf.gz,3600.0,3600.0,3600.0,3600.0,3600.0,3600.0,3600.0,3600.0,3600.0,3600.0,3600.0,3600.0,3600.0,3600.0,3600.0
016cd39c0928228e82a7dadd4361a2c1,ms_evals/MS20/mse20-complete-unweighted/large-graph-commmunity/FOOTBALL.wcnf.gz,0.02,0.12,0.01,0.02,0.01,0.01,0.14,0.12,0.01,0.02,0.03,0.02,0.01,0.02,0.12
fee6900a4566e38644c69e893cbf6e19,ms_evals/MS20/mse20-complete-unweighted/large-graph-commmunity/POLITICSBOOK.wcnf.gz,0.01,0.03,0.01,0.01,0.01,0.01,0.03,0.11,0.02,0.02,0.03,0.01,0.01,0.01,0.11
496a61c713be78299da09914e7517ffc,ms_evals/MS20/mse20-complete-unweighted/large-graph-commmunity/RAILWAY.wcnf.gz,0.05,0.5,0.04,0.08,0.02,0.02,0.85,0.16,0.02,0.01,0.04,0.02,0.01,0.02,0.14
b31952a6c3d7ec299dbb1dce7ad52540,ms_evals/MS20/mse20-complete-unweighted/large-graph-commmunity/RISKMAP.wcnf.gz,0.01,0.01,0.02,0.02,0.01,0.01,0.01,0.1,0.02,0.01,0.02,0.01,0.01,0.02,0.09
e0afa1c41ca8a093d8d2c2ae2750f8a6,ms_evals/MS20/mse20-complete-unweighted/program_disambiguation/Q17_YESNO_2.wcnf.gz,6.0,4.21,6.06,6.33,5.82,14.3,2.3,30.47,5.22,24.3,16.12,43.57,5.22,5.59,33.71
6049371ab976ab6aebf9b851bfcad4fe,ms_evals/MS20/mse20-complete-unweighted/program_disambiguation/Q17_OPTIONS_1.wcnf.gz,3600.0,3600.0,3600.0,3600.0,3600.0,3600.0,3600.0,3600.0,3600.0,3600.0,3600.0,3600.0,3600.0,3600.0,3600.0
45423ad7c364593f25fd72ab4df3091d,ms_evals/MS20/mse20-complete-unweighted/program_disambiguation/Q41_YESNO_2.wcnf.gz,5.08,3.39,5.84,13.93,13.56,19.93,2.81,18.96,6.46,11.22,8.41,92.64,6.48,5.48,27.19
9b8c3dcc3f1595e32593458996eefe54,ms_evals/MS20/mse20-complete-unweighted/program_disambiguation/Q16_OPTIONS_1.wcnf.gz,1133.6,583.25,1079.16,2575.32,3160.75,277.92,611.33,1504.28,421.82,3600.0,3600.0,3600.0,352.44,1114.24,1702.56
0908e43360b13c70f8a7a224178cd30e,ms_evals/MS20/mse20-complete-unweighted/program_disambiguation/Q16_YESNO_1.wcnf.gz,703.68,359.23,483.63,1128.14,1049.04,208.77,320.03,905.63,255.69,1516.59,372.66,3600.0,268.91,485.07,754.82
90f2fb508c5d2eafd6c0fed4e101b4f3,ms_evals/MS20/mse20-complete-unweighted/program_disambiguation/Q11_OPTIONS_2.wcnf.gz,1.97,1.23,12.15,13.67,13.74,1.02,3600.0,4.09,0.84,4.2,1.44,19.31,0.84,12.51,4.08
ded5e15a28f001330197c88e67c5a346,ms_evals/MS20/mse20-complete-unweighted/program_disambiguation/Q47_YESNO_3.wcnf.gz,0.86,0.59,31.59,31.9,31.54,5.53,3600.0,9.69,1.84,14.03,4.42,7.2,1.85,31.44,9.31
74b98a46f557c47b09ed209a7b2ac239,ms_evals/MS20/mse20-complete-unweighted/program_disambiguation/Q42_OPTIONS_1.wcnf.gz,1379.33,1000.22,1045.97,2812.71,2619.7,350.54,976.4,1650.07,870.29,3600.0,1001.9,3600.0,738.37,1129.38,1203.1
76b2df64648eaa4cefb593f1bb401613,ms_evals/MS20/mse20-complete-unweighted/program_disambiguation/Q11_YESNO_3.wcnf.gz,1.44,2.09,11.28,15.33,15.01,0.91,2.4,3.61,0.82,4.55,1.3,40.69,0.82,11.47,3.65
ea303722a5ae6b9b9aeaa658f8729d77,ms_evals/MS20/mse20-complete-unweighted/program_disambiguation/Q14_OPTIONS_1.wcnf.gz,23.01,24.53,22.52,65.48,65.09,12.68,25.24,39.29,8.08,21.36,11.81,437.53,8.08,22.14,35.27
5e14219f5ec3e58cd4b962e324912b49,ms_evals/MS20/mse20-complete-unweighted/program_disambiguation/Q20_OPTIONS_1.wcnf.gz,196.94,140.18,179.36,260.07,254.1,80.28,172.65,238.49,281.06,317.08,94.8,2008.39,287.71,170.7,230.81
6e3c387323879f7ada3b5a5cdc5124c9,ms_evals/MS20/mse20-complete-unweighted/program_disambiguation/Q38_YESNO_2.wcnf.gz,4.44,6.53,2.05,5.03,4.51,35.03,3.39,28.13,5.68,19.61,14.26,38.69,5.67,1.69,24.1
c4c6a2b099aa155efa00b5aadf340d9a,ms_evals/MS20/mse20-complete-unweighted/program_disambiguation/Q27_YESNO_1.wcnf.gz,27.13,31.35,36.12,49.19,49.02,65.52,40.94,68.34,11.1,115.86,27.92,286.19,11.19,36.22,68.6
ae0dee32c8c3a48486e3511433d3d1f3,ms_evals/MS20/mse20-complete-unweighted/program_disambiguation/Q55_YESNO_1.wcnf.gz,3600.0,3600.0,3600.0,3600.0,3600.0,3461.95,3600.0,3600.0,3600.0,3600.0,3600.0,3600.0,3600.0,3600.0,3600.0
47700d60645a4edd26cb6950a5f86c76,ms_evals/MS20/mse20-complete-unweighted/program_disambiguation/Q53_YESNO_2.wcnf.gz,1.79,1.24,1.76,1.45,1.2,8.05,1.15,15.41,2.58,7.8,6.88,11.54,2.58,1.57,14.86
6b06b3022f3e3f8ec1ab7c220ed60ecc,ms_evals/MS20/mse20-complete-unweighted/program_disambiguation/Q14_YESNO_2.wcnf.gz,0.43,0.4,13.79,13.76,13.75,2.75,0.29,5.26,0.99,1.23,3.1,1.92,1.0,13.83,5.22
ae64e68ce9f39f2f41fece8e320c6bfe,ms_evals/MS20/mse20-complete-unweighted/program_disambiguation/Q42_YESNO_3.wcnf.gz,0.41,0.3,15.74,15.92,15.7,6.41,0.29,5.38,0.87,1.32,2.61,1.9,0.87,15.75,5.21
9f6bc4da16e9660e043411c9a7908d6c,ms_evals/MS20/mse20-complete-unweighted/program_disambiguation/Q15_YESNO_2.wcnf.gz,1.03,0.61,20.52,20.73,20.47,5.07,0.93,10.28,1.63,4.22,4.97,7.02,1.64,20.41,9.94
0b822c53e8dbbcfd14c1606815a074b3,ms_evals/MS20/mse20-complete-unweighted/program_disambiguation/Q45_YESNO_1.wcnf.gz,2468.34,1853.02,1502.78,1348.42,1835.53,231.54,2573.71,2826.2,2923.25,3600.0,1334.5,3600.0,2602.46,1299.29,2001.19
2eadf8ba8921c92180205fbd7e132b3b,ms_evals/MS20/mse20-complete-unweighted/ConsistentQueryAnswering/synthetic-18.wcnf.gz,0.58,4.65,1.49,9.73,0.14,0.22,27.93,25.6,0.6,216.72,0.14,448.11,0.6,0.13,25.52
9ff8821a6b71a89c9dfcfbfd484a367f,ms_evals/MS20/mse20-complete-unweighted/ConsistentQueryAnswering/synthetic-8.wcnf.gz,0.02,0.71,0.41,2.7,0.06,0.08,7.17,11.9,0.26,32.23,0.05,61.78,0.26,0.05,11.97
cd74633af680cb5fa5fb78e863eef940,ms_evals/MS20/mse20-complete-unweighted/ConsistentQueryAnswering/synthetic-10.wcnf.gz,0.05,3.21,1.45,8.43,0.11,0.18,19.02,44.69,0.93,221.88,0.1,338.8,0.92,0.1,47.22
9d50fe65b46c2d1c417118f4b991fb04,ms_evals/MS20/mse20-complete-unweighted/ConsistentQueryAnswering/synthetic-19.wcnf.gz,0.07,3.25,1.45,8.44,0.11,0.18,21.65,47.02,0.93,222.9,0.11,333.76,0.92,0.1,45.3
7e9395af427405f81a7c0ef5639e541c,ms_evals/MS20/mse20-complete-unweighted/ConsistentQueryAnswering/synthetic-12.wcnf.gz,0.07,5.13,2.18,14.24,0.16,0.34,31.73,66.73,1.4,370.58,0.16,563.95,1.37,0.15,67.6
b31c7bc7b5e83fd313f3797cfd1a151a,ms_evals/MS20/mse20-complete-unweighted/ConsistentQueryAnswering/real-2.wcnf.gz,0.51,0.42,4.81,6.64,4.71,2.38,0.45,10.92,1.13,43.96,1.3,98.12,1.13,4.6,11.0
aa223f483437775e76037c5ae8ea5af6,ms_evals/MS20/mse20-complete-unweighted/ConsistentQueryAnswering/synthetic-13.wcnf.gz,0.05,0.41,0.26,1.62,0.06,0.08,3.5,5.18,0.13,24.24,0.05,53.29,0.13,0.05,5.2
1fad82e371cb7d89ee67b9eb9cbf8c7d,ms_evals/MS20/mse20-complete-unweighted/ConsistentQueryAnswering/synthetic-7.wcnf.gz,0.01,0.14,0.11,0.59,0.03,0.04,1.38,2.23,0.06,6.58,0.03,11.62,0.06,0.03,2.22
14115238c37419b29356fe69d20862d1,ms_evals/MS20/mse20-complete-unweighted/ConsistentQueryAnswering/synthetic-20.wcnf.gz,0.23,1.19,0.39,2.25,0.33,0.08,9.93,3.62,0.1,36.73,0.07,104.67,0.1,0.28,3.63
dba11bb3597ee679a0eb1d04cd942f80,ms_evals/MS20/mse20-complete-unweighted/ConsistentQueryAnswering/synthetic-6.wcnf.gz,0.01,0.13,0.1,0.55,0.03,0.04,1.14,2.17,0.06,6.08,0.03,10.93,0.06,0.03,2.18
3f120c73c60852006995dc7d021a1b8c,ms_evals/MS20/mse20-complete-unweighted/ConsistentQueryAnswering/synthetic-21.wcnf.gz,2.25,12.58,3.3,22.68,2.89,0.31,101.61,41.65,1.1,498.78,0.25,1241.3,1.11,2.34,41.84
6eb5722f8bf9cf7d7280026d6c8e9f90,ms_evals/MS20/mse20-complete-unweighted/ConsistentQueryAnswering/real-5.wcnf.gz,0.72,111.79,11.6,183.81,9.56,3.25,84.7,244.85,6.41,3600.0,1.65,3600.0,6.42,9.53,241.86
4c0152d76e64e1e0184e498d5b8df68f,ms_evals/MS20/mse20-complete-unweighted/ConsistentQueryAnswering/synthetic-5.wcnf.gz,0.04,0.26,0.1,0.45,0.03,0.03,1.53,1.15,0.03,4.11,0.03,11.27,0.03,0.03,1.11
6bdbc55571802e3a02364a60bdc7d971,ms_evals/MS20/mse20-complete-unweighted/CircuitDebuggingProblems/ac97_ctrl-debug.dimacs.wcnf.gz,0.46,0.88,0.55,0.63,0.51,0.82,14.57,7.62,0.96,0.38,1.23,0.51,0.96,0.46,6.88
977426615db2515498ea0aaeb325145f,ms_evals/MS20/mse20-complete-unweighted/CircuitDebuggingProblems/mrisc-debug.dimacs.wcnf.gz,8.94,15.15,4.17,4.92,4.12,13.05,433.59,64.26,24.08,3.11,23.58,4.16,24.11,3.54,63.99
60920f79c25b57c6b6ab3a3228c49891,ms_evals/MS20/mse20-complete-unweighted/CircuitDebuggingProblems/spi-debug.dimacs.wcnf.gz,13.46,39.41,5.58,6.34,13.34,17.44,691.06,74.61,62.14,4.88,72.16,6.02,59.4,7.18,74.46
594cbb0670bfdebc4c8d745bf40354cc,ms_evals/MS20/mse20-complete-unweighted/CircuitDebuggingProblems/mem_ctrl-debug.dimacs.wcnf.gz,1.37,2.91,1.74,1.94,1.69,2.61,34.62,31.68,3.86,1.28,5.46,1.49,3.83,1.46,18.84
d2d10ef7ef30d53d66c487be214d0292,ms_evals/MS20/mse20-complete-unweighted/CircuitDebuggingProblems/sudoku-debug.dimacs.wcnf.gz,8.86,11.79,4.03,5.18,4.05,13.75,574.87,62.23,25.12,3.77,21.32,4.5,25.0,3.85,62.06
a2bc02ec50e92e85b7218f2afe7fd2b7,ms_evals/MS20/mse20-complete-unweighted/CircuitDebuggingProblems/rsdecoder-debug.dimacs.wcnf.gz,138.45,13.99,4.66,5.58,4.46,33.14,3600.0,85.31,34.11,3.51,28.58,4.78,34.08,3.75,85.33
ef52f4457dbea616f3876b43a9351026,ms_evals/MS20/mse20-complete-unweighted/CircuitDebuggingProblems/wb-debug.dimacs.wcnf.gz,16.67,3600.0,4.35,5.83,4.62,6.56,3600.0,353.65,41.16,3.73,59.7,5.23,37.69,3.15,41.77
e7651e7a0948f7f9dcb438f5a986316c,ms_evals/MS20/mse20-complete-unweighted/CircuitDebuggingProblems/vga-debug.dimacs.wcnf.gz,1.87,6.88,2.34,2.62,2.3,3.6,44.88,54.84,3.86,1.73,6.43,2.07,3.85,2.0,25.95
11255616c4cbf3b1f08f7bfabbcf3973,ms_evals/MS20/mse20-complete-unweighted/CircuitDebuggingProblems/divider-debug.dimacs.wcnf.gz,2.19,3.83,1.98,2.18,1.89,3.12,117.7,752.88,8.09,1.45,7.06,1.7,8.09,1.69,23.84
f025d3bd9ecdfa20c28a54d0efb814d2,ms_evals/MS20/mse20-complete-unweighted/railway-transport/pesp_18Min.wcnf.gz,3600.0,3600.0,3600.0,3600.0,3600.0,3600.0,3600.0,3600.0,3600.0,3600.0,3600.0,3600.0,3600.0,3600.0,3600.0
38753c1a62e0be2d25c69358042f95c8,ms_evals/MS20/mse20-complete-unweighted/railway-transport/d4.wcnf.gz,3600.0,3600.0,3600.0,3600.0,3600.0,3600.0,3600.0,3600.0,3600.0,3600.0,3600.0,3600.0,3600.0,3600.0,3600.0
00f99472b0fb1e4bfb9d46770fe01301,ms_evals/MS20/mse20-complete-unweighted/railway-transport/p15.wcnf.gz,27.01,17.65,57.19,62.03,62.64,6.95,10.34,15.88,10.16,44.93,63.88,291.85,4.28,56.85,8.36
5d52d65c2811cffad7ff845745a6844b,ms_evals/MS20/mse20-complete-unweighted/railway-transport/we.wcnf.gz,3600.0,3600.0,3600.0,3600.0,3600.0,3600.0,3600.0,3600.0,3600.0,3600.0,3600.0,3600.0,3600.0,3600.0,3600.0
ec201844251db6241957ab04e34eb646,ms_evals/MS20/mse20-complete-unweighted/railway-transport/pesp_5min.wcnf.gz,3600.0,980.71,3600.0,3600.0,3600.0,3600.0,1725.15,3600.0,3600.0,3600.0,3600.0,3600.0,3600.0,3600.0,3600.0
87addd650617278b6acc426d9b0c0113,ms_evals/MS20/mse20-complete-unweighted/railway-transport/dp43.wcnf.gz,20.34,37.98,5.99,28.74,12.2,18.36,20.32,48.19,17.26,61.72,58.35,344.25,14.48,4.69,47.43
35928fa08cfefbf747ad4e0460a59ab4,ms_evals/MS20/mse20-complete-unweighted/drmx-cryptogen/wolfram72_4.wcnf.gz,3.61,3600.0,3600.0,3600.0,33.35,7.66,3600.0,208.02,5.02,57.24,11.84,195.56,5.05,18.25,208.31
b25e724dd9774adbd8f02b47c7e09d65,ms_evals/MS20/mse20-complete-unweighted/drmx-cryptogen/wolfram80_9.wcnf.gz,10.51,3600.0,3600.0,3600.0,45.36,9.51,3600.0,314.3,9.45,76.51,5.77,163.45,9.46,37.76,313.35
6694f098b70fb4221c358742f6477dea,ms_evals/MS20/mse20-complete-unweighted/drmx-cryptogen/threshold128_4.wcnf.gz,20.97,3600.0,3600.0,3600.0,163.77,23.73,3600.0,79.37,146.71,137.32,4.21,194.44,142.71,32.7,78.72
73238a3b4a66202b696c03eb0eb2b3dc,ms_evals/MS20/mse20-complete-unweighted/drmx-cryptogen/wolfram80_0.wcnf.gz,97.17,3600.0,3600.0,3600.0,270.15,47.79,3600.0,324.15,55.94,222.53,91.56,1863.36,56.16,34.62,326.88
19b5831fb58a98d73467447292477bfd,ms_evals/MS20/mse20-complete-unweighted/drmx-cryptogen/wolfram72_0.wcnf.gz,6.15,3600.0,3600.0,3600.0,30.72,5.55,3600.0,201.9,1.26,60.97,6.93,123.16,1.27,14.97,199.33
89907ff0c46ffdadc3df10c70533c3bd,ms_evals/MS20/mse20-complete-unweighted/drmx-cryptogen/wolfram72_9.wcnf.gz,6.12,3600.0,3600.0,3600.0,43.68,5.66,3600.0,218.46,13.85,80.09,26.61,394.16,13.94,36.25,215.4
6001ddb51f1206f53649e5b76545645c,ms_evals/MS20/mse20-complete-unweighted/drmx-cryptogen/geffe128_9.wcnf.gz,14.58,3600.0,3600.0,3600.0,80.81,23.2,3600.0,30.23,23.95,73.82,44.18,171.28,24.29,34.82,30.36
a50e5ce8dde2eb8d698416302fed7922,ms_evals/MS20/mse20-complete-unweighted/drmx-cryptogen/wolfram80_6.wcnf.gz,32.4,3600.0,3600.0,3600.0,49.06,6.73,3600.0,321.98,21.4,253.43,6.05,1547.65,20.74,34.47,310.55
0a0ff31c7e05c879e3f69fe6d97e4f35,ms_evals/MS20/mse20-complete-unweighted/optic/gen_alldiff_ladder_5_991.wcnf.gz,0.79,3600.0,7.0,7.06,7.1,3.1,3600.0,6.29,1.87,2.03,2.56,2.16,1.87,7.0,6.08
8eee39fc77342bc7234a1fe870c62c93,ms_evals/MS20/mse20-complete-unweighted/optic/gen_mult_4_4_991.wcnf.gz,74.29,3600.0,3600.0,3600.0,3600.0,3600.0,3600.0,3600.0,3600.0,1527.78,11.14,197.03,3600.0,3600.0,3600.0
795bed48ea0bd2321949926af02e5aa3,ms_evals/MS20/mse20-complete-unweighted/optic/gen_add_6_399.wcnf.gz,11.33,3600.0,133.32,3600.0,3600.0,27.0,3600.0,11.68,4.11,68.49,121.24,57.13,2.47,136.17,5.99
7d4d1fc023f146ca7dd4f853a075c69b,ms_evals/MS20/mse20-complete-unweighted/optic/gen_add_4_carry_991.wcnf.gz,711.49,3600.0,3600.0,3600.0,3600.0,3600.0,3600.0,3600.0,3600.0,3600.0,208.31,76.78,2058.92,3600.0,3600.0
45d37462b58ad058a2a92343832931b0,ms_evals/MS20/mse20-complete-unweighted/optic/gen_mult_4_6_991.wcnf.gz,3600.0,3600.0,3600.0,3600.0,3600.0,3600.0,3600.0,3600.0,3600.0,3600.0,3600.0,3600.0,3600.0,3600.0,3600.0
3bf013eb336977c6f504bec0b9098f88,ms_evals/MS20/mse20-complete-unweighted/optic/gen_mult_3_6_991.wcnf.gz,3600.0,3600.0,3600.0,3600.0,3600.0,3600.0,3600.0,3600.0,3600.0,3600.0,71.68,3600.0,3600.0,3600.0,3600.0
7e046e002f6141a79bdf11302e07956a,ms_evals/MS20/mse20-complete-unweighted/optic/gen_cvc-add7to3_991.wcnf.gz,3600.0,3600.0,3600.0,3600.0,3600.0,3600.0,3600.0,3600.0,3600.0,3600.0,5.24,3600.0,3600.0,3600.0,3600.0
9e54d550239a60668149e6163543a230,ms_evals/MS20/mse20-complete-unweighted/optic/gen_square_5_991.wcnf.gz,3043.42,3600.0,3600.0,3600.0,3600.0,3600.0,3600.0,3600.0,3600.0,3600.0,76.38,3600.0,3600.0,3600.0,3600.0
e5d753ad0c875db9401b83f4fcc8eaba,ms_evals/MS20/mse20-complete-unweighted/protein_ins/1knt_.2knt_.g.wcnf.t.wcnf.gz,1.78,2.22,3.88,3.78,2.63,19.3,1.72,15.45,24.78,3600.0,27.99,3600.0,21.72,4.02,16.0
0c9650eed11ad0f1114fdb3bacc498fa,ms_evals/MS20/mse20-complete-unweighted/protein_ins/3ebx_.1era_.g.wcnf.t.wcnf.gz,70.96,160.19,641.66,141.52,265.55,219.61,113.34,236.76,3600.0,3600.0,180.73,3600.0,696.51,566.86,173.9
2407a74f3da1a78f792fec59736d6947,ms_evals/MS20/mse20-complete-unweighted/protein_ins/2knt_.5pti_.g.wcnf.t.wcnf.gz,35.76,58.83,99.7,95.7,153.4,84.05,66.03,77.2,3600.0,3600.0,101.79,3600.0,358.46,132.42,52.05
c08668a4151dedcec92c1ef9cdda3643,ms_evals/MS20/mse20-complete-unweighted/protein_ins/3ebx_.6ebx_.g.wcnf.t.wcnf.gz,7.88,10.36,34.39,11.8,16.7,21.38,9.37,19.75,305.48,3600.0,61.84,3600.0,48.09,52.07,19.69
a650abb8d2791c93af6cc9dcfe6d4a66,ms_evals/MS20/mse20-complete-unweighted/protein_ins/1vii_.1cph_.g.wcnf.t.wcnf.gz,0.02,0.02,0.04,0.03,0.04,0.09,0.01,0.23,0.09,0.57,1.34,2.73,0.09,0.04,0.23
146378f061c94dbf522cadfb4aa2dc32,ms_evals/MS20/mse20-complete-unweighted/protein_ins/1bpi_.2knt_.g.wcnf.t.wcnf.gz,75.37,72.47,188.22,185.57,156.03,197.88,80.88,170.78,3600.0,3600.0,253.84,3600.0,335.57,629.36,121.93
e464c29b182df2b4c2673650d20d83e7,ms_evals/MS20/mse20-complete-unweighted/protein_ins/1knt_.1bpi_.g.wcnf.t.wcnf.gz,50.7,85.52,278.0,192.54,371.33,211.39,111.15,113.55,3600.0,3600.0,172.76,3600.0,392.42,345.29,74.6
d2791dd83353a0919c0bba2bc55a226e,ms_evals/MS20/mse20-complete-unweighted/protein_ins/1knt_.5pti_.g.wcnf.t.wcnf.gz,31.89,46.5,122.58,71.44,172.98,60.75,57.65,116.67,3600.0,3600.0,86.8,3600.0,281.21,73.61,53.33
ea0dc2c48877da7e22f2fe16d6afe142,ms_evals/MS20/mse20-complete-unweighted/protein_ins/sandiaprotein.g.wcnf.t.wcnf.gz,19.71,44.6,138.69,100.43,128.21,60.76,36.64,49.77,3600.0,3600.0,299.2,3600.0,202.12,204.62,41.8
02824e233caa268186839a5fe91e2b9a,ms_evals/MS20/mse20-complete-unweighted/protein_ins/6ebx_.1era_.g.wcnf.t.wcnf.gz,41.3,39.07,96.04,71.21,88.99,49.56,33.39,59.16,3600.0,3600.0,160.0,3600.0,226.93,70.09,44.17
0b6a99677cb3e66baa79803e38794092,ms_evals/MS20/mse20-complete-unweighted/protein_ins/1bpi_.5pti_.g.wcnf.t.wcnf.gz,17.97,27.35,76.51,48.3,64.3,107.09,27.66,64.81,3600.0,3600.0,148.12,3600.0,259.23,115.89,62.54
a9a676caf6eb8f8a4bc23e0a251c3485,ms_evals/MS20/mse20-complete-unweighted/protein_ins/p1.wcnf.t.wcnf.gz,75.22,74.51,245.5,136.41,136.05,131.53,71.45,136.36,3600.0,3600.0,165.35,3600.0,358.0,362.58,78.65
c7170887d9ef67605f8253fff93502d8,ms_evals/MS20/mse20-complete-unweighted/extension-enforcement/extension-enforcement_non-strict_stb_200_0.05_4_10_2.wcnf.gz,3600.0,3600.0,3600.0,3600.0,3600.0,1323.49,3600.0,3600.0,3600.0,3600.0,3600.0,3600.0,3600.0,3600.0,3600.0
cf598f213e13748e4fb2e11850ee2579,ms_evals/MS20/mse20-complete-unweighted/extension-enforcement/extension-enforcement_strict_com_200_0.05_4_20_4.wcnf.gz,42.0,3600.0,3600.0,3600.0,3600.0,14.26,3600.0,300.52,1.52,3600.0,88.39,3600.0,1.61,3600.0,3600.0
f38b25ffe31e512cec704d052acc4cb0,ms_evals/MS20/mse20-complete-unweighted/extension-enforcement/extension-enforcement_non-strict_stb_200_0.05_4_10_1.wcnf.gz,3600.0,3600.0,3600.0,3600.0,3600.0,1626.95,3600.0,3600.0,3600.0,3600.0,3600.0,3600.0,3600.0,3600.0,3600.0
f27ec489bfd5eba05a03463798fa39da,ms_evals/MS20/mse20-complete-unweighted/extension-enforcement/extension-enforcement_non-strict_stb_200_0.05_3_10_1.wcnf.gz,3600.0,3600.0,3600.0,3600.0,3600.0,3600.0,3600.0,3600.0,3600.0,3600.0,3600.0,3600.0,3600.0,3600.0,3600.0
e9b21e363d86859e26013e7d1e2ac9b3,ms_evals/MS20/mse20-complete-unweighted/extension-enforcement/extension-enforcement_strict_com_200_0.2_1_10_0.wcnf.gz,6.65,3600.0,3600.0,952.59,1091.3,3.45,3600.0,13.4,0.51,3600.0,3.8,3305.81,0.57,3600.0,3600.0
536314237f645f24551af141c34ba9b1,ms_evals/MS20/mse20-complete-unweighted/extension-enforcement/extension-enforcement_strict_com_200_0.1_2_20_2.wcnf.gz,14.54,3600.0,106.75,164.18,161.74,8.99,3600.0,21.33,1.21,558.84,31.81,611.93,1.22,105.19,187.37
ac10c889d10b3a85a42459c7e0025070,ms_evals/MS20/mse20-complete-unweighted/extension-enforcement/extension-enforcement_non-strict_stb_150_0.05_2_8_4.wcnf.gz,1096.45,3600.0,3600.0,2760.21,3091.7,222.42,3600.0,3600.0,3600.0,3600.0,3600.0,3600.0,3600.0,3600.0,3600.0
84473eca8a62b90e55ce31ee68ff3283,ms_evals/MS20/mse20-complete-unweighted/extension-enforcement/extension-enforcement_strict_com_150_0.05_3_30_2.wcnf.gz,34.92,3600.0,2369.35,566.25,413.58,9.61,3600.0,23.27,1.72,3600.0,215.35,3600.0,1.93,3600.0,7.1
79168d80df1559dbd97d87ef6f342499,ms_evals/MS20/mse20-complete-unweighted/extension-enforcement/extension-enforcement_non-strict_stb_200_0.1_2_10_1.wcnf.gz,3600.0,3600.0,3600.0,3600.0,3600.0,1569.47,3600.0,3600.0,3600.0,3600.0,3600.0,3600.0,3600.0,3600.0,3600.0
5c1f7ae384d6f756ca43a19526e48f61,ms_evals/MS20/mse20-complete-unweighted/extension-enforcement/extension-enforcement_strict_com_150_0.1_2_15_0.wcnf.gz,11.18,3600.0,3600.0,15.21,14.5,4.47,3600.0,9.92,0.54,3600.0,8.11,3600.0,0.53,3600.0,5.13
b61f94fa02e7f0e6bec50a078da4320f,ms_evals/MS20/mse20-complete-unweighted/extension-enforcement/extension-enforcement_non-strict_stb_200_0.05_1_10_2.wcnf.gz,3600.0,3600.0,3600.0,3600.0,3600.0,3600.0,3600.0,3600.0,3600.0,3600.0,3600.0,3600.0,3600.0,3600.0,3600.0
e19813fc128df195b92521e9a82b20c0,ms_evals/MS20/mse20-complete-unweighted/railroad_scheduling/MultiDay_0.wcnf.gz,3600.0,3600.0,3600.0,3600.0,3600.0,3600.0,3600.0,3600.0,3600.0,3600.0,101.6,3600.0,3600.0,3600.0,3600.0
51b87e0420942af5ba76041dd20a3929,ms_evals/MS20/mse20-complete-unweighted/railroad_scheduling/SingleDay_37.wcnf.gz,3600.0,3600.0,3600.0,3600.0,3600.0,3600.0,3600.0,3600.0,3600.0,3600.0,3600.0,3600.0,3600.0,3600.0,3600.0
8e1a34408598a551034c64197df6cbba,ms_evals/MS20/mse20-complete-unweighted/railroad_scheduling/MultiDay_1.wcnf.gz,3600.0,3600.0,3600.0,3600.0,3600.0,3600.0,3600.0,3600.0,3600.0,3600.0,3600.0,3600.0,3600.0,3600.0,3600.0
dcdee872a1be29a2dfc0c720750d6280,ms_evals/MS20/mse20-complete-unweighted/railroad_scheduling/Subnetwork_7.wcnf.gz,3600.0,3600.0,3600.0,3600.0,3600.0,3600.0,3600.0,3600.0,3600.0,3600.0,3600.0,3600.0,3600.0,3600.0,3600.0
e261b085f69e740b24ab7cfa112d8443,ms_evals/MS20/mse20-complete-unweighted/railroad_scheduling/MultiDay_3.wcnf.gz,3600.0,3600.0,3600.0,3600.0,3600.0,3600.0,3600.0,3600.0,3600.0,3600.0,3600.0,3600.0,3600.0,3600.0,3600.0
89f7dc8a3180427955297ee486c1c9a3,ms_evals/MS20/mse20-complete-unweighted/railroad_scheduling/SingleDay_3.wcnf.gz,3600.0,3600.0,3600.0,3600.0,3600.0,3600.0,3600.0,3600.0,3600.0,3600.0,3600.0,3600.0,3600.0,3600.0,3600.0
085bf43f01b852422f2804e3cfadc3e5,ms_evals/MS20/mse20-complete-unweighted/railroad_scheduling/SingleDay_2.wcnf.gz,249.52,3600.0,3600.0,3600.0,3600.0,3600.0,3600.0,3600.0,3600.0,3600.0,5.84,3600.0,3600.0,3600.0,3600.0
f980ce9d0885185589a767b556970122,ms_evals/MS20/mse20-complete-unweighted/railroad_scheduling/MultiDay_2.wcnf.gz,3600.0,3600.0,3600.0,3600.0,3600.0,3600.0,3600.0,3600.0,3600.0,3600.0,3600.0,3600.0,3600.0,3600.0,3600.0
b283e1fc3ddbea15bb5e9676003fc2b7,ms_evals/MS20/mse20-complete-unweighted/railroad_scheduling/Subnetwork_9.wcnf.gz,3600.0,3600.0,3600.0,3600.0,3600.0,3600.0,3600.0,3600.0,3600.0,3600.0,3600.0,3600.0,3600.0,3600.0,3600.0
4c1825b8c1d8e91362332a82456658ea,ms_evals/MS20/mse20-complete-unweighted/railroad_scheduling/SingleDay_15.wcnf.gz,3600.0,3600.0,3600.0,3600.0,3600.0,3600.0,3600.0,3600.0,3600.0,3600.0,3600.0,3600.0,3600.0,3600.0,3600.0
f6b1ac2b4f9e49f03a20f056eb5929fc,ms_evals/MS20/mse20-complete-unweighted/railroad_scheduling/MultiDay_4.wcnf.gz,3600.0,3600.0,3600.0,3600.0,3600.0,3600.0,3600.0,3600.0,3600.0,3600.0,3600.0,3600.0,3600.0,3600.0,3600.0
2a91d413edadbdb7c676195c919c58b2,ms_evals/MS20/mse20-complete-unweighted/RBAC-violations-multiple/role_domino_violations_0.0_4.wcnf.gz,23.36,1.14,0.86,0.92,0.69,4.65,0.96,16.74,2.81,2.17,7.11,2.95,2.8,0.63,16.53
e70ce1f4d5a0d3c54c25a6cf608a3cc3,ms_evals/MS20/mse20-complete-unweighted/RBAC-violations-multiple/role_domino_violations_0.0_16.wcnf.gz,23.34,0.72,0.82,0.86,0.64,4.75,0.88,16.5,2.87,2.05,7.24,2.67,2.84,0.6,16.47
4a3c57e54a12427266340d1682afac64,ms_evals/MS20/mse20-complete-unweighted/RBAC-violations-multiple/role_smallcomp_multiple_0.0_8.wcnf.gz,0.18,3.82,0.05,0.06,0.01,0.09,3.37,0.37,0.03,0.03,1.3,0.04,0.03,0.01,0.25
053470870a4d81334fe6808ce9a13396,ms_evals/MS20/mse20-complete-unweighted/RBAC-violations-multiple/role_domino_multiple_0.0_3.wcnf.gz,102.94,3600.0,2.0,3.04,1.97,41.82,3600.0,62.64,10.95,6.41,126.93,12.76,10.74,1.19,24.14
2266a47a665f1b904cbd420ac29c7061,ms_evals/MS20/mse20-complete-unweighted/RBAC-violations-multiple/role_smallcomp_multiple_0.0_1.wcnf.gz,0.24,46.58,0.42,1.2,0.02,0.11,40.44,0.38,0.04,0.06,6.79,0.08,0.04,0.01,0.24
299629328f4f46f63d5857a7e8a7919d,ms_evals/MS20/mse20-complete-unweighted/RBAC-violations-multiple/role_smallcomp_violations_0.0_1.wcnf.gz,0.01,0.02,0.03,0.01,0.01,0.01,0.01,0.13,0.01,0.01,0.01,0.01,0.01,0.01,0.13
8850120cf64a980089f740990b9f8a78,ms_evals/MS20/mse20-complete-unweighted/RBAC-violations-multiple/role_smallcomp_multiple_0.0_0.wcnf.gz,0.14,1.43,0.05,0.06,0.01,0.07,1.64,0.29,0.03,0.04,1.0,0.06,0.03,0.01,0.23
2fe3d8342a97662ace68ef82c76b3744,ms_evals/MS20/mse20-complete-unweighted/RBAC-violations-multiple/role_domino_violations_0.0_5.wcnf.gz,23.39,1.43,0.89,0.96,0.71,4.7,1.13,16.74,2.84,2.28,7.06,3.19,2.79,0.64,16.66
0429280dbb55b0b70950f0ed05adc615,ms_evals/MS20/mse20-complete-unweighted/RBAC-violations-multiple/role_domino_violations_0.0_17.wcnf.gz,23.41,1.39,0.87,0.94,0.7,4.75,1.03,16.69,2.78,2.28,7.08,3.06,2.85,0.64,16.86
5d8c45c3e5e719e96b8e37f9944b7349,ms_evals/MS20/mse20-complete-unweighted/RBAC-violations-multiple/role_smallcomp_violations_0.0_2.wcnf.gz,0.01,0.01,0.01,0.01,0.01,0.01,0.01,0.13,0.01,0.01,0.01,0.02,0.01,0.02,0.13
9fd8bc8a7705030ce419b989c1b9a00f,ms_evals/MS20/mse20-complete-unweighted/RBAC-violations-multiple/role_smallcomp_multiple_0.0_2.wcnf.gz,0.47,264.39,4.81,25.58,0.05,0.14,248.41,0.45,0.18,0.68,6.98,1.43,0.18,0.04,0.25
817ba2c7fbeed632113a6adcadcb9c72,ms_evals/MS20/mse20-complete-unweighted/RBAC-violations-multiple/role_domino_multiple_0.0_9.wcnf.gz,117.14,3600.0,2.89,4.2,2.71,44.13,3600.0,66.18,12.33,9.58,84.49,18.83,12.35,1.65,26.63
c7759c9f7a11a0ca2d448366cc8ebc0a,ms_evals/MS20/mse20-complete-unweighted/RBAC-violations-multiple/role_domino_violations_0.0_15.wcnf.gz,23.4,1.41,0.87,0.95,0.7,4.73,1.03,16.58,2.83,2.26,7.09,3.05,2.86,0.64,16.68
c51215782710338afcb792d566429ecc,ms_evals/MS20/mse20-complete-unweighted/RBAC-violations-multiple/role_domino_multiple_0.0_1.wcnf.gz,132.84,3600.0,3.12,5.02,3.2,64.97,3600.0,90.28,15.55,10.37,195.82,20.76,15.46,1.62,26.18
02438ac815a64a899d3462b3fd8d61df,ms_evals/MS20/mse20-complete-unweighted/RBAC-violations-multiple/role_domino_violations_0.0_6.wcnf.gz,23.34,1.08,0.85,0.91,0.68,4.66,0.91,16.9,2.82,2.24,7.05,2.97,2.86,0.62,16.74
c0f735577fbb6377423defdb4feccd4e,ms_evals/MS20/mse20-complete-unweighted/RBAC-violations-multiple/role_smallcomp_violations_0.0_3.wcnf.gz,0.02,0.02,0.02,0.01,0.01,0.02,0.01,0.13,0.02,0.01,0.02,0.01,0.01,0.01,0.13
9f7a2643dd7ccfb0ed08181646887151,ms_evals/MS20/mse20-complete-unweighted/RBAC-violations-multiple/role_domino_multiple_0.0_8.wcnf.gz,110.06,3600.0,2.95,5.11,2.52,63.66,3600.0,87.76,16.54,7.93,136.71,16.52,16.34,1.45,25.2
58ac8cba1a07f2d67de9e8c0894c39b7,ms_evals/MS20/mse20-complete-unweighted/RBAC-violations-multiple/role_smallcomp_violations_0.0_6.wcnf.gz,0.01,0.01,0.01,0.01,0.01,0.01,0.01,0.13,0.01,0.01,0.01,0.02,0.01,0.01,0.13
624f55f5f9cbf32c60d6a0ca2ecb3a82,ms_evals/MS20/mse20-complete-unweighted/RBAC-violations-multiple/role_domino_multiple_0.0_4.wcnf.gz,152.96,3600.0,2.44,3.96,2.24,50.91,3600.0,72.11,13.65,8.19,520.51,15.06,13.55,1.37,25.16
27456a826147c6fa79ece61af46b4582,ms_evals/MS20/mse20-complete-unweighted/RBAC-violations-multiple/role_smallcomp_violations_0.0_10.wcnf.gz,0.01,0.01,0.02,0.01,0.01,0.01,0.01,0.13,0.01,0.01,0.02,0.01,0.01,0.01,0.13
f49b6906f839b7437db46bb4b0c6058a,ms_evals/MS20/mse20-complete-unweighted/RBAC-violations-multiple/role_domino_violations_0.0_3.wcnf.gz,23.38,1.16,0.87,0.92,0.69,4.64,0.99,16.51,2.86,2.14,7.22,2.91,2.82,0.63,16.65
ac295e53faf7dc76820d1c754d108ec5,ms_evals/MS20/mse20-complete-unweighted/RBAC-violations-multiple/role_domino_violations_0.0_10.wcnf.gz,23.38,1.17,0.86,0.92,0.68,4.67,0.96,16.49,2.81,2.11,7.11,2.9,2.82,0.63,16.57
e729d863e3440f504531497d079ad69a,ms_evals/MS20/mse20-complete-unweighted/RBAC-violations-multiple/role_domino_multiple_0.0_5.wcnf.gz,109.61,3600.0,2.76,3.98,2.65,57.67,3600.0,77.39,13.55,12.55,86.41,22.39,13.52,1.5,25.88
4efe7fc556944d1a0509a285b3bf2eb8,ms_evals/MS20/mse20-complete-unweighted/RBAC-violations-multiple/role_smallcomp_violations_0.0_11.wcnf.gz,0.01,0.01,0.01,0.02,0.01,0.01,0.01,0.13,0.01,0.01,0.01,0.01,0.02,0.01,0.13
ea24b3171b9495229451d54c6dcb6d80,ms_evals/MS20/mse20-complete-unweighted/RBAC-violations-multiple/role_domino_violations_0.0_12.wcnf.gz,23.34,0.66,1.11,0.85,0.62,4.67,0.85,16.67,2.86,1.95,6.89,2.5,2.82,0.6,16.52
dcb97a8f984874dc1dc125b74e7955a6,ms_evals/MS20/mse20-complete-unweighted/RBAC-violations-multiple/role_smallcomp_multiple_0.0_5.wcnf.gz,0.13,3.25,0.09,0.11,0.01,0.06,2.58,0.28,0.03,0.03,0.4,0.04,0.03,0.01,0.22
0b5b9281e0c145e299e83e53eedea29f,ms_evals/MS20/mse20-complete-unweighted/RBAC-violations-multiple/role_smallcomp_violations_0.0_4.wcnf.gz,0.02,0.01,0.01,0.02,0.01,0.01,0.01,0.13,0.01,0.01,0.01,0.01,0.01,0.02,0.13
e02bcda75820aa1e6a1fc14d0713f1ff,ms_evals/MS20/mse20-complete-unweighted/RBAC-violations-multiple/role_domino_violations_0.0_8.wcnf.gz,23.4,1.43,0.88,0.94,0.7,4.72,1.08,16.62,2.81,2.3,7.09,3.1,2.82,0.64,16.61
45f7f214baeff2e221f1ddadb42e35ad,ms_evals/MS20/mse20-complete-unweighted/RBAC-violations-multiple/role_domino_multiple_0.0_6.wcnf.gz,110.64,3600.0,9.05,24.28,2.91,50.74,3600.0,77.43,16.55,9.65,137.23,19.94,16.1,1.72,26.56
a0ffddf0a9ae9849468384b41984e448,ms_evals/MS20/mse20-complete-unweighted/RBAC-violations-multiple/role_domino_violations_0.0_13.wcnf.gz,23.4,1.39,0.87,0.94,0.7,4.76,1.02,16.75,2.82,2.33,7.08,3.08,2.8,0.64,16.62
0900bb64ec304ead2d739d5e373d0c3f,ms_evals/MS20/mse20-complete-unweighted/close_solutions/SAT_RACE06__velev-pipe-sat-1.0-b9.cnf.wcnf.5.wcnf.gz,37.89,47.26,9.78,13.73,11.77,56.16,94.5,352.99,72.81,57.0,203.99,295.02,76.99,8.15,118.86
92a3e2b64e82024f2e3002b86bca4a51,ms_evals/MS20/mse20-complete-unweighted/close_solutions/SAT04__industrial__velev__pipe-sat-1-1__12pipe_bug6_q0.used-as.sat04-725.cnf.wcnf.3.wcnf.gz,29.1,80.47,83.43,47.07,11.07,138.92,388.46,793.44,290.92,56.71,504.51,101.35,264.29,6.75,81.33
ce8ec2b3f49eeda62b3352521a3e51e2,ms_evals/MS20/mse20-complete-unweighted/close_solutions/SAT11__application__jarvisalo__smtqfbv-aigs__smtlib-qfbv-aigs-rfunit_flat-64-tseitin.cnf.wcnf.4.wcnf.gz,3.38,4.44,13.52,14.2,14.07,7.38,203.21,26.7,3.65,2.45,6.16,3.35,3.56,13.54,22.66
0946fa3a7c7b56024725e3543108af4e,ms_evals/MS20/mse20-complete-unweighted/close_solutions/teams16_l9a.cnf.wcnf.gz,34.19,0.23,2.83,8.5,8.49,0.55,8.66,5.86,1.65,0.22,62.88,0.48,2.5,2.81,0.91
a58e932d04485b1bf960e730529fc6a9,ms_evals/MS20/mse20-complete-unweighted/close_solutions/teams24_l5a.cnf.wcnf.gz,111.58,3600.0,3600.0,1031.25,1032.81,0.79,3600.0,3189.0,3.42,0.53,108.25,0.77,4.47,3600.0,1856.72
a5e3c88997395119e1e6ba84df6a9816,ms_evals/MS20/mse20-complete-unweighted/close_solutions/SAT04__industrial__velev__pipe-sat-1-1__12pipe_bug6_q0.used-as.sat04-725.cnf.wcnf.10.wcnf.gz,9.35,47.5,6.23,12.55,11.22,72.29,3600.0,591.58,130.47,57.26,207.75,65.72,103.88,4.09,71.09
6df20392ea115f14648d09d8f972c220,ms_evals/MS20/mse20-complete-unweighted/treewidth-computation/TWComp_oesoca4_N42.wcnf.gz,0.16,0.1,28.26,28.24,28.7,1.21,0.08,2.35,0.4,0.26,1.0,0.4,0.41,29.09,2.37
810c1f436845bb7afd417a5b7d7d3310,ms_evals/MS20/mse20-complete-unweighted/treewidth-computation/TWComp_david-pp_N29.wcnf.gz,1.55,1.91,5.57,6.15,6.33,4.03,1.16,4.36,1.05,19.9,0.68,98.33,1.05,5.55,4.38
b8a5545256baf5d90b7d96dd6f3afb7b,ms_evals/MS20/mse20-complete-unweighted/treewidth-computation/TWComp_hailfinder_N56.wcnf.gz,0.3,0.34,16.49,16.3,17.64,1.38,0.26,5.45,1.07,0.79,2.51,1.24,1.06,17.79,5.4
378a99d536ddfb52b1afe1e01c7fc288,ms_evals/MS20/mse20-complete-unweighted/treewidth-computation/TWComp_barley2_N48.wcnf.gz,1.62,2.02,70.53,82.55,82.06,3.66,2.09,5.11,2.04,6.1,3.07,62.06,2.03,71.67,5.15
14c55739675f1d730aaae7bf67c66ef2,ms_evals/MS20/mse20-complete-unweighted/treewidth-computation/TWComp_oesoca_N39.wcnf.gz,0.11,0.08,25.42,22.48,22.54,0.95,0.07,1.89,0.31,0.21,0.78,0.3,0.31,25.42,1.88
a024a4a9c0876242c029d23cb257adbd,ms_evals/MS20/mse20-complete-unweighted/treewidth-computation/TWComp_mildew_35.wcnf.gz,0.08,0.09,10.55,10.62,10.64,0.29,0.08,1.41,0.21,0.19,0.54,0.45,0.21,10.57,1.4
278956df4aa23b5ff4dd7e2ab30c1161,ms_evals/MS20/mse20-complete-unweighted/treewidth-computation/TWComp_mulsol.i.5-pp_N119.wcnf.gz,3600.0,3600.0,3600.0,328.34,317.72,3154.92,159.53,3186.42,1391.79,3600.0,395.49,3600.0,1387.44,3600.0,3179.54
226c0614200ab5fe393e520e014205ac,ms_evals/MS20/mse20-complete-unweighted/treewidth-computation/TWComp_barley-pp_N26.wcnf.gz,0.24,0.4,2.88,3.05,2.98,0.28,0.2,0.77,0.21,0.81,0.33,3.44,0.21,2.84,0.75
975ce1a8a305ab75c80f91ab05634626,ms_evals/MS20/mse20-complete-unweighted/treewidth-computation/TWComp_1dp_N76.wcnf.gz,3600.0,3600.0,3600.0,3600.0,3600.0,3600.0,3600.0,3600.0,3600.0,3600.0,3600.0,3600.0,3600.0,3600.0,3600.0
dbbb9c225921aed0d3b15e87cdfa0980,ms_evals/MS20/mse20-complete-unweighted/treewidth-computation/TWComp_mainuk_N48.wcnf.gz,0.29,0.25,56.21,56.32,53.87,2.03,0.23,3.54,0.71,0.53,1.58,1.32,0.71,55.3,3.49
bb95fedb197e9d32dc07ff8020f17af2,ms_evals/MS20/mse20-complete-unweighted/treewidth-computation/TWComp_eil51.tsp_N51.wcnf.gz,3600.0,1705.86,595.94,2346.48,1237.17,2677.62,323.41,1948.37,2652.7,3600.0,1217.33,3600.0,2655.72,3600.0,1938.61
4c229345b0ff586a80a722b7d6403e01,ms_evals/MS20/mse20-complete-unweighted/treewidth-computation/TWComp_huck_N74.wcnf.gz,1.09,0.79,18.1,18.93,18.47,3.99,0.75,12.71,3.38,3.29,7.18,12.15,3.41,18.05,12.73
a308441ff24390a2f45e9aacc9695098,ms_evals/MS20/mse20-complete-unweighted/treewidth-computation/TWComp_david_N87.wcnf.gz,24.15,9.64,15.82,26.48,25.95,51.2,9.03,32.81,13.3,1342.86,21.94,1400.15,13.13,14.61,32.53
269ec656713f1642cb16f71203c18fa8,ms_evals/MS20/mse20-complete-unweighted/fault-diagnosis/s38584_nan_explicit_14_0.wcnf.gz,529.8,2389.25,859.19,1902.78,2421.51,1345.64,3600.0,393.46,686.85,3600.0,638.42,3600.0,802.32,723.43,400.69
88a28caa0e34189221fffbfa87d0d66f,ms_evals/MS20/mse20-complete-unweighted/fault-diagnosis/s38584_nan_explicit_35_0.wcnf.gz,113.17,11.17,23.93,60.0,80.02,34.37,186.53,66.15,36.79,524.35,222.63,322.81,45.42,37.12,25.43
c0fc27af33f664386bccccfd2fda9104,ms_evals/MS20/mse20-complete-unweighted/fault-diagnosis/s00641_nan_explicit_3_0.wcnf.gz,0.09,0.07,0.16,0.17,0.17,0.13,0.06,1.11,0.05,0.66,0.1,1.26,0.05,0.16,1.11
2760c0557c1eab1d39b22a0106c27b47,ms_evals/MS20/mse20-complete-unweighted/fault-diagnosis/s38584_nan_explicit_12_0.wcnf.gz,271.22,286.48,155.95,909.64,692.5,198.82,3600.0,180.89,242.07,3352.37,532.56,3600.0,114.62,112.05,75.6
a27b02f4c6721abec997fc85b1e0ebde,ms_evals/MS20/mse20-complete-unweighted/fault-diagnosis/s38417_nan_explicit_13_0.wcnf.gz,0.21,0.23,0.89,0.95,0.84,0.59,0.19,3.97,0.24,4.26,0.46,7.72,0.24,0.83,3.97
1a13e507e504810fbf7e8bfa46e30f80,ms_evals/MS20/mse20-complete-unweighted/fault-diagnosis/s38417_nan_explicit_16_0.wcnf.gz,0.18,0.21,0.67,0.73,0.68,0.48,0.2,3.01,0.23,2.86,0.36,5.21,0.23,0.62,3.01
5f6deae15a69afd3696447d3d41b3427,ms_evals/MS20/mse20-complete-unweighted/fault-diagnosis/s01423_nan_explicit_9_0.wcnf.gz,0.1,0.11,0.21,0.22,0.22,0.26,0.08,1.82,0.13,1.44,0.18,2.7,0.14,0.21,1.92
6b8c18b248164b00a0ee5faa88f69870,ms_evals/MS20/mse20-complete-unweighted/fault-diagnosis/s38584_nan_explicit_29_0.wcnf.gz,111.8,33.0,34.31,123.86,177.46,31.86,67.15,65.97,79.07,777.37,138.05,1728.17,39.54,36.56,39.48
d0d7f25fb4bbd2425b7ea22a87b13305,ms_evals/MS20/mse20-complete-unweighted/fault-diagnosis/s38584_nan_explicit_47_0.wcnf.gz,65.42,14.55,21.48,53.02,20.58,32.0,22.92,46.15,23.35,11.69,74.83,41.99,21.4,15.87,21.67
718752da0cd9b7883ef53ba75d6c0a34,ms_evals/MS20/mse20-complete-unweighted/fault-diagnosis/s38584_nan_explicit_30_0.wcnf.gz,119.58,35.51,47.55,119.71,508.46,38.29,1956.07,78.42,72.4,3276.71,172.66,3600.0,119.73,67.34,82.57
3bfdb7f66262ab3f503dbc425d4b4f63,ms_evals/MS20/mse20-complete-unweighted/frb/frb40-19-4.partial.wcnf.gz,247.27,106.88,337.78,197.52,11.7,72.32,370.3,66.14,3600.0,3600.0,70.11,3600.0,3600.0,5.05,228.13
f5e3778b5ea390d36916e3a9c4f10650,ms_evals/MS20/mse20-complete-unweighted/frb/frb30-15-4.partial.wcnf.gz,1.27,5.63,2.07,14.4,3600.0,1.25,7.58,0.86,3600.0,3600.0,115.3,3600.0,260.98,3600.0,0.78
873a2fce9a22e8f3f8887d2d04dde66f,ms_evals/MS20/mse20-complete-unweighted/frb/frb25-13-1.partial.wcnf.gz,0.12,1.47,0.87,11.0,10.34,0.21,2.09,0.29,3600.0,3600.0,0.15,3600.0,909.61,3.68,0.48
9440539551ce701268c3fd4e860a3ff9,ms_evals/MS20/mse20-complete-unweighted/frb/frb35-17-2.partial.wcnf.gz,16.32,25.43,17.58,61.78,50.16,13.41,78.65,27.83,3600.0,3600.0,255.74,3600.0,3600.0,25.12,7.89
c9bafd503a612d7262dc5b49ff3372dd,ms_evals/MS20/mse20-complete-unweighted/frb/frb30-15-3.partial.wcnf.gz,0.63,3.1,1.85,11.06,10.98,0.68,4.23,1.09,3600.0,3600.0,98.37,3600.0,3600.0,2.35,0.41
e69912dfab43556bf97bfaf21559aac9,ms_evals/MS20/mse20-complete-unweighted/frb/frb40-19-3.partial.wcnf.gz,1023.6,985.81,809.34,193.35,460.28,714.96,1768.78,739.69,3600.0,3600.0,3600.0,3600.0,3600.0,989.23,81.73
ce051faa3dd42df0247cb88d8fac2d22,ms_evals/MS20/mse20-complete-unweighted/frb/frb35-17-1.partial.wcnf.gz,5.3,29.3,15.11,22.64,27.7,1.51,18.47,4.13,3600.0,3600.0,8.86,3600.0,3600.0,26.99,4.69
7090f0b72a28dbd1e0603a58f1968181,ms_evals/MS20/mse20-complete-unweighted/frb/frb20-11-5.partial.wcnf.gz,0.02,0.23,0.11,0.13,3.29,0.03,0.21,0.18,55.41,3600.0,5.56,3600.0,131.29,0.99,0.18
7719e251bd3ec31a2e270cc25f1d38f2,ms_evals/MS20/mse20-complete-unweighted/frb/frb25-13-3.partial.wcnf.gz,0.05,0.84,0.26,0.29,876.4,0.11,1.32,0.33,3600.0,3600.0,0.08,3600.0,143.55,3600.0,0.31
7ed630dafc65f745c7f7d8329263079d,ms_evals/MS20/mse20-complete-unweighted/frb/frb20-11-2.partial.wcnf.gz,0.02,0.16,0.07,0.13,0.06,0.02,0.13,0.19,190.0,3600.0,1.77,3600.0,10.22,0.05,0.19
db142e16041f4a82f18abdd5a491ad98,ms_evals/MS20/mse20-complete-unweighted/maxclique/MANN_a9.clq.wcnf.gz,0.01,0.01,0.02,0.01,0.01,0.01,0.02,0.1,0.01,0.02,0.03,0.01,0.02,0.01,0.09
b7b5f006de98f85d00ebd989c5aba40f,ms_evals/MS20/mse20-complete-unweighted/maxclique/sanr400_0.7.clq.wcnf.gz,3600.0,3600.0,3600.0,3600.0,3600.0,3600.0,3600.0,3600.0,3600.0,3600.0,3600.0,3600.0,3600.0,3600.0,3600.0
44e7e96537e4b5d84266a1d060bee758,ms_evals/MS20/mse20-complete-unweighted/maxclique/c-fat500-1.clq.wcnf.gz,4.45,0.64,64.78,107.97,17.37,0.48,0.86,1.62,77.24,3443.81,102.06,2465.38,0.66,17.27,1.61
cd160fabf78b0dd8906ffbd1ed4f80e7,ms_evals/MS20/mse20-complete-unweighted/maxclique/san200_0.9_3.clq.wcnf.gz,0.01,3600.0,0.07,0.09,1932.19,2.72,3600.0,7.88,3600.0,3600.0,2.74,3600.0,3600.0,991.73,17.4
6f0ead8a408badc580549c56ceef0b7a,ms_evals/MS20/mse20-complete-unweighted/maxclique/brock200_4.clq.wcnf.gz,78.6,1125.3,102.22,254.99,601.37,138.15,517.83,99.22,3600.0,3600.0,158.17,3600.0,901.28,356.03,126.11
b305f1a3ca214056848562adeaa20258,ms_evals/MS20/mse20-complete-unweighted/maxclique/san200_0.7_2.clq.wcnf.gz,0.02,3600.0,0.14,0.18,15.81,0.04,3600.0,0.19,1211.19,3600.0,0.03,3600.0,1418.48,5.19,0.2
399d2d4aa82ef4080b5516c123851d5e,ms_evals/MS20/mse20-complete-unweighted/maxclique/p_hat300-2.clq.wcnf.gz,22.68,372.69,589.01,388.24,391.87,12.93,973.07,11.53,1639.0,3600.0,117.65,3600.0,923.28,591.93,12.04
c38d4706d07721d68c64af2e8b37fb98,ms_evals/MS20/mse20-complete-unweighted/maxclique/c-fat500-10.clq.wcnf.gz,0.42,0.27,15.94,20.24,10.84,0.29,1.31,1.65,2.01,23.39,1.42,3.63,0.22,11.14,1.66
fe4c8a2d81630e00a56809e4d787762e,ms_evals/MS20/mse20-complete-unweighted/maxclique/brock800_2.clq.wcnf.gz,3600.0,3600.0,3600.0,3600.0,3600.0,3600.0,3600.0,3600.0,3600.0,3600.0,3600.0,3600.0,3600.0,3600.0,3600.0
6e90c77b30e401eeabac785fb7b5b1a2,ms_evals/MS20/mse20-complete-unweighted/maxclique/san400_0.7_1.clq.wcnf.gz,0.12,3600.0,0.68,0.99,409.05,9.1,3600.0,5.21,3600.0,3600.0,0.23,3600.0,3600.0,120.86,4.12
cef846648de877276d8ff9386b5ee381,ms_evals/MS20/mse20-complete-unweighted/maxclique/c-fat200-5.clq.wcnf.gz,0.06,0.04,0.58,0.74,0.35,0.04,0.07,0.31,0.17,0.54,7.98,0.2,0.03,0.36,0.31
e4a19093d0b48bec12b522acd0b44195,ms_evals/MS20/mse20-complete-unweighted/mbd/b21_C-mbd14-0260.wcnf.gz,3.49,215.03,2.98,2.87,2.89,2.58,140.32,5.3,1.39,19.2,57.16,10.72,1.6,2.94,1.71
7a6eaf22e741ef14c4b7875f9cfe0c5c,ms_evals/MS20/mse20-complete-unweighted/mbd/b21_C-mbd14-0203.wcnf.gz,6.86,530.73,8.18,17.46,17.17,2.63,1016.8,5.12,130.79,16.62,46.79,37.9,8.26,8.32,3.21
e265b52a62fde5f8e82b346ed1f2231f,ms_evals/MS20/mse20-complete-unweighted/mbd/b20_C-mbd14-0202.wcnf.gz,2.28,7.39,1.13,1.35,1.37,0.71,13.22,1.9,0.33,0.23,9.73,0.35,0.34,1.17,1.05
7ece0a1980735a31af34d5b8d22a16c4,ms_evals/MS20/mse20-complete-unweighted/mbd/b22_C-mbd14-0232.wcnf.gz,5.13,118.22,1.58,1.93,1.46,1.97,114.0,3.73,1.35,1.34,65.05,2.39,1.14,1.75,1.7
ea6341fbff33e1d86b682421c2380706,ms_evals/MS20/mse20-complete-unweighted/mbd/b21_C-mbd14-0236.wcnf.gz,28.96,1303.41,23.08,32.55,31.95,11.28,1728.97,30.38,131.01,314.67,103.11,736.46,50.36,23.47,61.11
0844cf9cd58a083089923bd51d55ff81,ms_evals/MS20/mse20-complete-unweighted/mbd/b20_C-mbd14-0257.wcnf.gz,2.56,22.99,1.27,1.54,1.54,1.37,24.27,2.54,0.61,0.57,35.85,4.04,0.64,1.25,1.48
e4f5c167faaab27bf089efa1090826cf,ms_evals/MS20/mse20-complete-unweighted/mbd/b21_C-mbd14-0361.wcnf.gz,3.15,132.93,1.25,1.82,1.82,1.1,83.65,2.66,0.64,3.9,40.02,4.05,0.81,1.24,1.25
7615ef502574aa40d525c73992c6eae0,ms_evals/MS20/mse20-complete-unweighted/mbd/b22_C-mbd14-0215.wcnf.gz,3.63,28.76,1.34,1.33,0.97,1.74,30.19,3.31,0.64,0.35,33.29,0.56,0.69,0.93,1.62
f1222b28fd75d8a725f4049d3a3b9093,ms_evals/MS20/mse20-complete-unweighted/mbd/b20_C-mbd14-0332.wcnf.gz,8.93,90.23,4.03,7.0,6.97,2.14,107.02,10.55,5.17,34.79,85.38,57.78,2.83,4.11,3.59
1d0154932cb43751e6f324e8fdbaa985,ms_evals/MS20/mse20-complete-unweighted/mbd/b22_C-mbd14-0300.wcnf.gz,2.91,10.22,1.05,1.11,0.92,1.21,7.9,3.47,0.57,0.33,16.16,0.57,0.55,0.88,1.57
a0c69689046b8307d17a2d89ab39b320,ms_evals/MS20/mse20-complete-unweighted/mbd/b20_C-mbd14-0251.wcnf.gz,2.38,246.15,1.16,1.48,1.49,0.99,143.97,2.07,0.48,0.91,38.69,0.97,0.43,1.19,1.16
bfb23b1a9bd962ef3b7c2c2cb9977bd7,ms_evals/MS20/mse20-complete-unweighted/mbd/b22_C-mbd14-0279.wcnf.gz,5.45,44.36,2.5,4.18,1.46,1.82,58.21,4.74,1.04,1.56,121.76,1.26,1.02,1.21,1.8
a041cb87149f6b7cd0c4f691b58150ac,ms_evals/MS20/mse20-complete-unweighted/uaq/uaq-rpp-nr100-nc33-n3-k2-rpp7-ppr2-plb20.wcnf.gz,6.18,16.34,5.33,12.11,11.9,2.85,8.32,2.57,83.08,114.69,7.38,156.13,15.68,5.3,5.1
6cebe6a5bb2f935ee75b01d655a7eeec,ms_evals/MS20/mse20-complete-unweighted/uaq/uaq-plb-nr250-nc83-n5-k2-rpp3-ppr5-plb80.wcnf.gz,29.65,140.29,111.08,216.28,222.67,18.44,292.99,16.92,3600.0,3600.0,44.39,3600.0,82.19,107.81,57.85
d3eaf9fd9af813374064594a965f45dc,ms_evals/MS20/mse20-complete-unweighted/uaq/uaq-ppr-nr200-nc66-n5-k2-rpp4-ppr12-plb100.wcnf.gz,3600.0,3600.0,3600.0,3600.0,3600.0,3600.0,3600.0,3600.0,3600.0,3600.0,3600.0,3600.0,3600.0,3600.0,3600.0
cd47df16d41a5a3fd65bc706ffe145ea,ms_evals/MS20/mse20-complete-unweighted/uaq/uaq-ppr-nr200-nc66-n5-k2-rpp4-ppr14-plb100.wcnf.gz,3600.0,3600.0,3600.0,3600.0,3600.0,3600.0,3600.0,3600.0,3600.0,3600.0,3600.0,3600.0,3600.0,3600.0,3600.0
8a91ba29d7776ba35143f2831fbe0a6d,ms_evals/MS20/mse20-complete-unweighted/uaq/uaq-plb-nr250-nc83-n5-k2-rpp3-ppr5-plb150.wcnf.gz,0.22,0.29,0.32,0.49,0.49,0.11,0.4,0.35,18.26,26.9,10.5,50.24,0.32,0.31,0.45
966f153338c7d2f5cd170e03b2706172,ms_evals/MS20/mse20-complete-unweighted/uaq/uaq-plb-nr250-nc83-n5-k2-rpp3-ppr5-plb50.wcnf.gz,3.03,91.75,145.34,203.06,199.56,2.18,93.4,7.14,478.59,200.2,9.92,237.69,30.91,139.15,8.99
3e6fd4f0d651989028d78913b19d3302,ms_evals/MS20/mse20-complete-unweighted/uaq/uaq-nr-nr340-nc113-n3-k2-rpp4-ppr2-plb50.wcnf.gz,0.82,3600.0,3600.0,3600.0,3600.0,0.43,3600.0,1.14,40.91,9.32,9.13,21.82,15.05,3600.0,2.58
626795f3ca742c32b410425dea8fb9a4,ms_evals/MS20/mse20-complete-unweighted/uaq/uaq-ppr-nr200-nc66-n5-k2-rpp6-ppr10-plb100.wcnf.gz,3600.0,3600.0,3600.0,3600.0,3600.0,3600.0,3600.0,3600.0,3600.0,3600.0,3600.0,3600.0,3600.0,3600.0,3600.0
02f18d1d551bea586f2b9fc24350835a,ms_evals/MS20/mse20-complete-unweighted/uaq/uaq-nr-nr450-nc150-n3-k2-rpp4-ppr2-plb50.wcnf.gz,0.01,0.11,0.02,0.02,0.01,0.02,0.17,0.21,0.01,0.05,0.03,0.1,0.01,0.02,0.2
3925c01bab6a30f8f25d6e20a8188895,ms_evals/MS20/mse20-complete-unweighted/uaq/uaq-rpp-nr100-nc33-n3-k2-rpp26-ppr2-plb20.wcnf.gz,53.33,13.32,14.72,35.8,36.97,35.65,23.74,26.65,3600.0,3494.33,17.22,3600.0,80.95,14.81,14.44
d74677e8a4b858a39bcf44c0d08cfaa1,ms_evals/MS20/mse20-complete-unweighted/uaq/uaq-rpp-nr100-nc33-n3-k2-rpp6-ppr2-plb20.wcnf.gz,8.31,16.33,4.87,13.18,12.65,2.9,12.02,3.06,88.79,77.23,10.58,121.4,13.07,4.94,5.58
fd8c861d2142fab5a174af4115bdde12,ms_evals/MS20/mse20-complete-unweighted/uaq/uaq-rpp-nr100-nc33-n3-k2-rpp18-ppr2-plb20.wcnf.gz,79.14,29.18,95.64,164.47,164.1,66.59,42.68,80.17,3600.0,3600.0,42.67,3600.0,157.85,94.69,36.49
437048eb9174ec9848f340e26c9c8e0f,ms_evals/MS20/mse20-complete-unweighted/uaq_2020/uaq-min-rpp-nr200-np400-rpp11-nc0-rs0-t0-plb10-n9.wcnf.gz,13.1,47.49,105.2,136.5,134.38,20.81,149.44,9.16,2339.97,1057.99,12.88,1382.85,48.12,108.48,12.01
7f239de7b140c2a70490472b957419b2,ms_evals/MS20/mse20-complete-unweighted/uaq_2020/uaq-min-rs-nr100-np400-rpp5-nc10-rs20-t3-plb10-n6.wcnf.gz,0.09,3.74,1.13,2.0,1.99,0.06,5.24,0.31,0.05,0.05,0.34,0.09,0.05,1.12,0.28
3ac38c7dc62c7e8f97fa3bf5f67e31ee,ms_evals/MS20/mse20-complete-unweighted/uaq_2020/uaq-min-nr-nr30-np400-rpp5-nc0-rs0-t0-plb100-n1.wcnf.gz,24.43,8.29,9.85,23.04,145.4,14.85,68.83,8.92,3600.0,3600.0,30.84,3600.0,21.78,90.43,8.91
0cacf299394f9bad2f4c5e47ec59657a,ms_evals/MS20/mse20-complete-unweighted/uaq_2020/uaq-max-t-nr1000-np1000-rpp1-nc50-n12-t5-plb10-n2.wcnf.gz,7.71,3600.0,3600.0,3600.0,4.79,3.74,3600.0,5.96,8.63,12.83,8.66,44.71,2.63,2.12,2.89
318c075c364d1b6a5fd232670d2e6d9c,ms_evals/MS20/mse20-complete-unweighted/uaq_2020/uaq-min-plb-nr10-np400-rpp5-nc0-rs0-t0-plb15-n6.wcnf.gz,0.55,0.06,6.62,7.0,7.0,0.07,0.47,0.47,0.63,83.35,1.1,103.88,0.17,6.62,0.44
e17691e335ca04b7f7df026d9911a9c7,ms_evals/MS20/mse20-complete-unweighted/uaq_2020/uaq-max-rs-nr200-np400-rpp5-nc10-n25-t3-plb10-n5.wcnf.gz,3600.0,3600.0,3600.0,2885.4,2865.8,3600.0,3600.0,3600.0,3600.0,3600.0,3600.0,3600.0,3600.0,3600.0,3600.0
4771ef483a271cd5bcecf489d410e780,ms_evals/MS20/mse20-complete-unweighted/uaq_2020/uaq-min-plb-nr10-np400-rpp5-nc0-rs0-t0-plb35-n3.wcnf.gz,0.14,0.07,7.89,7.89,7.89,0.03,0.25,0.3,0.13,46.04,0.05,58.7,0.09,7.85,0.3
e1dc33164a06a69f9f7a764561bc8dcb,ms_evals/MS20/mse20-complete-unweighted/uaq_2020/uaq-max-nc-nr200-np400-rpp5-nc90-n8-t3-plb10-n1.wcnf.gz,3600.0,3600.0,3600.0,3600.0,3600.0,3600.0,3600.0,3600.0,3600.0,3600.0,3600.0,3600.0,3600.0,3600.0,3600.0
e205996377c63c249fe77bb8162ac172,ms_evals/MS20/mse20-complete-unweighted/uaq_2020/uaq-max-t-nr1000-np1000-rpp1-nc50-n12-t8-plb10-n7.wcnf.gz,26.42,3600.0,3600.0,3600.0,39.14,12.69,3600.0,15.68,58.56,45.06,9.38,129.05,12.49,14.4,12.29
702b30038cd6d3c88a6bc7414778f5af,ms_evals/MS20/mse20-complete-unweighted/uaq_2020/uaq-min-nr-nr40-np400-rpp5-nc0-rs0-t0-plb100-n8.wcnf.gz,577.17,113.51,384.88,713.16,696.49,863.36,1958.1,319.02,3600.0,3600.0,1355.51,3600.0,2041.48,395.99,374.02
0ef882db94315fd9e138df102674ab87,ms_evals/MS20/mse20-complete-unweighted/uaq_2020/uaq-min-rpp-nr200-np400-rpp9-nc0-rs0-t0-plb10-n8.wcnf.gz,24.26,60.68,64.97,146.25,146.79,15.56,493.37,8.69,1341.27,582.47,15.16,634.84,49.1,62.78,12.89
deb8bbe7154dde60de085d1be40c1fd4,ms_evals/MS20/mse20-complete-unweighted/uaq_2020/uaq-min-rpp-nr200-np400-rpp6-nc0-rs0-t0-plb4-n5.wcnf.gz,0.06,0.19,0.07,0.08,0.09,0.02,0.28,0.17,0.02,0.02,0.22,0.02,0.02,0.07,0.15
9738acfd49a4756deff626d2bcb18a47,ms_evals/MS20/mse20-complete-unweighted/uaq_2020/uaq-max-nc-nr10-np400-rpp5-nc90-n8-t3-plb10-n0.wcnf.gz,0.05,0.04,0.34,0.34,0.34,0.02,0.02,0.2,0.01,0.34,0.03,1.43,0.01,0.34,0.2
91ed68860b52f55d12f47427326139b0,ms_evals/MS20/mse20-complete-unweighted/uaq_2020/uaq-max-nc-nr10-np400-rpp5-nc100-n8-t3-plb10-n9.wcnf.gz,0.18,0.04,0.47,0.48,0.48,0.03,0.04,0.28,0.03,2.9,0.06,11.16,0.03,0.47,0.24
9fa2fbccc7bd3c1311fb0847c5a65e1e,ms_evals/MS20/mse20-complete-unweighted/uaq_2020/uaq-min-nr-nr80-np400-rpp5-nc0-rs0-t0-plb100-n6.wcnf.gz,3600.0,3600.0,3600.0,3600.0,3600.0,3600.0,3600.0,3600.0,3600.0,3600.0,3600.0,3600.0,3600.0,3600.0,3600.0
ab6cabed97630cc1bcab8a1cd3bc58e7,ms_evals/MS20/mse20-complete-unweighted/uaq_2020/uaq-max-rs-nr200-np400-rpp5-nc10-n25-t3-plb10-n1.wcnf.gz,3154.67,3600.0,3600.0,2665.05,2661.03,3600.0,3600.0,3600.0,3600.0,3600.0,3600.0,3600.0,3600.0,3600.0,3600.0
8d2454686495222c098bae60fa7fb8f0,ms_evals/MS20/mse20-complete-unweighted/uaq_2020/uaq-min-rpp-nr200-np400-rpp4-nc0-rs0-t0-plb4-n2.wcnf.gz,0.03,0.09,0.03,0.03,0.03,0.01,0.03,0.14,0.02,0.02,0.02,0.01,0.01,0.03,0.13
d7f2b7cef3f82379034dc767182f4038,ms_evals/MS20/mse20-complete-unweighted/bcp/normalized-aim-200-2_0-yes1-2.wcnf.gz,0.02,0.02,0.01,0.01,0.02,0.01,0.02,0.15,0.01,0.25,0.01,0.5,0.01,0.01,0.15
bf146b9392339c4dd5849a9279eec0f2,ms_evals/MS20/mse20-complete-unweighted/bcp/normalized-par16-5.wcnf.gz,0.43,0.28,0.87,0.62,0.84,0.54,0.64,1.85,0.73,653.0,0.2,25.34,0.66,0.19,1.77
7b8173d111d5d1492278fbd396b569fe,ms_evals/MS20/mse20-complete-unweighted/bcp/apex2_Fv21@1.wcnf.gz,0.01,0.01,0.02,0.02,0.02,0.01,0.02,0.12,0.02,0.01,0.02,0.03,0.01,0.01,0.12
311eb2e8a4ce12074600f83b45c68dad,ms_evals/MS20/mse20-complete-unweighted/bcp/alu4_Fk@0.wcnf.gz,0.16,0.08,0.2,0.22,0.22,0.1,0.08,0.42,0.07,0.27,0.37,0.49,0.09,0.19,0.33
62da30557c92191f77414a1527ab2be4,ms_evals/MS20/mse20-complete-unweighted/bcp/SU3__simp-genos.haps.32.wcnf.gz,0.01,0.01,0.04,0.04,0.04,0.03,0.01,0.23,0.02,0.05,0.06,0.11,0.02,0.04,0.23
e379d768736f724b6ea20c3723173064,ms_evals/MS20/mse20-complete-unweighted/bcp/normalized-fir07_area_partials.wcnf.gz,0.01,0.01,0.01,0.01,0.01,0.01,0.01,0.1,0.02,0.01,0.02,0.01,0.01,0.01,0.1
973f85b0e9f9ccbec70a636d0f085bdb,ms_evals/MS20/mse20-complete-unweighted/bcp/SU1__simp-genos.haps.71.wcnf.gz,0.11,0.17,0.8,0.84,0.77,0.19,0.11,0.83,0.14,0.5,0.46,1.21,0.18,0.77,0.83
1112f48590b0eaf6090657faf34d0b25,ms_evals/MS20/mse20-complete-unweighted/packup/rand892_l2.wcnf.gz,1.39,5.53,40.31,38.49,0.38,0.62,3.06,4.27,0.4,6.55,0.51,17.0,0.38,0.28,3.86
8a8071c810f901f864bf7dd9ed15258d,ms_evals/MS20/mse20-complete-unweighted/packup/rand874_l2.wcnf.gz,4.69,8.96,25.96,27.71,0.65,1.49,5.19,6.08,1.07,5.76,1.09,13.74,1.05,0.42,4.89
b30e7aa47612f90b6bb57c40c3fef598,ms_evals/MS20/mse20-complete-unweighted/packup/rand484_l2.wcnf.gz,3.22,3.31,2.62,3.58,0.39,0.83,2.57,3.26,0.57,3.3,1.9,6.79,0.54,0.22,2.73
6ad6d4112799e66a3c28bdabb0a73f0b,ms_evals/MS20/mse20-complete-unweighted/packup/rand984_l2.wcnf.gz,5.78,9.93,24.83,29.85,0.6,1.19,7.8,5.94,0.8,5.7,5.64,12.54,0.81,0.35,4.91
3101d75bd9bcf2f2361fc939a5753d6f,ms_evals/MS20/mse20-complete-unweighted/packup/ff4a1d84-d490-11df-9e6c-00163e3d3b7c_l3.wcnf.gz,4.1,5.21,13.72,22.56,5.61,1.61,5.76,10.83,6.57,63.12,2.79,161.92,6.35,3.54,10.43
21d08d41602ca53c0b4b0739673819c9,ms_evals/MS20/mse20-complete-unweighted/packup/rand172_l2.wcnf.gz,4.51,6.65,14.08,18.13,0.52,1.13,7.88,4.96,0.8,4.92,1.43,11.37,0.81,0.28,4.14
33b11f076f17824abf6e7a3cf03bcd37,ms_evals/MS20/mse20-complete-unweighted/packup/2c3aece6-c8b2-11df-a040-00163e3d3b7c_l3.wcnf.gz,13.2,13.17,11.97,30.14,34.29,9.48,9.91,12.61,12.19,142.28,5.56,364.55,16.63,12.33,21.2
56af858890b6722e47441f025f636baf,ms_evals/MS20/mse20-complete-unweighted/packup/7f80e4f0-4fe9-11e0-acd7-00163e1e087d_l3.wcnf.gz,7.98,16.32,4.46,16.3,15.21,11.35,8.35,11.07,5.06,58.09,11.32,80.84,4.79,4.35,5.45
8d706daf0e85d2eb5f93c799537c8703,ms_evals/MS20/mse20-complete-unweighted/packup/rand209_l2.wcnf.gz,4.16,8.68,35.75,44.59,0.53,0.96,15.01,6.38,0.85,8.3,1.64,20.16,0.84,0.31,5.6
c1b94aacfd194a128e2e56c2ec05fc3f,ms_evals/MS20/mse20-complete-unweighted/packup/rand695_l2.wcnf.gz,1.06,5.08,19.82,23.42,0.26,0.39,3.14,3.63,0.33,3.74,0.2,10.97,0.32,0.21,3.42
c0bd4c3b9e89b07e1f34b0145bb590ac,ms_evals/MS20/mse20-complete-unweighted/packup/rand954_l2.wcnf.gz,3.18,5.85,8.71,10.8,0.44,0.75,5.4,4.58,0.55,4.79,1.13,10.92,0.55,0.24,3.89
bdf037397846375af42ad9d33f1b2e4e,ms_evals/MS20/mse20-complete-unweighted/drmx-atmostk/drmx-am16-outof-45-etot.wcnf.gz,1.46,0.11,0.28,0.26,0.2,0.61,0.11,1.62,3.42,122.98,98.48,63.88,24.6,0.27,1.31
4821aa5145f461a64fbaa4bd88fc811a,ms_evals/MS20/mse20-complete-unweighted/drmx-atmostk/drmx-am24-outof-55-emtot.wcnf.gz,3.59,0.18,0.36,0.41,0.41,1.37,0.16,10.44,147.69,945.1,108.92,1404.33,560.32,0.36,14.19
f59145df0bc3b4031329a69897e77326,ms_evals/MS20/mse20-complete-unweighted/drmx-atmostk/drmx-am24-outof-55-ekmtot.wcnf.gz,7.35,0.17,0.39,0.39,0.39,14.69,0.24,5.99,115.58,470.42,107.53,154.45,181.98,0.39,6.33
63f76f681fe0193616e3f98b9ffb4812,ms_evals/MS20/mse20-complete-unweighted/drmx-atmostk/drmx-am32-outof-70-ekmtot.wcnf.gz,4.43,0.29,0.6,0.57,0.62,647.25,0.25,98.93,440.92,1512.83,124.07,281.04,550.36,0.53,81.51
156c22fa78a39dd9b3c7e190d60f125a,ms_evals/MS20/mse20-complete-unweighted/drmx-atmostk/drmx-am20-outof-50-etot.wcnf.gz,7.11,0.07,0.82,0.84,0.83,2.85,0.08,15.27,178.02,414.3,133.89,281.2,846.24,0.75,13.61
28adfe1da80c98958548f2a29af5108f,ms_evals/MS20/mse20-complete-unweighted/drmx-atmostk/drmx-am12-outof-40-ekmtot.wcnf.gz,0.92,0.02,0.07,0.1,0.1,2.19,0.02,0.92,26.36,14.33,6.09,14.83,8.29,0.07,1.01
461ac441d7d1400bce3ed6ca857c9a68,ms_evals/MS20/mse20-complete-unweighted/drmx-atmostk/drmx-am24-outof-55-ecardn.wcnf.gz,71.42,4.16,22.35,21.52,22.37,39.51,4.26,20.94,325.7,3600.0,36.29,3600.0,361.84,22.28,21.21
2c935ff0ebea051821a9bd802ebe5490,ms_evals/MS20/mse20-complete-unweighted/drmx-atmostk/drmx-am20-outof-50-esortn.wcnf.gz,104.29,2.96,13.92,6.64,6.73,24.01,3.2,48.68,249.53,3600.0,26.16,3469.02,1032.26,13.87,40.04
0cd88582c1f5d43dd449e0ffc566aa6d,ms_evals/MS20/mse20-complete-unweighted/drmx-atmostk/drmx-am32-outof-70-eseqc.wcnf.gz,2.47,0.35,8.23,11.45,11.55,9.05,0.51,4.16,192.01,1578.31,13.49,1467.73,330.38,8.26,6.19
9436e7dcbcbcffe7303cd66f1fbf03ea,ms_evals/MS20/mse20-complete-unweighted/drmx-atmostk/drmx-am12-outof-40-etot.wcnf.gz,1.01,0.02,0.07,0.07,0.07,0.96,0.02,0.91,0.96,35.08,26.02,44.69,1.02,0.07,1.0
46b07b38ea1fe269635b17694745852e,ms_evals/MS20/mse20-complete-unweighted/drmx-atmostk/drmx-am16-outof-45-esortn.wcnf.gz,4.9,0.51,0.62,0.51,0.52,6.31,0.49,2.85,17.64,1712.72,2.59,2517.61,20.55,0.56,1.1
35bb5a0b8772f57d63f309797be92395,ms_evals/MS20/mse20-complete-unweighted/drmx-atmostk/drmx-am12-outof-40-emtot.wcnf.gz,0.95,0.03,0.7,1.17,1.19,3.88,0.02,0.89,7.64,8.61,20.3,19.71,2.0,0.69,0.66
ff3e0e38290b08f8c628a5f635729d32,ms_evals/MS20/mse20-complete-unweighted/drmx-atmostk/drmx-am20-outof-50-emtot.wcnf.gz,8.14,0.08,0.36,0.33,0.34,1.63,0.09,7.38,201.1,391.96,126.11,353.24,549.13,0.37,8.68
f35136e867208a590095d5178c27814c,ms_evals/MS20/mse20-complete-unweighted/drmx-atmostk/drmx-am24-outof-55-eseqc.wcnf.gz,1.32,0.19,0.46,0.75,0.76,8.65,0.18,1.27,46.08,230.98,5.35,207.06,60.86,0.47,2.57
8885e6228f2aa1778e64098ddd06a024,ms_evals/MS20/mse20-complete-unweighted/exploits-synthesis/meltdown_min.wcnf.gz,3600.0,580.84,847.8,1804.86,1742.45,1259.31,489.32,1700.81,3318.38,3600.0,1115.09,3600.0,653.96,901.13,3029.27
8bec75e791e0e2848345dc7e8930e04a,ms_evals/MS20/mse20-complete-unweighted/exploits-synthesis/spectre_min.wcnf.gz,3600.0,1514.55,3600.0,3600.0,3600.0,1569.45,1773.06,1593.67,3600.0,3600.0,2355.11,3600.0,1852.52,3600.0,3600.0
5519dad38f00a12df094cbaf8e3af3b1,ms_evals/MS20/mse20-complete-unweighted/exploits-synthesis/flush_reload_min.wcnf.gz,340.5,179.42,292.39,275.99,261.98,225.26,138.3,678.73,3600.0,3600.0,352.7,3600.0,292.61,257.84,481.0
156d1ba57b0a04ce276a652a7985c524,ms_evals/MS20/mse20-complete-unweighted/pseudoBoolean/normalized-mps-v2-20-10-stein27.opb.msat.wcnf.gz,0.08,0.19,0.33,0.57,0.56,0.08,0.14,0.17,0.15,0.57,2.4,2.07,0.34,0.33,0.16
ef8618a36de7dac54694ec798cd76ada,ms_evals/MS20/mse20-complete-unweighted/pseudoBoolean/normalized-par8-5.opb.msat.wcnf.gz,0.02,0.01,3.4,3.32,3.32,0.01,0.08,0.3,0.01,0.12,0.01,0.15,0.01,3.39,0.3
774ebd036d560dabcecdf3555614adfc,ms_evals/MS20/mse20-complete-unweighted/pseudoBoolean/normalized-par16-3.opb.msat.wcnf.gz,0.5,0.52,0.72,0.83,0.28,0.72,0.82,1.77,0.73,206.54,0.26,42.51,0.74,0.08,1.73
ee698ac0d6b690c96495f33488f9b31e,ms_evals/MS20/mse20-complete-unweighted/pseudoBoolean/normalized-mps-v2-20-10-stein45.opb.msat.wcnf.gz,51.92,10.61,27.81,63.64,64.74,24.48,8.58,46.35,144.91,138.04,93.92,548.55,128.27,27.79,44.7
5320914fa6d61a40fd446967136b734c,ms_evals/MS20/mse20-complete-unweighted/pseudoBoolean/normalized-mps-v2-20-10-stein9.opb.msat.wcnf.gz,0.01,0.01,0.02,0.01,0.01,0.02,0.02,0.09,0.02,0.01,0.02,0.02,0.01,0.01,0.09
7db7b23023c73f359cf11f35c5932b0e,ms_evals/MS20/mse20-complete-unweighted/pseudoBoolean/normalized-par32-4.opb.msat.wcnf.gz,3600.0,3600.0,3600.0,3600.0,3600.0,3600.0,3600.0,3600.0,3600.0,3600.0,3600.0,3600.0,3600.0,3600.0,3600.0
980c1b9c7173f657180ef2bf60274fff,ms_evals/MS20/mse20-complete-unweighted/pseudoBoolean/normalized-g7x7.opb.msat.wcnf.gz,0.01,0.02,0.01,0.01,0.01,0.01,0.01,0.1,0.01,0.01,0.02,0.01,0.01,0.01,0.1
8e79d9d59a25533e76893b2e0d79a1b4,ms_evals/MS20/mse20-complete-unweighted/ramsey/ram_k3_n17.ra0.wcnf.gz,3600.0,3600.0,3600.0,3600.0,3600.0,3600.0,3600.0,3600.0,3600.0,3600.0,3600.0,3600.0,3600.0,3600.0,3600.0
0a809976dc20be430529aef0713b6cf3,ms_evals/MS20/mse20-complete-unweighted/ramsey/ram_k3_n12.ra0.wcnf.gz,3600.0,3600.0,3600.0,3600.0,3600.0,3600.0,3600.0,3600.0,3600.0,3600.0,3600.0,3600.0,3600.0,3600.0,3600.0
9df8d445ca8ad9442542c09166d0164b,ms_evals/MS20/mse20-complete-unweighted/ramsey/ram_k3_n11.ra0.wcnf.gz,3600.0,3600.0,3600.0,3600.0,3600.0,3600.0,3600.0,3600.0,3600.0,3600.0,3600.0,3600.0,3600.0,3600.0,3600.0
20b9be35fba374973771bb4b172bd937,ms_evals/MS20/mse20-complete-unweighted/ramsey/ram_k3_n18.ra0.wcnf.gz,3600.0,3600.0,3600.0,3600.0,3600.0,3600.0,3600.0,3600.0,3600.0,3600.0,3600.0,3600.0,3600.0,3600.0,3600.0
d175f5d2a9a48baf7d4a4c7b6bcfc9a6,ms_evals/MS20/mse20-complete-unweighted/ramsey/ram_k4_n18.ra0.wcnf.gz,3600.0,3600.0,3600.0,3600.0,3600.0,3600.0,3600.0,3600.0,3600.0,3600.0,3600.0,3600.0,3600.0,3600.0,3600.0
fcf124e0d9ca41558388a0d6eeae4286,ms_evals/MS20/mse20-complete-unweighted/ramsey/ram_k3_n14.ra0.wcnf.gz,3600.0,3600.0,3600.0,3600.0,3600.0,3600.0,3600.0,3600.0,3600.0,3600.0,3600.0,3600.0,3600.0,3600.0,3600.0
9c8c0052064e82366a9f734b970884e9,ms_evals/MS20/mse20-complete-unweighted/ramsey/ram_k3_n9.ra0.wcnf.gz,7.24,0.65,1.58,1.1,1.17,0.25,3600.0,2.25,1.08,0.59,0.96,1.16,1.1,1.67,0.59
4684d9d7f02e785f74df95e42749c9df,ms_evals/MS20/mse20-complete-unweighted/ramsey/ram_k3_n16.ra0.wcnf.gz,3600.0,3600.0,3600.0,3600.0,3600.0,3600.0,3600.0,3600.0,3600.0,3600.0,3600.0,3600.0,3600.0,3600.0,3600.0
450afcc24a5ad80919308ac3d67d2e24,ms_evals/MS20/mse20-complete-unweighted/ramsey/ram_k3_n15.ra0.wcnf.gz,3600.0,3600.0,3600.0,3600.0,3600.0,3600.0,3600.0,3600.0,3600.0,3600.0,3600.0,3600.0,3600.0,3600.0,3600.0
234a72ff13513f23e278ab7adeef457c,ms_evals/MS20/mse20-complete-unweighted/ramsey/ram_k4_n19.ra0.wcnf.gz,3600.0,3600.0,3600.0,3600.0,3600.0,3600.0,3600.0,3600.0,3600.0,3600.0,3600.0,3600.0,3600.0,3600.0,3600.0
6dcf081a8a07caeede94f87f51f71ace,ms_evals/MS20/mse20-complete-unweighted/ramsey/ram_k3_n19.ra0.wcnf.gz,3600.0,3600.0,3600.0,3600.0,3600.0,3600.0,3600.0,3600.0,3600.0,3600.0,3600.0,3600.0,3600.0,3600.0,3600.0
060146913e7fd0fd3168d72e5b85a8ba,ms_evals/MS20/mse20-complete-unweighted/maxcut/maxcut-140-630-0.8-3.wcnf.gz,3600.0,3600.0,3600.0,3600.0,3600.0,3600.0,3600.0,3600.0,3600.0,3600.0,3600.0,3600.0,3600.0,3600.0,3600.0
0edc137750012d9bdc4e2af858721a59,ms_evals/MS20/mse20-complete-unweighted/maxcut/san400_0.7_3.clq.wcnf.gz,3600.0,3600.0,3600.0,3600.0,3600.0,3600.0,3600.0,3600.0,3600.0,3600.0,3600.0,3600.0,3600.0,3600.0,3600.0
945512bd4709e32a76eb1dd5a4acd4aa,ms_evals/MS20/mse20-complete-unweighted/maxcut/maxcut-140-630-0.8-44.wcnf.gz,3600.0,3600.0,3600.0,3600.0,3600.0,3600.0,3600.0,3600.0,3600.0,3600.0,3600.0,3600.0,3600.0,3600.0,3600.0
197f5b7072bee2e90deef58819bc671c,ms_evals/MS20/mse20-complete-unweighted/maxcut/p_hat500-3.clq.wcnf.gz,3600.0,3600.0,3600.0,3600.0,3600.0,3600.0,3600.0,3600.0,3600.0,3600.0,3600.0,3600.0,3600.0,3600.0,3600.0
274aa8a6608f3c866ac2d142d1a7214a,ms_evals/MS20/mse20-complete-unweighted/maxcut/maxcut-140-630-0.7-3.wcnf.gz,3600.0,3600.0,3600.0,3600.0,3600.0,3600.0,3600.0,3600.0,3600.0,3600.0,3600.0,3600.0,3600.0,3600.0,3600.0
cd7092201b46275de9e1d2693d7c6b0a,ms_evals/MS20/mse20-complete-unweighted/maxcut/maxcut-140-630-0.8-4.wcnf.gz,3600.0,3600.0,3600.0,3600.0,3600.0,3600.0,3600.0,3600.0,3600.0,3600.0,3600.0,3600.0,3600.0,3600.0,3600.0
dca91efffae27cfbb3e40b298194632d,ms_evals/MS20/mse20-complete-unweighted/maxcut/p_hat500-1.clq.wcnf.gz,14.29,837.51,357.14,705.95,536.79,3.76,943.44,78.48,3600.0,1032.28,21.21,658.64,75.2,408.76,64.33
bd9002c72f746d42ebb3fec6a6a60329,ms_evals/MS20/mse20-complete-unweighted/maxcut/san200_0.9_1.clq.wcnf.gz,3600.0,3600.0,3600.0,3600.0,3600.0,3600.0,3600.0,3600.0,3600.0,3600.0,3600.0,3600.0,3600.0,3600.0,3600.0
8e227cc1e3b1f781c8e910daf52a698f,ms_evals/MS20/mse20-complete-unweighted/maxcut/maxcut-140-630-0.7-49.wcnf.gz,3600.0,3600.0,3600.0,3600.0,3600.0,3600.0,3600.0,3600.0,3600.0,3600.0,3600.0,3600.0,3600.0,3600.0,3600.0
ce39685becde9781902987ab53f6f82b,ms_evals/MS20/mse20-complete-unweighted/maxcut/maxcut-140-630-0.8-20.wcnf.gz,3600.0,3600.0,3600.0,3600.0,3600.0,3600.0,3600.0,3600.0,3600.0,3600.0,3600.0,3600.0,3600.0,3600.0,3600.0
0aab53a4abb793339f8cbcf5af7a6a8b,ms_evals/MS20/mse20-complete-unweighted/maxcut/maxcut-140-630-0.7-33.wcnf.gz,3600.0,3600.0,3600.0,3600.0,3600.0,3600.0,3600.0,3600.0,3600.0,3600.0,3600.0,3600.0,3600.0,3600.0,3600.0
6c3d93e6377e71c5fb5e7969d0ab95f6,ms_evals/MS20/mse20-complete-unweighted/single_machine_scheduling/20-500-35.wcnf.gz,13.28,6.81,11.37,14.14,15.17,32.94,6.91,13.66,136.05,1285.85,27.53,3600.0,8.22,5.41,8.95
49074fd502d613406fd4602a388d6fc1,ms_evals/MS20/mse20-complete-unweighted/single_machine_scheduling/20-100-lambda100-43.wcnf.gz,3600.0,3600.0,3600.0,3600.0,3600.0,3600.0,3600.0,3600.0,3600.0,3600.0,3600.0,3600.0,3600.0,3600.0,3600.0
4efcaaed0716d1d84c4d44b062fb349d,ms_evals/MS20/mse20-complete-unweighted/single_machine_scheduling/20-100-frag12-38.wcnf.gz,3600.0,3600.0,3600.0,3600.0,3600.0,3600.0,3600.0,3600.0,3600.0,3600.0,3600.0,3600.0,3600.0,3600.0,3600.0
53d18b427b074a975fcbf430de8e488b,ms_evals/MS20/mse20-complete-unweighted/single_machine_scheduling/20-500-95.wcnf.gz,7.1,4.72,8.85,11.01,3.95,3.7,4.81,6.86,19.92,28.21,36.42,66.79,3.33,1.37,5.28
d7498c41ab3443a1df0500baeeb40f63,ms_evals/MS20/mse20-complete-unweighted/single_machine_scheduling/20-100-frag12-53.wcnf.gz,249.59,182.97,408.79,920.57,448.04,518.55,312.94,309.01,757.43,3600.0,1177.18,3600.0,308.59,213.88,446.39
e632c348afffcbb1897737eee329c921,ms_evals/MS20/mse20-complete-unweighted/single_machine_scheduling/20-100-lambda100-65.wcnf.gz,3600.0,1848.47,1839.71,1462.01,1456.35,3600.0,2795.47,3600.0,3600.0,3600.0,3600.0,3600.0,3600.0,1799.37,3600.0
9442ddecce203ecadb42baf716cb273f,ms_evals/MS20/mse20-complete-unweighted/single_machine_scheduling/20-100-p100-71.wcnf.gz,3600.0,2525.44,3600.0,3600.0,3600.0,3600.0,2613.68,3600.0,3600.0,3600.0,3600.0,3600.0,3600.0,3600.0,3600.0
af3ec29f096e4552ac83d4614a17d07d,ms_evals/MS20/mse20-complete-unweighted/single_machine_scheduling/20-100-p100-61.wcnf.gz,3600.0,3600.0,3600.0,3600.0,3600.0,3600.0,3600.0,3600.0,3600.0,3600.0,3600.0,3600.0,3600.0,3600.0,3600.0
8a82867a46006596452d4836a09963ed,ms_evals/MS20/mse20-complete-unweighted/single_machine_scheduling/20-100-lambda100-89.wcnf.gz,3600.0,887.32,1172.84,652.9,3600.0,3600.0,1540.77,3600.0,3600.0,3600.0,3600.0,3600.0,3600.0,3600.0,3600.0
0f3232d044175f29500ed15992b6e267,ms_evals/MS20/mse20-complete-unweighted/single_machine_scheduling/20-100-lambda100-49.wcnf.gz,3600.0,380.57,3375.76,2019.6,3600.0,3600.0,556.28,3600.0,3600.0,3600.0,3600.0,3600.0,3600.0,3600.0,3600.0
7791e0ed90c5bf0cf4ad221ce4915c37,ms_evals/MS20/mse20-complete-unweighted/single_machine_scheduling/20-100-lambda100-76.wcnf.gz,3600.0,3600.0,3600.0,3600.0,3600.0,3600.0,3600.0,3600.0,3600.0,3600.0,3600.0,3600.0,3600.0,3600.0,3600.0
7ecd522fc5af568a79334d8d73cd6d11,ms_evals/MS20/mse20-complete-unweighted/single_machine_scheduling/20-100-frag12-32.wcnf.gz,3600.0,3260.42,2675.3,3336.69,3379.66,3600.0,3600.0,3600.0,3600.0,3600.0,3600.0,3600.0,3600.0,2693.28,3600.0
e23d927bb4b24c8082bd95968931e15b,ms_evals/MS20/mse20-complete-unweighted/single_machine_scheduling/20-100-lambda100-14.wcnf.gz,623.82,204.42,215.98,269.69,1665.76,3600.0,269.51,3600.0,3600.0,3600.0,643.16,3600.0,1321.17,3298.92,2765.57
5530dd4ac7cba8732f4dbad340b5b0a1,ms_evals/MS20/mse20-complete-unweighted/single_machine_scheduling/20-500-62.wcnf.gz,6.92,5.11,9.64,11.58,5.49,3.99,4.91,6.85,10.56,3600.0,36.1,3600.0,3.83,3.15,5.25
d58f7d3c7f050de541217d19004c9250,ms_evals/MS20/mse20-complete-unweighted/single_machine_scheduling/20-100-frag12-14.wcnf.gz,136.38,129.83,166.33,289.2,534.17,139.41,136.58,118.8,262.81,3600.0,886.14,3600.0,141.25,223.61,143.24
e1adf9b2a2a6b6cada8dd0385a7dbac0,ms_evals/MS20/mse20-complete-unweighted/single_machine_scheduling/20-100-p100-55.wcnf.gz,3600.0,3254.56,3600.0,3600.0,3600.0,3600.0,3600.0,3600.0,3600.0,3600.0,3600.0,3600.0,3600.0,3600.0,3600.0
20b0adf49df3b157ec19c2cdebae24c5,ms_evals/MS20/mse20-complete-unweighted/single_machine_scheduling/20-500-26.wcnf.gz,8.15,4.65,8.57,9.73,8.35,19.74,5.2,7.47,318.25,2985.45,23.98,3600.0,5.32,310.25,6.46
51b3d17a19ee2ca1de4374320bd909c8,ms_evals/MS20/mse20-complete-unweighted/single_machine_scheduling/20-100-frag12-58.wcnf.gz,3600.0,3600.0,3600.0,3600.0,3600.0,3600.0,3600.0,3600.0,3600.0,3600.0,3600.0,3600.0,3600.0,3600.0,3600.0
34dfd13ee926812c9f9d9d820408be14,ms_evals/MS20/mse20-complete-unweighted/single_machine_scheduling/20-500-76.wcnf.gz,16.69,12.74,13.71,3600.0,13.15,13.61,13.64,13.01,11.36,3600.0,34.55,1884.23,12.12,7.86,10.83
aa2bcedddaf251a16d9a06545cdb1f2c,ms_evals/MS20/mse20-complete-unweighted/single_machine_scheduling/20-100-frag12-0.wcnf.gz,716.18,680.57,856.21,1219.39,1829.0,1370.36,851.52,1450.14,1927.26,3600.0,3600.0,3600.0,1971.19,1141.54,968.92
ebd32fc4ce226ece0a1cae98e309277f,ms_evals/MS20/mse20-complete-unweighted/single_machine_scheduling/20-100-p100-32.wcnf.gz,3600.0,3600.0,3600.0,3600.0,3600.0,3600.0,3600.0,3600.0,3600.0,3600.0,3600.0,3600.0,3600.0,3600.0,3600.0
d69ab50746537c0ace08ff2de87439d5,ms_evals/MS20/mse20-complete-unweighted/single_machine_scheduling/20-500-33.wcnf.gz,11.5,5.94,11.37,14.13,12.31,272.07,5.98,9.94,25.24,3600.0,36.25,3600.0,6.78,5.12,8.12
a3bf14a311e04634a03e9f8ed318886e,ms_evals/MS20/mse20-complete-unweighted/single_machine_scheduling/20-100-frag12-18.wcnf.gz,3600.0,3600.0,3600.0,3600.0,3600.0,3600.0,3600.0,3600.0,3600.0,3600.0,3600.0,3600.0,3600.0,3600.0,3600.0
3de5dc0a6337702e79054246a35431c6,ms_evals/MS20/mse20-complete-unweighted/single_machine_scheduling/20-100-lambda100-47.wcnf.gz,3600.0,1009.68,1831.13,1528.66,1549.4,3600.0,1012.98,3600.0,3600.0,3600.0,3600.0,3600.0,3600.0,1828.49,3600.0
cb09f480097554eb297ec4cedba67457,ms_evals/MS20/mse20-complete-unweighted/single_machine_scheduling/20-100-p100-52.wcnf.gz,3600.0,3600.0,3600.0,3600.0,3600.0,3600.0,3600.0,3600.0,3600.0,3600.0,3600.0,3600.0,3600.0,3600.0,3600.0
cd4b639dfe9f686c8836c58de13d46f9,ms_evals/MS20/mse20-complete-unweighted/single_machine_scheduling/20-100-frag12-57.wcnf.gz,3600.0,3600.0,3600.0,3600.0,3600.0,3600.0,3600.0,3600.0,3600.0,3600.0,3600.0,3600.0,3600.0,3600.0,3600.0
7c9e0dbedcc4b3b78aa04868c1db7854,ms_evals/MS20/mse20-complete-unweighted/single_machine_scheduling/20-100-p100-4.wcnf.gz,3600.0,3600.0,3600.0,3600.0,3600.0,3600.0,3600.0,3600.0,3600.0,3600.0,3600.0,3600.0,3600.0,3600.0,3600.0
4d546e69da3360ec849a55436e1e524d,ms_evals/MS20/mse20-complete-unweighted/single_machine_scheduling/20-100-p100-28.wcnf.gz,3600.0,3600.0,3600.0,3600.0,3600.0,3600.0,3600.0,3600.0,3600.0,3600.0,3600.0,3600.0,3600.0,3600.0,3600.0
537de372dd00494a1441d1ac6aa0e18c,ms_evals/MS20/mse20-complete-unweighted/single_machine_scheduling/20-100-lambda100-56.wcnf.gz,3600.0,3600.0,3600.0,3600.0,3600.0,3600.0,3600.0,3600.0,3600.0,3600.0,3600.0,3600.0,3600.0,3600.0,3600.0
a4c241adcf2b1e88040664774f7dda45,ms_evals/MS20/mse20-complete-unweighted/single_machine_scheduling/20-500-42.wcnf.gz,8.9,4.64,8.6,10.75,6.62,380.59,4.04,7.15,4.97,3600.0,21.2,1821.01,3.98,2.89,5.07
1857848ecc5d4b2b297f825b37da543b,ms_evals/MS20/mse20-complete-unweighted/maxone/3col100_5_7.shuffled.cnf.wcnf.gz,0.1,0.13,0.16,0.33,1.12,0.04,0.09,0.21,0.07,6.61,0.06,5.85,0.07,0.4,0.27
37a1293b9ff955cef5cd8b4b17d9183e,ms_evals/MS20/mse20-complete-unweighted/maxone/3col80_5_8.shuffled.cnf.wcnf.gz,0.02,0.03,0.03,0.04,0.11,0.01,0.02,0.13,0.01,1.15,0.02,0.62,0.02,0.04,0.14
2607cbbd57a3e7780df6f61adba60c87,ms_evals/MS20/mse20-complete-unweighted/maxone/3col120_5_9.shuffled.cnf.wcnf.gz,0.9,1.78,1.62,5.13,3.53,1.21,0.99,1.56,0.84,151.46,0.48,89.97,0.88,7.54,3.57
2f64de6a667e2a2c5089a5bad20a0c07,ms_evals/MS20/mse20-complete-unweighted/maxone/med11.shuffled.cnf.wcnf.gz,0.01,1.33,0.09,0.13,0.08,0.01,1.82,0.18,0.02,0.54,0.03,0.88,0.02,0.09,0.18
896931026382a8327fc39019b83f043a,ms_evals/MS20/mse20-complete-unweighted/maxone/ezfact32_10.shuffled.cnf.wcnf.gz,0.15,0.69,0.63,0.46,2.56,0.05,1.98,0.37,0.03,38.04,0.05,48.03,0.03,1.64,0.73
ce89c272acf1f2403c1842733124f716,ms_evals/MS20/mse20-complete-unweighted/maxone/ezfact32_1.shuffled.cnf.wcnf.gz,0.02,0.02,0.13,0.14,0.18,0.04,0.12,0.32,0.02,20.19,0.04,22.53,0.03,0.19,0.32
db8338b9bcce2b770f52ecd1b0943f82,ms_evals/MS20/mse20-complete-unweighted/maxone/3col100_5_8.shuffled.cnf.wcnf.gz,0.09,0.1,0.12,0.37,0.99,0.05,0.1,0.21,0.05,8.6,0.1,8.91,0.05,0.62,0.4
3008e0bf43b718b99370f66ecf781258,ms_evals/MS20/mse20-complete-unweighted/maxone/3col140_5_5.shuffled.cnf.wcnf.gz,4.28,2.1,11.42,22.7,38.54,4.9,2.8,9.18,3600.0,251.29,15.59,231.11,5.32,15.03,13.74
eeae53b36b2cd02764bbe787de681c0a,ms_evals/MS20/mse20-complete-unweighted/maxone/3col80_5_6.shuffled.cnf.wcnf.gz,0.02,0.02,0.04,0.04,0.09,0.01,0.02,0.13,0.02,1.01,0.02,0.57,0.01,0.09,0.14
cefa9cccdfa65a0c54b8add894ec0e74,ms_evals/MS20/mse20-complete-unweighted/maxone/3col80_5_3.shuffled.cnf.wcnf.gz,0.02,0.02,0.03,0.05,0.03,0.01,0.03,0.15,0.01,1.39,0.02,1.26,0.01,0.05,0.13
4d388c2321698a8d9c4361640aa71600,ms_evals/MS20/mse20-complete-unweighted/maxone/3col120_5_8.shuffled.cnf.wcnf.gz,0.96,1.42,3.63,4.41,12.31,1.22,1.03,2.64,0.59,101.88,0.62,100.19,0.59,6.21,3.65
f657770553ff86dfa073b28aaa6b013e,ms_evals/MS20/mse20-complete-unweighted/maxone/dp02s02.shuffled.cnf.wcnf.gz,0.01,0.02,0.02,0.03,0.01,0.02,0.02,0.14,0.01,0.04,0.02,0.08,0.01,0.01,0.14
c130d91183ea08497e9647b91e9d46b9,ms_evals/MS20/mse20-complete-unweighted/maxone/ezfact32_6.shuffled.cnf.wcnf.gz,1.67,0.09,0.15,0.46,1.26,0.04,0.11,0.34,0.03,42.25,0.05,79.67,0.03,0.16,0.32
a948970c608443d7a202f783321d38aa,ms_evals/MS20/mse20-complete-unweighted/maxone/3col80_5_5.shuffled.cnf.wcnf.gz,0.03,0.03,0.03,0.03,0.04,0.01,0.02,0.13,0.01,0.88,0.02,0.58,0.01,0.01,0.13
704c9eaa8757fcd33b2aca4b215388cf,ms_evals/MS20/mse20-complete-unweighted/maxone/dp04s04.shuffled.cnf.wcnf.gz,0.36,0.11,10.78,16.17,1.28,0.12,1.63,1.07,0.14,100.89,0.1,73.28,0.13,0.7,1.04
d74153fe725187075c74fb65489c4e93,ms_evals/MS20/mse20-complete-unweighted/maxone/3col140_5_9.shuffled.cnf.wcnf.gz,5.59,2.74,16.45,30.85,46.15,7.8,3.8,9.72,3600.0,277.58,39.4,195.21,7.69,19.62,14.36
f0b18c40f62aed21dccc07a40f593ddb,ms_evals/MS20/mse20-complete-unweighted/maxone/3col120_5_10.shuffled.cnf.wcnf.gz,1.34,0.92,3.44,3.61,11.08,0.92,1.03,1.35,0.93,114.44,0.47,84.42,0.93,6.26,2.53
721e129959587b79a4429bb1a8dab4e9,ms_evals/MS20/mse20-complete-unweighted/reversi/rev66-26.wcnf.gz,3600.0,3600.0,3600.0,3600.0,3600.0,3600.0,3600.0,3600.0,3600.0,3600.0,3600.0,3600.0,3600.0,3600.0,3600.0
5fa0b77f1d6e5ef86c671f8a62928868,ms_evals/MS20/mse20-complete-unweighted/reversi/rev44-8.wcnf.gz,1.01,0.17,0.26,0.61,0.61,0.34,0.22,0.88,1.31,4.38,2.14,17.74,0.46,0.25,0.4
96701ada0bafaca3a9cdedda2a19193c,ms_evals/MS20/mse20-complete-unweighted/reversi/rev66-24.wcnf.gz,3600.0,3600.0,3600.0,3600.0,3600.0,3600.0,3600.0,3600.0,3600.0,3600.0,3600.0,3600.0,3600.0,3600.0,3600.0
847d144ffef16ae0f20f9ebde5f675a0,ms_evals/MS20/mse20-complete-unweighted/reversi/rev66-4.wcnf.gz,0.06,0.02,0.07,0.09,0.09,0.07,0.04,0.38,0.16,4.54,0.33,5.28,0.06,0.07,0.36
92cc907b5f6920a31dcc89cbb73f34b8,ms_evals/MS20/mse20-complete-unweighted/reversi/rev66-20.wcnf.gz,3600.0,3600.0,3600.0,3600.0,3600.0,3600.0,3600.0,3600.0,3600.0,3600.0,3600.0,3600.0,3600.0,3600.0,3600.0
7c9bf5669164f4536778846222835fdf,ms_evals/MS20/mse20-complete-unweighted/reversi/rev66-16.wcnf.gz,3600.0,3600.0,3600.0,3600.0,3600.0,3600.0,3600.0,3600.0,3600.0,3600.0,3600.0,3600.0,3600.0,3600.0,3600.0
9d8d0d1b5edc30c4fe7cb7de5a039c0e,ms_evals/MS20/mse20-complete-unweighted/reversi/rev44-4.wcnf.gz,0.02,0.01,0.02,0.02,0.02,0.02,0.02,0.15,0.02,0.15,0.07,0.25,0.02,0.02,0.15
319329db93ca7f663d7fad77b25db791,ms_evals/MS20/mse20-complete-unweighted/reversi/rev66-32.wcnf.gz,3600.0,3600.0,3600.0,3600.0,3600.0,3600.0,3600.0,3600.0,3600.0,3600.0,3600.0,3600.0,3600.0,3600.0,3600.0
51a56b1c8107453da4a79a4644c5b050,ms_evals/MS20/mse20-complete-unweighted/reversi/rev66-14.wcnf.gz,3600.0,3600.0,3600.0,3600.0,3600.0,3600.0,3600.0,3600.0,3600.0,3600.0,3600.0,3600.0,3600.0,3600.0,3600.0
eeb05fcbcd99c82b208f34b090e33f84,ms_evals/MS20/mse20-complete-unweighted/reversi/rev44-12.wcnf.gz,2.74,0.63,0.66,1.16,1.14,0.81,0.41,1.59,1.36,2.98,2.26,15.02,1.2,0.66,0.72
a30d356b34964d08e319e49b07a9cba2,ms_evals/MS20/mse20-complete-unweighted/min-fill/MinFill_R0_mulsol.i.3.wcnf.gz,343.63,3600.0,3600.0,3600.0,3600.0,3600.0,3600.0,268.18,3600.0,3600.0,412.87,3600.0,3600.0,3600.0,2214.58
e34c0270b6d40bcfaa886dfd8ff1ada1,ms_evals/MS20/mse20-complete-unweighted/min-fill/MinFill_R3_miles750.wcnf.gz,3600.0,3600.0,3600.0,3600.0,3600.0,3600.0,3600.0,3600.0,3600.0,3600.0,3600.0,3600.0,3600.0,3600.0,3600.0
1b1fab6dac83787cf92d370a3f616ef3,ms_evals/MS20/mse20-complete-unweighted/min-fill/MinFill_R3_david.wcnf.gz,35.11,3600.0,3600.0,3600.0,3600.0,3600.0,2540.85,422.84,3600.0,3600.0,108.33,3600.0,3600.0,3600.0,3600.0
de9576b8fa08763095536f9b258b1580,ms_evals/MS20/mse20-complete-unweighted/min-fill/MinFill_R0_myciel3.wcnf.gz,0.08,0.23,0.13,0.19,0.19,0.03,0.34,0.18,0.03,1.11,0.11,2.07,0.03,0.13,0.16
cfccbc4b1c707e54e6079ac274241296,ms_evals/MS20/mse20-complete-unweighted/min-fill/MinFill_R1_games120.wcnf.gz,3600.0,3600.0,3600.0,3600.0,3600.0,3600.0,3600.0,3600.0,3600.0,3600.0,3600.0,3600.0,3600.0,3600.0,3600.0
7c44e5592cce892060a3411115844599,ms_evals/MS20/mse20-complete-unweighted/min-fill/MinFill_R0_queen8_12.wcnf.gz,3600.0,3600.0,3600.0,3600.0,3600.0,3600.0,3600.0,3600.0,3600.0,3600.0,3600.0,3600.0,3600.0,3600.0,3600.0
957a119351606c4561d680738c36bab9,ms_evals/MS20/mse20-complete-unweighted/min-fill/MinFill_R0_queen9_9.wcnf.gz,3600.0,3600.0,3600.0,3600.0,3600.0,3600.0,3600.0,3600.0,3600.0,3600.0,3600.0,3600.0,3600.0,3600.0,3600.0
98ad198410e205a7e4b097a92eeae9c6,ms_evals/MS20/mse20-complete-unweighted/min-fill/MinFill_R0_mulsol.i.4.wcnf.gz,387.57,3600.0,3600.0,3600.0,3600.0,3600.0,3600.0,282.69,3600.0,3600.0,424.76,3600.0,3600.0,3600.0,1028.06
83c45b2b5d9a7077de6b8cb8dd382d8d,ms_evals/MS20/mse20-complete-unweighted/min-fill/MinFill_R0_myciel4.wcnf.gz,0.91,252.96,3600.0,3600.0,3600.0,1.64,2293.83,0.9,22.14,3600.0,3.74,3600.0,5.48,3600.0,3.54
df11b5a4e85840c22f186c308a24a3e6,ms_evals/MS20/mse20-complete-unweighted/min-fill/MinFill_R0_queen6_6.wcnf.gz,3600.0,3600.0,3600.0,3600.0,3600.0,3600.0,3600.0,3600.0,3600.0,3600.0,3600.0,3600.0,3600.0,3600.0,3600.0
114527052c66d447e2667df7daa87dd2,ms_evals/MS20/mse20-complete-unweighted/min-fill/MinFill_R0_miles1500.wcnf.gz,413.87,3600.0,3600.0,3600.0,3600.0,3600.0,3600.0,273.48,3600.0,3600.0,739.38,3600.0,561.99,3600.0,3600.0
3fc9af170b9d5adb0d35e99318434462,ms_evals/MS20/mse20-complete-unweighted/min-fill/MinFill_R0_queen8_8.wcnf.gz,3600.0,3600.0,3600.0,3600.0,3600.0,3600.0,3600.0,3600.0,3600.0,3600.0,3600.0,3600.0,3600.0,3600.0,3600.0
837d41f6eff78d054f7fc84964d494f2,ms_evals/MS20/mse20-complete-unweighted/CircuitTraceCompaction/mrisc_mem2wire.wcnf.gz,109.49,56.91,66.27,81.99,94.62,22.05,56.06,101.56,19.74,125.9,81.16,462.97,25.85,65.27,95.94
92e9cdb0d69727bacf405d21ea1d8357,ms_evals/MS20/mse20-complete-unweighted/CircuitTraceCompaction/spi.wcnf.gz,13.34,3.4,10.77,13.43,14.1,7.94,3.65,11.27,2.75,240.73,5.47,450.3,2.49,12.54,17.98
4b24e34b378fb7ba5791c982c09f918a,ms_evals/MS20/mse20-complete-unweighted/CircuitTraceCompaction/ctrl.wcnf.gz,0.47,0.14,0.29,0.42,0.44,0.14,0.13,0.83,0.16,57.34,0.52,31.35,0.1,0.3,0.8
32aa464882ccb7227fb93f573d88b39e,ms_evals/MS20/mse20-complete-unweighted/CircuitTraceCompaction/sudoku.wcnf.gz,40.97,3.14,9.36,8.17,9.31,6.49,6.32,56.66,3.76,70.17,24.07,49.99,4.15,11.73,36.53
a949988fbd605b8c710eea70750638e2,ms_evals/MS20/mse20-complete-unweighted/set_cover_sts/data.243.wcnf.gz,3600.0,3600.0,3600.0,3600.0,3600.0,3600.0,3600.0,3600.0,3600.0,3600.0,3600.0,3600.0,3600.0,3600.0,3600.0
454db96157358269d852b363f50490fd,ms_evals/MS20/mse20-complete-unweighted/set_cover_sts/data.135.wcnf.gz,3600.0,3600.0,3600.0,3600.0,3600.0,3600.0,3600.0,3600.0,3600.0,3600.0,3600.0,3600.0,3600.0,3600.0,3600.0
fa7e6a3895c51454ecbf95afa8c5ff94,ms_evals/MS20/mse20-complete-unweighted/set_cover_sts/data.405.wcnf.gz,3600.0,3600.0,3600.0,3600.0,3600.0,3600.0,3600.0,3600.0,3600.0,3600.0,3600.0,3600.0,3600.0,3600.0,3600.0
8d3c38ed46747150c3c02bce8218e3b4,ms_evals/MS20/mse20-complete-unweighted/set_cover_sts/data.729.wcnf.gz,3600.0,3600.0,3600.0,3600.0,3600.0,3600.0,3600.0,3600.0,3600.0,3600.0,3600.0,3600.0,3600.0,3600.0,3600.0
9c9e5c88076ea2a7bba74d6c5a85eb2d,ms_evals/MS20/mse20-complete-unweighted/logic-synthesis/normalized-clip.b.opb.msat.wcnf.gz,0.04,0.37,0.03,0.05,0.05,0.05,0.55,0.29,0.01,0.07,0.07,0.09,0.01,0.03,0.23
3de8ee5ac0232bdf3b8568dba23d6dae,ms_evals/MS20/mse20-complete-unweighted/logic-synthesis/normalized-5xp1.b.opb.msat.wcnf.gz,0.73,11.49,0.11,0.17,0.17,0.34,12.21,2.02,0.41,2.83,0.22,1.01,1.02,0.11,0.37
fd69f08ed413cff4cdda66fc7b7c9d02,ms_evals/MS20/mse20-complete-unweighted/logic-synthesis/normalized-count.b.opb.msat.wcnf.gz,0.16,10.04,0.05,0.07,0.03,0.08,14.31,0.54,0.11,0.1,0.17,0.13,0.05,0.03,0.17
5cf8eba51006d02c5a08d6bb37cee8cc,ms_evals/MS20/mse20-complete-unweighted/logic-synthesis/normalized-ex5.pi.opb.msat.wcnf.gz,2531.11,3600.0,3600.0,3600.0,3600.0,3600.0,3600.0,2410.28,3600.0,3600.0,2.21,1847.6,3600.0,3600.0,3600.0
108973519f53f7f81ceab2712c3aff64,ms_evals/MS20/mse20-complete-unweighted/logic-synthesis/normalized-test4.pi.opb.msat.wcnf.gz,3600.0,3600.0,3600.0,3600.0,3600.0,3600.0,3600.0,3600.0,3600.0,3600.0,3600.0,3600.0,3600.0,3600.0,3600.0
f1e79a14f32122fcbf61d57ec28f0851,ms_evals/MS20/mse20-complete-unweighted/logic-synthesis/normalized-9sym.b.opb.msat.wcnf.gz,0.05,0.04,0.04,0.05,0.05,0.04,0.04,0.16,0.01,0.04,0.11,0.05,0.01,0.04,0.14
6b76e3b6068084e51855bd4a473f690b,ms_evals/MS20/mse20-complete-unweighted/logic-synthesis/normalized-f51m.b.opb.msat.wcnf.gz,0.54,23.32,0.1,0.19,0.13,0.41,44.18,0.58,0.04,1.18,0.12,1.28,0.06,0.06,0.17
3f7875326052f321bc4490ec77272a2d,ms_evals/MS20/mse20-complete-unweighted/logic-synthesis/normalized-jac3.opb.msat.wcnf.gz,5.92,3600.0,424.77,135.61,138.3,1.24,3600.0,1.39,1.23,0.09,0.38,0.29,0.4,427.59,1.89
f48eb730fb2f429e5a9b4aea6b4aea82,ms_evals/MS20/mse20-complete-unweighted/logic-synthesis/normalized-exam.pi.opb.msat.wcnf.gz,210.07,3600.0,3600.0,3600.0,3600.0,3600.0,3600.0,3600.0,3600.0,3600.0,0.66,3600.0,3600.0,3600.0,3600.0
50e756f176885ec294c658ca626e4767,ms_evals/MS20/mse20-complete-unweighted/logic-synthesis/normalized-e64.b.opb.msat.wcnf.gz,0.5,3600.0,0.18,0.36,0.36,0.42,3600.0,0.53,19.04,756.65,0.61,12.16,1.42,0.19,0.67
05284bd7ad00f831f5b5fa69a70e503f,ms_evals/MS20/mse20-complete-unweighted/logic-synthesis/normalized-apex4.a.opb.msat.wcnf.gz,7.37,3600.0,17.11,79.17,0.5,2.62,3600.0,6.47,0.51,3600.0,1.44,3600.0,0.55,0.22,2.25
ba614368f455dfef5528cdf47765885c,ms_evals/MS20/mse20-complete-unweighted/logic-synthesis/normalized-max1024.pi.opb.msat.wcnf.gz,16.84,3600.0,3600.0,3600.0,3600.0,3600.0,3600.0,1400.53,3600.0,3600.0,0.97,3600.0,84.15,3600.0,3600.0
509f50274086386f24432a84ee9bfb2f,ms_evals/MS20/mse20-complete-unweighted/logic-synthesis/normalized-rot.b.opb.msat.wcnf.gz,9.44,3600.0,112.65,172.62,983.68,1567.07,3600.0,341.03,3600.0,3600.0,0.5,3600.0,3600.0,3600.0,972.0
a4cf93b3a9a661f3cd481d592ebfdcb0,ms_evals/MS20/mse20-complete-unweighted/logic-synthesis/normalized-bench1.pi.opb.msat.wcnf.gz,3600.0,3600.0,3600.0,3600.0,3600.0,3600.0,3600.0,3600.0,3600.0,3600.0,1.7,3600.0,3600.0,3600.0,3600.0
be4a0cc699af4d1d2282b52f9b84a6c2,ms_evals/MS20/mse20-complete-unweighted/logic-synthesis/normalized-sao2.b.opb.msat.wcnf.gz,0.04,328.7,44.21,113.72,110.18,0.03,615.52,0.16,0.01,0.02,0.2,0.02,0.02,43.62,0.14
ee1004294b39308678f4be8ad146d4af,ms_evals/MS20/mse20-complete-unweighted/logic-synthesis/normalized-alu4.b.opb.msat.wcnf.gz,3600.0,3600.0,3600.0,3600.0,3600.0,3600.0,3600.0,3600.0,3600.0,3600.0,0.75,3600.0,3600.0,3600.0,3600.0
e5b219bb5a21d05bfe54eb8f8b80009c,ms_evals/MS20/mse20-complete-unweighted/logic-synthesis/normalized-prom2.pi.opb.msat.wcnf.gz,3.58,3600.0,3600.0,3600.0,288.69,3600.0,3600.0,3600.0,2227.52,3600.0,0.43,3600.0,3600.0,1303.4,3600.0
2a0b2bdce1509c44c257d5aee2936255,ms_evals/MS20/mse20-complete-unweighted/aes/mul_8_3.wcnf.gz,3600.0,3600.0,3600.0,3600.0,3600.0,3600.0,3600.0,3600.0,3600.0,3600.0,725.46,3600.0,3600.0,3600.0,3600.0
e44035e719a4c9f163728cb657616426,ms_evals/MS20/mse20-complete-unweighted/aes/mul_8_11.wcnf.gz,3600.0,3600.0,3600.0,3600.0,3600.0,3600.0,3600.0,3600.0,3600.0,3600.0,3600.0,3600.0,3600.0,3600.0,3600.0
0407c9a31122adb16306950d1f326ee5,ms_evals/MS20/mse20-complete-unweighted/aes/mul_8_13.wcnf.gz,3600.0,3600.0,3600.0,3600.0,3600.0,3600.0,3600.0,3600.0,3600.0,3600.0,3600.0,3600.0,3600.0,3600.0,3600.0
0daa3ef64a8653427d70c92d04c7e85d,ms_evals/MS20/mse20-complete-unweighted/aes/mul_8_9.wcnf.gz,3600.0,3600.0,3600.0,3600.0,3600.0,3600.0,3600.0,3600.0,3600.0,3600.0,3600.0,3600.0,3600.0,3600.0,3600.0
838ae4d3694782ea608dc243073b5921,ms_evals/MS20/mse20-complete-unweighted/aes/sbox_8.wcnf.gz,3600.0,3600.0,3600.0,3600.0,3600.0,3600.0,3600.0,3600.0,3600.0,3600.0,3600.0,3600.0,3600.0,3600.0,3600.0
6b77285052fb29342daa6d99abc384ce,ms_evals/MS20/mse20-complete-unweighted/aes/sbox_4.wcnf.gz,0.33,1133.67,0.13,0.17,0.17,1.68,1917.73,0.36,0.51,0.19,0.8,0.62,0.32,0.13,0.42
5c480a59388fb830f4214e077bae2176,ms_evals/MS20/mse20-complete-unweighted/aes/mul_8_14.wcnf.gz,3600.0,3600.0,3600.0,3600.0,3600.0,3600.0,3600.0,3600.0,3600.0,3600.0,3600.0,3600.0,3600.0,3600.0,3600.0
a6c8d646a93cf9119be2285987a9e54a,ms_evals/MS20/mse20-complete-unweighted/MaximumCommonSub-GraphExtraction/g3_n116e116_n161e163_n197e197.wcnf.gz,2974.93,3600.0,3600.0,1984.78,2385.51,3600.0,3600.0,3600.0,3600.0,3600.0,3600.0,3600.0,3600.0,3600.0,3600.0
84c35efe35fc43d3fa24280742e2a720,ms_evals/MS20/mse20-complete-unweighted/MaximumCommonSub-GraphExtraction/g2_n15e13_n22e31.wcnf.gz,144.28,568.34,370.31,123.65,225.02,206.44,629.16,396.69,3600.0,3600.0,5.35,409.58,3600.0,206.71,406.48
f074632e284ba7482402547bcecc0b54,ms_evals/MS20/mse20-complete-unweighted/MaximumCommonSub-GraphExtraction/g2_n122e140_n368e460.wcnf.gz,3.73,61.78,3.8,13.58,9.49,8.52,89.42,22.45,9.62,3600.0,22.14,3600.0,7.53,2.75,23.22
5a91918eb53faa4260c90ac46736a34d,ms_evals/MS20/mse20-complete-unweighted/MaximumCommonSub-GraphExtraction/g3_n57e75_n59e78_n65e72.wcnf.gz,9.79,91.68,77.02,92.27,37.31,9.03,213.67,6.61,746.55,3600.0,26.82,3600.0,15.95,98.37,44.06
1f93b27b6f512719b317845986189103,ms_evals/MS20/mse20-complete-unweighted/MaximumCommonSub-GraphExtraction/g2_n116e116_n197e197.wcnf.gz,6.39,85.64,4.37,21.57,33.44,14.79,198.87,36.94,12.65,803.84,24.84,3600.0,12.45,3.38,36.33
058aea28496759991c32c7ada313c7bb,ms_evals/MS20/mse20-complete-unweighted/MaximumCommonSub-GraphExtraction/g3_n55e66_n56e66_n89e110.wcnf.gz,26.29,163.82,225.07,33.63,42.82,42.62,160.89,29.82,328.44,3600.0,192.94,3600.0,30.03,344.45,137.95
dbf62e909794db980bdc425aadc73f3c,ms_evals/MS20/mse20-complete-unweighted/MaximumCommonSub-GraphExtraction/g2_n45e48_n53e64.wcnf.gz,28.59,95.25,41.43,34.9,45.07,22.77,141.11,25.09,138.16,3600.0,75.61,3600.0,53.45,110.72,25.63
9188fe06d4d73ab7814f0aabe141d063,ms_evals/MS20/mse20-complete-unweighted/MaximumCommonSub-GraphExtraction/g2_n56e57_n61e85.wcnf.gz,217.19,423.32,198.03,99.29,119.67,58.45,290.68,259.55,781.33,3600.0,129.35,3600.0,221.51,341.47,273.27
