hash,CASHWMaxSAT,CASHWMaxSATGoal,CASHWMaxSATInc,COGS,CoreForge,CoreForgeILP,CoreForgeILPLA,CPMpy_HiGHS,CPMpy_ORTools,EvalMaxRes,EvalMaxSAT,EvalMaxSATSCIP,MaxCDCL2026,MaxCDCL2026S2,MaxCDCL2026S2O3,MaxHS,MaxHSScipExact,UWrMaxSAT2026,UWrMaxSatMaxCDCL,WMaxCDCL2026,WMaxCDCL2026S6,WMaxCDCL2026S6O3
00a636275fb597ccb2d1c9903b579482,8.78228,7.89655,7.67582,8.24601,2.29433,11.6325,11.2665,4.04,73.7269,9.58592,3.23262,13.7016,10.3533,7.06757,0.412887,2.2124,2.40603,2.24805,2.09732,0.748756,7.12968,0.413393
00d05fc786077aeea5977a4da14e71d8,661.956,665.186,665.084,29.4302,586.796,667.991,733.811,timeout,timeout,1032.27,802.701,1032.1,123.37,124.881,419.393,timeout,timeout,1046.49,281.558,516.204,527.525,809.81
00f99472b0fb1e4bfb9d46770fe01301,675.504,692.153,705.239,2.23995,26.1604,137.489,136.19,timeout,unknown,468.193,61.842,548.819,32.5925,31.6091,41.6135,69.6472,67.9638,11.6841,4.00259,30.5088,31.6445,37.5097
012afb3a2a741d212cdfe35609cc25d2,timeout,timeout,timeout,timeout,timeout,timeout,timeout,timeout,timeout,timeout,timeout,timeout,timeout,timeout,timeout,timeout,2694.16,2285.11,timeout,timeout,timeout,timeout
016cd39c0928228e82a7dadd4361a2c1,0.049218,0.072348,0.07469,0.063206,0.04631,0.127776,0.129346,1.84158,20.7504,2.50878,0.068364,0.093627,0.046803,0.070494,0.064115,51.2228,51.4234,0.038683,0.034229,0.604429,0.120455,0.065609
02498844e9709dacd12637ac411c8c10,352.305,466.688,460.597,1036.61,465.697,526.773,584.824,timeout,memout,519.972,601.467,607.409,370.39,373.644,669.452,213.764,215.689,209.854,247.109,474.138,419.923,721.978
02b954e56938c609faed7744eb907854,timeout,timeout,timeout,timeout,timeout,timeout,timeout,timeout,timeout,timeout,timeout,timeout,timeout,timeout,timeout,timeout,timeout,timeout,timeout,timeout,timeout,timeout
02fdce33cbcd7d12956a486125e9b328,1.15326,1.19044,1.20134,0.671406,2.78581,5.17456,5.19418,4.84079,25.3847,178.38,0.677901,0.681368,0.263617,0.60125,274.257,53.2514,60.7056,1.26586,0.361218,0.405685,1.02864,271.282
03a535a8c5a77951e5c2a0de5b4ab2f2,timeout,timeout,timeout,timeout,timeout,timeout,timeout,timeout,timeout,timeout,timeout,timeout,224.361,447.63,697.833,timeout,timeout,timeout,2231.84,1257.96,1846.91,2140.4
03a7a9705731681707c028c9234394de,timeout,timeout,timeout,timeout,timeout,timeout,timeout,timeout,unknown,timeout,timeout,timeout,timeout,timeout,timeout,timeout,timeout,timeout,timeout,timeout,timeout,timeout
0407c9a31122adb16306950d1f326ee5,timeout,timeout,timeout,timeout,timeout,timeout,timeout,timeout,timeout,timeout,timeout,timeout,timeout,timeout,timeout,timeout,timeout,timeout,timeout,timeout,timeout,timeout
0429280dbb55b0b70950f0ed05adc615,0.851619,0.848451,0.868399,0.237148,1.98563,1.96162,1.98094,90.7407,memout,26.0973,20.4448,123.537,4.06608,4.15031,0.30812,2.35742,2.46459,8.20031,7.85884,3.8372,3.81441,0.305151
053470870a4d81334fe6808ce9a13396,10.6255,10.2082,10.4276,17.1643,6.29176,56.9423,90.9405,172.333,memout,375.501,487.32,502.155,64.8456,64.0509,0.643478,112.007,timeout,32.6557,26.6101,36.378,37.6854,0.630461
054518439287ae5757ea807e1305ee25,97.9264,96.0997,86.5939,140.836,178.79,245.147,905.132,timeout,memout,435.866,453.848,460.576,279.618,279.873,566.971,712.318,1373.54,timeout,timeout,277.595,292.975,571.898
0643c3f6fdfd444bc3861085924ee65b,timeout,timeout,timeout,timeout,timeout,timeout,timeout,timeout,timeout,timeout,timeout,timeout,timeout,timeout,timeout,timeout,timeout,timeout,timeout,timeout,timeout,timeout
065fcbae462cb949a741f3836ed49c3d,695.205,687.201,686.183,483.682,47.5166,102.268,101.937,timeout,249.375,653.755,72.6227,545.36,27.0824,240.643,7.83214,20.9164,21.0722,51.674,184.814,71.6693,670.993,7.70498
06998d069dfc4c04a0bc153c0364fc7b,timeout,2514.56,2530.08,timeout,1427.12,605.631,725.805,timeout,timeout,849.792,87.3061,1146.24,timeout,timeout,256.152,3048.47,timeout,1295.59,timeout,timeout,timeout,253.324
06dbf935ded3e22a0a6ecab934dd7e53,timeout,timeout,timeout,timeout,timeout,timeout,timeout,timeout,timeout,timeout,timeout,timeout,timeout,timeout,timeout,timeout,timeout,timeout,timeout,timeout,timeout,timeout
06e8ffc3e8e1bc147bc8a5b562d10870,55.6292,56.7828,57.2128,55.7242,4.32765,38.0011,37.7242,939.033,12.3663,70.5091,27.9261,64.9073,0.332215,51.4338,4.66551,timeout,timeout,1.95011,2.10968,1.58321,43.9863,4.66843
07bd6ebbcab2ad3e9229fd6a0b7b64a8,2925.25,2061.28,2091.82,timeout,timeout,timeout,timeout,timeout,3194.39,2029.79,685.536,1188.77,1073.9,1317.56,1616.34,timeout,unknown,unknown,2368.59,770.079,1368.74,1637.66
085bf43f01b852422f2804e3cfadc3e5,165.533,170.291,167.594,147.322,timeout,timeout,timeout,timeout,122.285,909.945,191.744,262.856,1875.19,24.5312,321.851,39.3641,timeout,13.145,438.067,timeout,39.116,336.416
088d72d4d58132ad65be228e2d07b8da,timeout,2759.4,2668.3,timeout,2661.93,249.835,2357.94,timeout,timeout,timeout,209.766,743.375,timeout,timeout,timeout,1821.83,timeout,2649.17,timeout,timeout,timeout,timeout
09b4e1f7e316a38d643bea2e48b3eccd,10.3784,10.1013,10.3331,2.87683,19.4416,17.6856,20.2649,timeout,unknown,45.3678,55.3513,56.2253,14.1168,14.1579,1.85108,1995.63,2021.35,84.6494,64.1995,21.574,21.3221,1.81278
09b73c4d04c444c15d86812cd056485e,813.65,743.538,748.662,132.088,74.367,63.7083,157.712,timeout,memout,618.987,61.528,563.426,85.5533,86.4074,225.177,93.4432,93.7658,58.8413,236.292,97.1395,97.9212,224.731
09fda8f0ba6f1a518a2035a8bf6f55cd,608.771,604.014,607.712,50.6258,51.472,53.3349,55.1886,timeout,unknown,133.964,42.0318,45.8469,61.6384,61.9211,251.863,36.8959,38.5073,16.167,9.65077,340.3,354.757,256.273
0a809976dc20be430529aef0713b6cf3,timeout,timeout,timeout,timeout,timeout,timeout,timeout,timeout,timeout,timeout,timeout,timeout,timeout,timeout,timeout,timeout,timeout,timeout,timeout,timeout,timeout,timeout
0b0bd3b6de10fb23ad7d1de62942c1c2,timeout,timeout,timeout,timeout,timeout,timeout,timeout,timeout,memout,timeout,timeout,timeout,timeout,timeout,timeout,timeout,timeout,timeout,timeout,timeout,timeout,timeout
0b177b045643dd74fe7048d1f524c059,896.134,timeout,timeout,559.183,1008.4,1439.35,1218.34,timeout,timeout,824.65,166.06,636.971,2242.3,1886.98,2180.26,timeout,timeout,1117.66,198.63,2264.61,2920.22,3248.61
0b49031aad85b9e0bd392ff6f4cc9659,296.567,239.411,267.699,timeout,1987.21,2259.76,3421.55,timeout,memout,timeout,unknown,memout,timeout,timeout,timeout,timeout,timeout,timeout,timeout,timeout,timeout,timeout
0bd5ad46e514cbca1c9b67f3b65e580b,timeout,timeout,timeout,timeout,timeout,timeout,timeout,timeout,timeout,timeout,timeout,timeout,285.409,490.245,807.487,timeout,timeout,timeout,2389.19,1556.48,1895.39,2200.88
0bedde11e25375f9ab6af1961ffe7e0a,timeout,timeout,timeout,timeout,timeout,timeout,timeout,timeout,timeout,timeout,timeout,timeout,130.428,380.352,680.629,timeout,timeout,timeout,1981.55,739.68,1571.67,1871.43
0c2c1e71d218a7dc9f2e149897db9329,6.86015,7.0087,6.97237,6.93587,0.999404,43.0236,40.8256,8.69824,83.2127,184.42,4.27279,18.4355,0.872047,2.54378,298.958,2.65237,7.46551,0.656661,0.987525,1.90599,2.21978,297.795
0d2747125ea4f6f532015416bc1bcbfb,0.077451,0.101875,0.102199,0.094586,0.048341,0.193285,0.183226,1.80498,2.1143,1.15995,0.154548,0.115782,0.035334,0.148375,0.090982,0.093953,0.09462,0.035923,0.035634,0.485359,0.102502,0.084598
0d2d7640c96fd0c4008dae2d1f32eb12,601.165,601.363,601.337,435.97,3.08795,11.7839,11.4427,1362.76,173.316,404.187,4.02555,499.951,22.3565,220.452,26.0381,2.60671,2.60281,16.5147,6.89898,33.6061,628.419,24.6539
0daa3ef64a8653427d70c92d04c7e85d,977.396,1031.15,1064.22,timeout,timeout,timeout,timeout,2020.03,timeout,timeout,timeout,timeout,timeout,timeout,timeout,867.986,timeout,1164.77,1785.83,timeout,timeout,timeout
0e00a9a93bef563ec722d80070a54e2d,timeout,timeout,timeout,timeout,timeout,timeout,timeout,timeout,timeout,timeout,286.721,781.107,timeout,timeout,timeout,1464.06,timeout,timeout,timeout,timeout,timeout,timeout
0f0144ae755d061b28279676b62153c5,timeout,timeout,timeout,timeout,timeout,timeout,timeout,timeout,timeout,2997.23,62.0218,721.301,timeout,timeout,217.291,1062.77,timeout,2292.08,timeout,timeout,timeout,212.413
0f0ffd2d71291bc3f6f1d5a2be42514e,18.6803,20.5068,21.6122,4.0917,42.4049,38.7939,38.9476,timeout,memout,53.4228,61.1598,89.7796,34.8258,35.5054,4.96085,19.8931,18.2272,22.9936,8.74436,93.6867,88.5027,4.53109
0f93e8b25d57ec13ee4a061ea0ce126c,58.1797,47.5513,47.0405,1798.18,1300.82,60.9054,1484.04,timeout,timeout,483.625,memout,memout,207.687,211.353,277.083,timeout,unknown,1168.24,205.287,221.232,172.108,269.991
10332708761aa67df3bfedd9a1306877,724.092,746.112,748.795,101.814,260.073,443.523,489.845,timeout,timeout,704.031,300.366,632.887,208.94,209.606,121.702,timeout,timeout,1027.7,157.565,261.482,252.782,117.319
11110e447e3ef4e1d34a4d3a9631e8c9,0.186701,0.21069,0.21625,0.180794,0.054731,0.585815,0.581854,1.9226,19.5444,2.73274,0.348089,0.274222,0.04364,0.445725,0.7703,0.081115,0.083994,0.044435,0.043059,0.533989,0.203756,0.771182
1138c3481b5bea8d51cb8c29e9d9e271,timeout,timeout,timeout,timeout,timeout,2560.71,3015.06,timeout,timeout,2875.78,1281.58,2373.2,timeout,timeout,timeout,1345.81,timeout,2150.44,timeout,timeout,timeout,timeout
120300a787370542a9c2d6e08a91820f,timeout,timeout,timeout,timeout,timeout,timeout,timeout,timeout,timeout,timeout,timeout,timeout,timeout,timeout,timeout,timeout,timeout,timeout,timeout,timeout,timeout,timeout
135bd3eff4ff57044d4d93bfacbb2bab,0.017589,0.041267,0.04153,0.078869,0.170993,0.156582,0.158813,2.54347,1.96458,5.70424,0.040905,0.207586,0.027191,0.033248,0.063777,0.042507,0.04267,0.044995,0.046954,0.027897,0.03361,0.062341
1400bd549777fc2fdd0b9ffe4e414c32,164.333,167.866,171.486,368.737,1.60583,185.724,185.622,493.331,timeout,424.33,4.36126,326.117,230.853,94.5363,0.359934,2.30555,5.51084,0.60821,0.571967,347.064,105.038,0.35957
14115238c37419b29356fe69d20862d1,0.036689,0.06313,0.062975,0.168591,3.17483,4.87822,4.79673,3.48641,2.26529,178.38,0.144082,0.45181,0.04169,0.050007,0.203204,0.087763,0.086824,0.080726,0.092658,0.045305,0.05151,0.198775
142263bf4c4a0b35ec0a355946be2665,608.395,616.611,615.807,85.5438,46.9968,355.952,293.048,timeout,timeout,223.526,269.013,254.978,timeout,timeout,54.1496,1537.14,1431.58,29.5124,19.5284,2027.61,2679.76,52.2488
142bdf8e45fb46be60312d0484c7bc45,343.747,347.078,339.518,193.13,271.648,337.208,375.181,timeout,timeout,580.592,514.011,439.049,293.43,290.988,84.4255,192.723,131.131,164.547,124.327,116.647,124.37,83.3847
1456662a9395472c9d581bfd9d447717,1400.02,3173.24,3210.64,20.1034,2.33665,185.793,185.842,timeout,2856.78,588.414,11.6698,512.5,12.1694,12.1498,14.014,50.032,37.7179,2.84837,1.46302,9.72059,9.30003,13.8389
15255247c63aa075e943149364039475,1208.46,435.501,432.229,3151.16,275.731,329.982,402.351,timeout,memout,294.252,162.755,158.718,196.467,195.902,128.662,262.208,232.65,315.116,321.623,208.894,222.029,126.785
15479b76bc8d6b7020a956656751a0c7,616.585,599.965,601.913,0.172946,1.34562,185.137,184.634,timeout,731.197,490.212,0.97831,497.557,7.46401,7.44136,21.5673,1.38617,1.34364,1.71818,1.35369,8.40842,8.63785,20.9916
156d1ba57b0a04ce276a652a7985c524,4.21529,4.16707,4.17215,6.19293,0.082946,7.2451,7.21305,5.28622,11.5721,7.07335,0.081189,5.47842,0.050883,4.066,0.932343,0.158048,0.159931,0.205952,0.240715,0.408075,4.48293,0.933058
1587da0ac291d9d4a60a366c73909e30,0.044118,0.066437,0.069454,0.062481,0.038743,0.101427,0.100336,1.80176,1.99642,1.28495,0.080681,0.080615,0.028313,0.063699,0.076867,0.038193,0.037295,0.034705,0.034592,0.039822,0.065238,0.077781
165dd8a4a47b2d43f39bd3e9f6a49861,66.6981,61.7595,61.7972,69.2389,timeout,78.5759,78.5718,98.5996,2044.35,248.401,timeout,53.099,84.7556,66.3474,363.119,73.1965,307.913,189.978,474.883,55.2342,61.0085,356.902
16a85b4b74225dcf184936297cdc9810,1.2862,1.22402,1.18824,0.341553,15.2675,21.3072,21.2132,138.155,36.3036,178.509,1.09862,1.14786,1.4836,1.70738,1.89618,1.82266,1.66543,2.69195,2.99251,0.853455,1.08009,1.77359
16cbddfab5df613311de982f5a463ccf,2058.45,timeout,timeout,3162.65,timeout,timeout,timeout,timeout,timeout,3589.47,timeout,timeout,153.192,368.472,667.348,timeout,timeout,2874.32,1991.02,688.835,1127.3,1424.69
172962b9b9e8b59232b58b3f29b9278d,timeout,timeout,timeout,timeout,timeout,timeout,timeout,timeout,timeout,timeout,timeout,timeout,timeout,timeout,timeout,timeout,timeout,timeout,timeout,timeout,timeout,timeout
17650b602fa831b593b6ce240818722a,timeout,timeout,timeout,timeout,timeout,timeout,timeout,timeout,timeout,timeout,timeout,timeout,timeout,timeout,timeout,timeout,timeout,timeout,timeout,timeout,timeout,timeout
1835496cf1aa0cb15ea1bd1aec3ef3e6,3.68623,3.61129,3.73496,0.391758,3.4016,3.20255,3.37059,79.8203,691.754,17.0347,9.37964,9.66914,2.4349,2.74115,7.94968,2.25288,2.3643,1.16222,1.44358,2.81603,3.15804,7.64547
18412b23e3950ab5c034ad546ecb6fa8,1450.8,1615.92,1682.47,3090.08,192.242,636.345,728.355,timeout,timeout,1390.22,332.613,800.682,147.759,348.163,646.711,timeout,unknown,207.334,865.19,441.937,798.281,1092.78
1917b1f8c00d6dd4e3ebaa9f278bad5a,timeout,timeout,timeout,timeout,timeout,timeout,timeout,timeout,timeout,timeout,timeout,timeout,timeout,timeout,timeout,timeout,timeout,timeout,timeout,timeout,timeout,timeout
19a8b79caae61631a7458e3124d64474,219.731,237.039,223.658,2012.46,timeout,timeout,timeout,timeout,memout,2019.16,3173.89,2694.56,timeout,timeout,timeout,210.043,221.991,211.684,187.852,3406.65,3416.04,timeout
1b0c646f14bffce89071d7591de2e297,609.6,604.024,603.961,308.143,41.0718,53.3644,123.159,timeout,memout,1661.95,524.874,782.149,1429.3,1378.99,51.0356,timeout,timeout,94.5661,45.11,3153.12,3076.82,51.5041
1b91445885ea8f7115f18c6a80bb4621,timeout,timeout,timeout,timeout,timeout,timeout,timeout,timeout,timeout,timeout,timeout,timeout,timeout,timeout,timeout,timeout,timeout,timeout,timeout,timeout,timeout,timeout
1bd78b99be668861d77c688fa2900396,0.05152,0.074369,0.074818,0.218641,0.509755,0.572676,0.571892,5.24033,4.31527,178.108,0.089034,0.745598,0.042216,0.057816,0.076739,0.09231,0.09055,0.098425,0.100572,0.031808,0.057457,0.076352
1c6602ba648c5b2f6b3434fe8bc0d373,timeout,timeout,timeout,timeout,timeout,832.535,1991.62,timeout,timeout,890.006,398.298,timeout,timeout,timeout,265.101,946.626,timeout,timeout,timeout,timeout,timeout,269.866
1c8a4115887ccd6fb9c412bfbc2e9d0c,11.0124,11.8686,11.7482,3.41891,14.3375,14.2965,20.2684,timeout,memout,101.014,400.11,403.59,18.7652,18.5141,1.14164,118.336,119.113,113.431,70.0686,22.6319,23.5913,1.03572
1c9d6ba2a16d2a3e9df82e0ea1d1e54d,595.044,589.794,595.15,397.019,0.370411,90.927,91.3439,1221.87,64.7273,409.459,0.447378,494.282,0.302322,198.708,0.483841,0.356434,0.35631,0.246821,0.24538,0.711687,261.387,0.45675
1ca8d512d04157542f4dea68e7851bcc,0.020047,0.04272,0.042343,0.065362,0.507339,0.651317,0.653026,2.20113,1.68904,178.199,0.058397,0.051603,0.030618,0.036858,0.067363,0.041457,0.041514,0.041512,0.045329,0.031561,0.039031,0.064558
1ce38216bd2507bdd8df6c02f84227ba,4.55001,4.38145,4.29813,0.3446,2.9912,8.21474,8.8516,118.894,684.354,26.3773,10.3666,11.9498,3.29333,3.47086,7.3361,2.233,2.18183,1.16141,1.51104,4.1109,3.9736,7.06078
1ce9964761f892128592dee99a8a046d,timeout,timeout,timeout,timeout,timeout,timeout,timeout,timeout,memout,timeout,timeout,timeout,1287.89,1269.39,unknown,timeout,timeout,timeout,timeout,1524.77,1603.83,1793.27
1cecf5fd0a4059759490eadc0776d08d,0.387778,0.394953,0.396285,0.55573,0.511638,1.8765,1.89772,2.70281,8.51688,179.496,6.14988,1.41317,timeout,0.17771,15.1735,0.360526,0.364429,0.134428,0.138233,timeout,0.149355,15.188
1eda9edb84507dfe34a47ba77302370d,669.423,632.07,638.039,94.2417,114.527,174.449,56.9803,timeout,timeout,1109.87,442.329,442.695,timeout,timeout,105.415,3266.04,timeout,1083.03,84.7157,timeout,timeout,113.448
1fad82e371cb7d89ee67b9eb9cbf8c7d,0.026357,0.04979,0.049761,0.099222,1.01063,1.65592,1.64143,2.69814,1.87899,178.126,0.075695,0.079254,0.035818,0.042764,0.069424,0.056684,0.056654,0.052521,0.060522,0.036807,0.04349,0.070927
200cba9bf88ffea6ac6eaf1bdc5ba7c5,612.887,610.761,613.069,6.79482,72.6812,175.161,175.277,timeout,1073.44,631.637,104.381,610.834,3.71685,202.242,34.4663,275.299,264.808,44.5227,8.68732,20.5835,616.489,35.0965
2028978120c1e2e9e52410a2b67ba8a0,4.24166,4.24524,4.31937,0.288309,2.86986,2.96983,3.23812,104.784,653.209,14.1432,5.68405,6.65867,3.39037,3.35392,6.95189,2.69448,2.45006,1.12081,1.3741,3.74045,3.70142,6.99414
214b2704c87d20879018415def4a7bcd,121.201,116.632,115.057,1908.65,timeout,timeout,timeout,301.81,memout,2304.9,1761.14,2299.05,timeout,timeout,timeout,142.603,97.9801,111.68,102.105,529.374,532.721,836.069
21ba6a6fb7ecd8412e75f17f2711030d,timeout,timeout,timeout,2981.45,timeout,timeout,timeout,timeout,memout,timeout,unknown,memout,timeout,timeout,timeout,timeout,timeout,timeout,timeout,timeout,timeout,timeout
2228134d6a12f837aaf01e947cf3a9b7,timeout,timeout,timeout,timeout,timeout,timeout,timeout,timeout,unknown,timeout,timeout,timeout,timeout,timeout,timeout,timeout,timeout,timeout,timeout,timeout,timeout,timeout
228720f06cd79bb278bfbe6899c1b3c3,unknown,unknown,unknown,unknown,unknown,unknown,unknown,memout,memout,memout,memout,memout,unknown,unknown,unknown,memout,memout,unknown,memout,unknown,unknown,unknown
2472d1f17fe5d2ce7039e499389a23f0,597.401,595.359,597.073,0.305049,1.27367,99.9645,99.6606,timeout,615.852,418.78,6.86676,509.082,15.2011,15.1964,5.05174,timeout,unknown,7.47141,6.98576,26.8966,619.43,5.0561
247dbd6e40f986153c8d498315330c06,0.347552,0.366564,0.366588,1.07601,0.770905,9.23613,9.14869,21.872,8.35412,179.189,1.20559,6.258,0.300218,0.18235,0.149989,61.0288,61.0722,16.6541,16.7464,1.46778,0.181352,0.151947
25bb0811dd01417d7fdd58191847c7e6,601.61,581.641,602.963,8.75572,12.1053,254.576,253.728,timeout,1795.56,32.7832,19.2929,23.3499,5.75205,46.1361,14.012,11.583,13.2103,9.34074,4.93559,12.8892,607.331,14.0443
2617530028a31a781dfa804d42d858c3,timeout,timeout,timeout,timeout,timeout,timeout,timeout,timeout,timeout,timeout,timeout,timeout,220.329,422.913,712.868,timeout,timeout,timeout,2597.39,973.577,1480.17,1788.6
264b42422ce474434ec1a1b47f924123,302.909,293.14,308.43,2679.36,timeout,timeout,timeout,130.98,998.314,timeout,memout,memout,2414.88,2648.36,2934.87,timeout,timeout,8.79486,7.49729,1286.47,379.141,667.757
2663188ba3fd8d3d11204f2c1f3d57d1,22.4861,21.0224,20.4099,41.127,83.016,88.1229,85.9982,timeout,memout,180.526,70.9844,74.9009,31.6632,30.8532,66.1867,47.5685,47.1788,49.1445,37.4057,56.9431,56.0785,58.8416
26b79516ae88181e18a315107d31f628,1.28239,1.28471,1.27822,1.45343,0.066838,2.04353,2.04414,2.98822,10.3636,5.23705,0.175565,1.22986,0.0784,1.18618,0.587735,0.097596,0.096838,0.112697,0.095995,0.097962,1.11723,0.563721
27770a63427fdae2ad41e6b9565ec247,22.6433,22.3602,22.2883,18.8291,timeout,32.4741,32.3354,71.2876,timeout,195.029,timeout,15.935,37.3364,20.7568,318.381,19.368,326.8,142.11,419.327,12.3998,16.5059,312.745
27858de2a35e1cbbe078f4c6dbd869dd,664.325,785.28,783.139,198.989,132.357,358.395,591.177,timeout,timeout,806.014,141.812,836.926,159.985,362.863,144.049,45.481,45.8405,85.8411,177.506,287.383,896.052,144.061
278956df4aa23b5ff4dd7e2ab30c1161,593.648,633.119,643.95,438.504,60.9853,53.9105,41.8412,timeout,memout,212.325,22.0096,21.263,42.855,42.3364,343.267,30.8477,32.6977,47.5058,457.896,55.6262,55.2776,352.156
27da8394333463ba14139cc7fc404b20,timeout,timeout,timeout,timeout,timeout,timeout,timeout,timeout,unknown,timeout,timeout,timeout,2671,2688.82,2982.84,timeout,timeout,timeout,timeout,timeout,timeout,timeout
2812cd6f3135aa99194cef520bd7b581,41.5688,45.5006,47.5192,24.8492,79.0473,88.5611,73.3292,timeout,memout,113.503,49.7065,48.1981,161.756,139.728,156.641,44.6368,42.8507,49.4271,31.8171,149.198,175.06,157.256
289b9d9f22a0e2dc24b64c852ff5be8e,timeout,timeout,timeout,timeout,timeout,timeout,timeout,timeout,timeout,timeout,timeout,timeout,297.61,449.685,846.462,timeout,timeout,timeout,2571.29,1402.71,1779.56,2073.55
28af6db271e05004f16179d19a8e9a7b,342.005,1658.98,1803.78,1919.78,226.469,307.817,1071.88,timeout,timeout,timeout,memout,memout,1895.15,1865.14,2437.16,timeout,memout,432.879,62.8141,2358.29,2610.99,2601.52
2a0b2bdce1509c44c257d5aee2936255,130.926,142.544,149.541,183.639,timeout,timeout,timeout,463.433,timeout,384.988,2538.28,139.084,timeout,179.289,timeout,85.5682,774.22,233.285,591.859,206.081,77.3533,363.053
2a894e190c5fd0d502178612d0f4b58d,376.243,281.6,285.385,291.024,1.49897,182.373,184.376,1033.91,timeout,513.174,3.96327,500.192,203.953,160.075,0.614807,2.88389,3.41359,0.65482,0.561814,172.407,300.863,0.616773
2a9067782d1843c1e8563e743ba9e39c,timeout,timeout,timeout,timeout,timeout,timeout,timeout,timeout,memout,2256.77,1320.52,2549.48,943.629,921.176,1178.2,timeout,timeout,timeout,timeout,timeout,timeout,timeout
2b082a50a27143c1ae9600ba648a9e82,timeout,timeout,timeout,timeout,timeout,timeout,timeout,timeout,unknown,timeout,timeout,timeout,timeout,timeout,timeout,timeout,timeout,timeout,timeout,timeout,timeout,timeout
2b94d00499c1d2a892ec1c37d4ade1e2,timeout,timeout,timeout,timeout,timeout,timeout,timeout,timeout,timeout,timeout,timeout,timeout,timeout,timeout,timeout,timeout,timeout,timeout,timeout,timeout,timeout,timeout
2c1ea09b60f331f8f9c9765be4e62986,67.2509,66.5198,65.4553,218.155,62.5597,190.23,328.511,173.139,timeout,226.216,103.568,93.7858,13.4588,55.1279,29.2229,24.1035,23.4844,20.6789,17.7453,113.151,63.4005,29.4221
2cb3d726bc1c2ba1ce5c1e6403f2a1ba,timeout,timeout,timeout,timeout,timeout,timeout,timeout,timeout,memout,timeout,timeout,timeout,timeout,timeout,timeout,timeout,timeout,timeout,timeout,timeout,timeout,timeout
2cc9349dc4e01517c11a5710718b28ec,180.174,157.328,160.677,199.117,196.802,261.342,354.999,timeout,memout,1187.46,650.097,902.468,614.858,578.478,912.967,timeout,timeout,221.953,147.993,544.134,587.685,864.4
2cfa3879566d426a00bd3024167fe58a,51.0813,52.2378,52.1049,44.3347,timeout,76.8533,76.5969,122.163,1016.08,230.211,1220.11,51.9174,36.2679,47.6173,344.247,63.261,293.598,165.415,297.997,33.9899,58.7445,356.49
2d1d2bee37b41a222185200004006cdc,timeout,timeout,timeout,timeout,timeout,timeout,timeout,timeout,timeout,timeout,timeout,timeout,timeout,timeout,timeout,timeout,timeout,timeout,timeout,timeout,timeout,timeout
2d8337b029d5e041f406748408882a1e,4.26243,4.51379,4.28207,2.42394,10.5557,9.63267,9.7388,timeout,memout,10.2803,15.4165,15.4331,9.87992,9.89584,4.52022,7.03543,6.30441,8.33377,5.99741,21.2225,21.2033,4.14193
2d90c094b936943297dd6a6d7e10aca1,1193.91,1189.43,1791.55,666.745,14.1305,210.985,203.527,timeout,timeout,600.729,28.3594,524.624,24.1802,223.321,56.9296,50.4177,50.1401,9.49439,2.19654,25.6525,620.623,56.5991
2eadf8ba8921c92180205fbd7e132b3b,0.072729,0.093309,0.095487,0.059451,12.5658,23.5635,23.3096,6.32669,3.45725,178.329,0.355504,0.364731,0.062595,0.069074,0.123151,0.149358,0.148719,0.129249,0.152117,0.066814,0.076318,0.117597
302e402dcf89ce0cfd646a4895440d7e,timeout,timeout,timeout,timeout,timeout,timeout,timeout,timeout,memout,timeout,timeout,timeout,timeout,timeout,timeout,timeout,timeout,timeout,timeout,timeout,timeout,timeout
318c075c364d1b6a5fd232670d2e6d9c,4.54739,4.52346,4.49962,4.62312,0.278861,1.68242,1.68764,2.26173,3.95425,2.46847,0.220492,4.51452,0.075087,2.07051,3.3397,0.063759,0.064147,0.083855,0.060482,0.258782,2.32649,3.38655
31d27fb2980c5ca672fd18796b821246,1.63883,1.66991,1.64998,1.62836,32.0117,2.57618,2.5507,13.2241,51.7679,179.678,83.5159,1.57512,2.727,1.37192,298.505,53.7388,62.9929,16.0649,5.77822,0.849834,1.55607,297.448
3259c64e1c75e1e4b11e2c5f23b15906,timeout,timeout,timeout,timeout,timeout,timeout,timeout,timeout,timeout,timeout,timeout,timeout,365.88,563.434,813.606,timeout,timeout,timeout,2803.73,1135.72,2190.25,2483.17
32a25787e8b4ec9cbdcc9d06bc1ea53c,timeout,timeout,timeout,timeout,timeout,timeout,timeout,timeout,timeout,timeout,timeout,timeout,timeout,timeout,timeout,timeout,timeout,timeout,timeout,timeout,timeout,timeout
32aa464882ccb7227fb93f573d88b39e,596.979,595.568,596.603,3.78259,12.7125,12.5133,12.5322,timeout,439.347,64.3316,40.0466,27.0496,2.08873,200.853,8.67688,4.95455,4.5109,5.9371,6.52346,3.53937,596.932,6.90689
33b11f076f17824abf6e7a3cf03bcd37,224.955,250.229,255.7,4.43161,4.01017,48.0581,47.5269,75.719,22.7603,220.209,1.81776,14.4959,3.67018,201.937,17.4198,1.32447,1.32658,1.29255,2.57649,4.80743,597.908,17.4412
34b56e5d5ce41a9780b447258b53ef63,0.071517,0.095781,0.095813,0.09408,0.03565,0.166751,0.162958,1.83481,5.21287,2.31802,0.030023,0.108528,0.028061,0.087792,0.062481,0.037856,0.036716,0.042878,0.036034,0.02952,0.08797,0.061208
34e8a822384351192124d374f878f864,1.8154,1.9205,1.83877,0.274364,1.54238,33.5266,33.1628,25.3896,31.6078,184.858,3.64749,25.5146,0.174838,0.595292,4.33071,52.5788,55.1382,0.437874,0.488521,0.464325,0.664566,4.30279
35edc163f13c3aa9dfcac3e3570ab467,0.26628,0.285699,0.286543,0.180664,0.058577,0.466961,0.455673,2.17605,16.8259,0.358364,0.055003,0.359283,0.13908,0.286304,0.090017,0.179707,0.181351,0.067011,0.068759,1.16884,0.408853,0.089881
361f22ad58c0c6e373cf6ff845ff9b3a,2451.71,2589.46,2578.86,1555.28,499.695,731.384,603.889,timeout,timeout,1052.36,618.295,1123.12,284.053,501.735,798.226,timeout,timeout,1293.4,2789.65,252.961,855.03,1158.51
36826a19465fdd6038c34ada7f109966,timeout,timeout,timeout,timeout,timeout,timeout,timeout,timeout,unknown,timeout,unknown,timeout,timeout,timeout,timeout,timeout,timeout,timeout,timeout,timeout,timeout,timeout
3691e4535a302dfe9ad1ea4697cd12f2,2252.86,timeout,timeout,3110.87,timeout,timeout,timeout,timeout,timeout,timeout,timeout,timeout,timeout,timeout,timeout,timeout,timeout,timeout,timeout,timeout,timeout,timeout
3713c8c798df221c58980029c96d34c1,2043.12,1971.57,2029.95,2686.96,timeout,timeout,timeout,192.164,913.489,timeout,unknown,memout,timeout,timeout,timeout,timeout,timeout,8.05201,7.62441,2303.74,2853.07,3088.41
3720257a8d99c7adebad7e4e37aca060,0.028692,0.052601,0.052929,0.160212,0.388417,0.381286,0.404487,4.3858,2.80667,178.106,0.061845,0.537045,0.028517,0.035651,0.071779,0.072101,0.068738,0.07603,0.081515,0.030703,0.036243,0.070237
375d8e09373bbd804febdeb34580b2cc,14.9008,14.5255,14.6847,10.4079,235.71,16.3295,16.5486,24.3786,213.91,191.491,112.946,9.1634,1.3315,13.662,unknown,60.832,576.828,39.0778,24.8828,3.74633,13.9535,310.054
38753c1a62e0be2d25c69358042f95c8,timeout,timeout,timeout,timeout,timeout,timeout,timeout,unknown,memout,timeout,timeout,timeout,timeout,timeout,timeout,timeout,timeout,timeout,timeout,timeout,timeout,timeout
38a78b87e53c46614f478b00dd29f205,timeout,timeout,timeout,timeout,timeout,unknown,unknown,timeout,memout,timeout,timeout,timeout,timeout,timeout,timeout,timeout,timeout,timeout,timeout,timeout,timeout,timeout
38b1e8cfe68218cdc4821ac32fe603cc,171.512,163.9,167.481,2082.86,timeout,timeout,timeout,68.2094,660.858,386.648,timeout,182.689,1067.58,1446.03,423.072,timeout,timeout,5.84033,2.60621,837.828,151.184,447.342
399ab65c381322b07e3a427f749ad96d,timeout,timeout,timeout,timeout,timeout,timeout,timeout,timeout,timeout,timeout,timeout,timeout,timeout,timeout,timeout,timeout,timeout,timeout,timeout,timeout,timeout,timeout
3b06f5a1b3d4d167f75b72098447e581,timeout,timeout,timeout,timeout,timeout,timeout,timeout,timeout,unknown,timeout,timeout,timeout,2632.58,2553.06,3026.62,timeout,timeout,timeout,timeout,timeout,timeout,timeout
3b4b5aff0f07fa3fb876e041a8ed85b1,0.020559,0.043883,0.045433,0.097446,0.218084,0.205861,0.209902,3.16631,2.17884,177.725,0.045102,0.287505,0.027451,0.033844,0.06474,0.04955,0.049371,0.052522,0.055572,0.028479,0.034708,0.063947
3bf013eb336977c6f504bec0b9098f88,29.4069,28.8966,29.4797,23.1982,timeout,81.9083,82.3719,58.5148,2865.9,214.844,timeout,28.9675,timeout,35.6914,332.997,32.6967,120.462,138.503,424.918,timeout,28.4643,324.612
3bfdb7f66262ab3f503dbc425d4b4f63,1827.45,timeout,timeout,2297.84,timeout,timeout,timeout,timeout,timeout,177.795,130.25,626.015,93.2107,294.441,125.425,11.7885,11.9214,1424.13,62.0554,50.7191,645.027,120.136
3c08f86d04f344a22d45b57be20c12cd,timeout,timeout,timeout,timeout,timeout,timeout,timeout,timeout,memout,timeout,timeout,timeout,timeout,timeout,timeout,timeout,timeout,timeout,timeout,timeout,timeout,timeout
3c36f4c920ac77a3e2c9e15aa0a5e110,63.0967,60.7175,64.1633,9.22854,89.3359,91.1403,69.7667,timeout,memout,240.722,300.304,306.648,119.588,133.166,3.76891,309.541,275.406,177.788,148.19,99.7709,98.4571,3.87355
3c7a35287a541badcad913b1835ca5cf,40.8312,41.7859,41.9822,55.2692,0.929378,46.798,46.2267,740.847,69.9205,42.8705,0.5865,47.0007,1.13561,24.4484,66.6882,10.449,10.509,0.44153,0.343171,1.28277,32.3144,66.0868
3ce2ad2baf51c163c1235badd2ba3051,timeout,timeout,timeout,timeout,timeout,timeout,timeout,timeout,memout,timeout,timeout,timeout,timeout,timeout,timeout,timeout,timeout,timeout,timeout,timeout,timeout,timeout
3dd4c0fe78d33f435a35a1893c7e6bed,7.85942,7.74557,7.75962,12.2757,timeout,12.4039,12.3881,79.284,128.337,181.982,88.9929,7.66919,timeout,6.76598,304.599,4.23637,38.7582,2.86511,68.6131,585.79,4.86515,300.924
3de63be254f99881b29fd121062ca098,timeout,timeout,timeout,timeout,timeout,timeout,timeout,timeout,timeout,timeout,timeout,timeout,2495.17,2479.64,2774.08,timeout,timeout,timeout,timeout,timeout,timeout,timeout
3f0d3d2162d55631263f7eab917953de,timeout,timeout,timeout,timeout,timeout,timeout,timeout,timeout,timeout,timeout,timeout,timeout,timeout,timeout,timeout,timeout,timeout,timeout,timeout,timeout,timeout,timeout
3f120c73c60852006995dc7d021a1b8c,0.103226,0.129132,0.132337,0.382727,26.6573,50.4362,48.7004,8.70343,4.92883,179.235,0.830116,1.69703,0.084261,0.091605,1.22947,0.253171,0.230353,0.188665,0.242258,0.089093,0.097533,1.23434
3f76bbc488df9163fa0c50c67f0d2b67,timeout,timeout,timeout,timeout,timeout,timeout,timeout,timeout,timeout,timeout,timeout,timeout,timeout,timeout,timeout,timeout,timeout,timeout,timeout,timeout,timeout,timeout
3fc9af170b9d5adb0d35e99318434462,timeout,timeout,timeout,timeout,timeout,timeout,timeout,timeout,timeout,timeout,timeout,timeout,timeout,timeout,timeout,timeout,timeout,timeout,timeout,timeout,timeout,timeout
400aa60b8e5c7ebc0b79b8e25eb68b54,timeout,timeout,timeout,timeout,timeout,timeout,timeout,timeout,timeout,timeout,timeout,timeout,timeout,timeout,timeout,timeout,timeout,timeout,timeout,timeout,timeout,timeout
414d7d6dce1b073a8886bfb3e4479931,627.784,614.56,614.474,50.1696,63.3524,189.788,286.356,timeout,timeout,581.753,201.259,609.666,87.7761,87.8498,55.9133,timeout,timeout,48.8778,35.6759,136.479,127.386,53.776
419dcce054cb3d9f2610342775464f70,598.57,599.274,598.814,0.562922,7.21284,7.32228,7.96468,timeout,672.777,8.07045,3.17171,3.92346,4.81292,4.80522,unknown,3.54434,3.47174,3.8807,3.59418,8.98979,8.00145,16.2716
4223474b83340b1817f6eb6f80df12fa,11.6781,9.47134,9.85496,8.43668,12.48,20.449,44.7745,258.888,memout,266.63,203.991,217.998,6.19978,6.17219,1.05608,75.3798,95.4012,32.76,14.7347,10.6604,9.04572,0.871172
4254d3892dd869e561797a8ed0331acc,1.23118,1.24104,1.26945,1.85846,48.3215,2.64686,2.69629,6.94093,46.5535,179.81,0.901582,2.16936,0.793835,1.08483,unknown,5.39664,7.40293,4.39241,3.70667,15.3814,2.19919,12.2841
4277ceb5b36446de43c6e0a7ddfbd969,602.8,605.106,602.118,1794.81,1394.6,1677.89,308.685,69.6398,750.362,1109.67,116.914,614.842,1.50276,1.5062,298.989,7.24868,7.05504,8.19996,7.72415,42.9672,41.8713,338.491
4392dc7bd34797a63a40cc90f7adb969,3500.38,3331.85,3521.52,timeout,1142.29,1622.92,1659.68,timeout,timeout,1798.58,1462.9,2040.46,1223.53,1267.45,1474.2,1862.1,1717.49,timeout,timeout,2068.11,2534.18,2839.93
439ac6e6a8cadd20d7f5fc6194ee5430,timeout,timeout,timeout,timeout,timeout,483.302,822.562,timeout,timeout,1244.53,598.162,671.844,timeout,timeout,timeout,1348.04,timeout,2216.29,timeout,timeout,timeout,timeout
43c1687705d10747da749c92ceb403b3,timeout,timeout,timeout,timeout,timeout,timeout,timeout,timeout,timeout,timeout,timeout,timeout,timeout,timeout,timeout,timeout,timeout,1494.34,timeout,timeout,timeout,timeout
449fd4fa098adec5181d6a3e04c78dc1,2.65868,2.6484,2.77233,1.83784,3.75831,15.9842,16.0711,19.5847,38.363,179.45,43.3257,2.98737,36.7172,1.09031,0.795522,3.70626,3.71892,0.778513,0.725786,3.82836,1.18284,0.790733
4500bc3523f9f2cf7891f68cb3b25521,600.958,599.737,600.166,3.62162,7.36596,252.179,254.973,timeout,timeout,543.068,13.9226,514.882,timeout,timeout,17.0079,98.4798,timeout,10.2267,4.77739,timeout,timeout,17.0475
454db96157358269d852b363f50490fd,timeout,timeout,timeout,timeout,timeout,timeout,timeout,unknown,timeout,timeout,timeout,timeout,timeout,timeout,timeout,timeout,timeout,timeout,timeout,timeout,timeout,timeout
4620b7d6ae73864ac69ff01e24813878,76.4111,75.9746,78.4289,32.1022,174.33,241.121,313.078,memout,memout,61.4684,147.108,157.723,77.5908,76.798,unknown,150.579,150.944,81.5181,76.8625,89.0445,89.8842,65.3924
4684d9d7f02e785f74df95e42749c9df,timeout,timeout,timeout,timeout,timeout,timeout,timeout,timeout,timeout,timeout,timeout,timeout,timeout,timeout,timeout,timeout,timeout,timeout,timeout,timeout,timeout,timeout
46ad7203939c4b674403814a09f0a959,timeout,timeout,timeout,timeout,timeout,timeout,timeout,timeout,timeout,timeout,memout,unknown,timeout,timeout,timeout,timeout,timeout,timeout,timeout,timeout,timeout,timeout
473d2348ae1fdb65f43e94af4eaab63c,36.4771,33.986,34.2107,7.82733,90.8462,88.7313,99.3341,timeout,unknown,259.859,154.228,165.29,116.364,116.08,16.9751,251.712,244.977,76.4902,74.9424,44.7234,45.1893,16.6825
483511bfb9b86339cb8e037a8a2b440d,681.802,690.912,715.221,402.081,17.8181,146.684,146.218,1255.08,305.719,510.971,14.2114,517.191,18.0666,198.79,0.361923,118.803,unknown,1.67296,1.182,5.75777,542.525,0.395887
483ea7155689ea3beb57783914d5af5e,820.831,847.965,852.127,778.076,424.777,943.34,387.527,timeout,timeout,1115.68,574.305,1082.08,timeout,timeout,54.4714,1979.34,timeout,1193.23,271.027,timeout,timeout,54.6325
496a61c713be78299da09914e7517ffc,0.056912,0.078182,0.079518,0.081648,0.05013,0.283753,0.280056,1.94348,1.90622,2.83428,0.146911,0.094854,0.037633,0.06989,0.067291,0.630437,0.629456,0.042671,0.040901,0.344104,0.068866,0.100136
496fd37019863152409beca5bbfda874,29.8041,24.4428,24.9239,1822.72,108.326,51.6338,179.886,timeout,memout,22.8612,37.4989,37.7566,90.8489,91.4149,103.078,140.743,263.036,158.847,88.7727,259.24,247.845,100.806
4a8f8b1b1997a3f0d60701322d3abf23,3494.13,timeout,timeout,timeout,timeout,timeout,timeout,timeout,2974.36,3103.66,timeout,timeout,126.837,126.851,428.085,timeout,timeout,timeout,2683.74,2272.31,2890.02,3207.63
4adad251321250a5ec6cb1a92a0dd0ed,timeout,timeout,timeout,timeout,timeout,timeout,timeout,timeout,timeout,timeout,timeout,timeout,timeout,timeout,timeout,timeout,timeout,1728.24,1979.94,timeout,timeout,timeout
4b24e34b378fb7ba5791c982c09f918a,6.22232,6.15556,6.30995,54.6948,0.212578,72.7271,74.4188,410.049,21.9985,56.8934,0.191389,65.6445,0.067623,1.72025,0.325217,0.137714,0.133164,0.104234,0.120261,0.274832,1.88861,0.32002
4b68e0566b228d51ba86733fdb4e94d6,0.031088,0.054787,0.056474,0.173566,0.416833,0.416972,0.422955,4.67233,2.94814,178.032,0.066126,0.595296,0.030299,0.036922,0.072555,0.07864,0.074015,0.081409,0.087573,0.031033,0.037131,0.073021
4b9bf792200229288ed37385275c8063,28.284,27.7687,28.6885,21.507,0.821468,178.867,183.712,152.856,timeout,78.1284,1.41771,23.2764,2.64423,202.061,0.26672,0.854594,0.838326,4.99263,6.71554,0.632344,329.562,0.264666
4ba9187487c19fad7794723e55006cb2,12.2133,11.6103,11.9096,1.97843,5.25385,23.5268,24.0227,timeout,memout,56.5329,85.1254,76.5057,10.7884,8.47922,35.8494,29.0093,48.0324,20.5579,20.126,timeout,3401.77,32.8853
4c1825b8c1d8e91362332a82456658ea,timeout,timeout,timeout,timeout,timeout,timeout,timeout,timeout,timeout,timeout,timeout,timeout,timeout,timeout,timeout,timeout,timeout,timeout,timeout,timeout,timeout,timeout
4cfdd9ec8f477d60f27304c7ffc588a5,109.394,202.907,207.198,102.355,1.10756,69.0638,68.4648,309.157,timeout,266.746,2.56253,110.424,234.802,82.1456,0.560534,2.35645,3.85927,0.513465,0.436747,204.505,102.51,0.55952
4d1e07ae297d5d59d64349f0fdd6ba95,timeout,timeout,timeout,timeout,timeout,timeout,timeout,timeout,timeout,timeout,timeout,timeout,timeout,timeout,timeout,timeout,timeout,timeout,timeout,timeout,timeout,timeout
4d72bd1f1f4846c5a2364ee78d23a4b1,596.185,596.473,596.192,423.058,9.56378,179.293,241.909,512.21,timeout,341.216,209.217,236.368,6.69558,202.608,0.684371,13.9202,13.8555,3.15377,5.86204,1.84079,595.007,0.682823
4df48248af2f2972f040ac1e79b24c1d,0.785303,0.767657,0.776669,0.968242,0.101096,3.00866,2.95606,2.12431,6.42797,2.56168,1.02551,1.00261,0.241559,0.882178,0.34079,0.105289,0.113769,0.053081,0.047247,0.346994,1.8885,0.341346
4e0a5c10a9e332e4205dc25a023c95db,0.017894,0.041629,0.041513,0.037024,0.031227,0.048707,0.048273,1.69754,1.49132,0.036319,0.026247,0.037075,0.025166,0.035199,0.05867,0.028971,0.028315,0.029152,0.029257,0.181295,0.035696,0.058384
4e50d9cd5e3c655e90ab57d01c03e8ce,161.781,155.076,159.472,2072.4,timeout,timeout,timeout,75.1323,616.964,435.577,unknown,273.555,timeout,timeout,timeout,timeout,timeout,7.19533,6.28536,timeout,168.828,464.734
4ec3c6ebf089414b45661256b618f537,timeout,timeout,timeout,timeout,timeout,timeout,timeout,timeout,timeout,timeout,timeout,timeout,timeout,timeout,timeout,timeout,timeout,timeout,timeout,timeout,timeout,timeout
502757be7c0a1a7408afb9863ae22587,777.884,698.948,700.111,1975.14,341.384,669.704,309.094,timeout,timeout,timeout,407.589,1288.18,timeout,timeout,94.1208,1361.88,timeout,1053.82,timeout,timeout,timeout,93.2661
5088bcc87aabb0ba3438ee2c0aa9ba83,timeout,timeout,timeout,timeout,timeout,timeout,timeout,timeout,timeout,timeout,timeout,timeout,timeout,timeout,timeout,timeout,timeout,timeout,timeout,timeout,timeout,timeout
509edfdc72ec1f3d51693c14847a50f5,timeout,timeout,timeout,timeout,timeout,timeout,timeout,timeout,memout,timeout,timeout,timeout,timeout,timeout,timeout,timeout,timeout,timeout,timeout,timeout,timeout,timeout
50aa3384b72c20ae04724152c2994186,597.12,603.082,607.593,401.597,20.87,204.263,223.63,timeout,timeout,602.812,4.4917,502.227,603.554,812.576,1113.27,8.1661,7.79103,2.34512,13.0561,1809.55,2462.5,2781.03
510033a43e2ec31c42413501f2c3f47b,timeout,timeout,timeout,timeout,timeout,timeout,timeout,timeout,memout,timeout,timeout,timeout,timeout,timeout,timeout,timeout,timeout,timeout,timeout,timeout,timeout,timeout
5196bb14d67ab831a75966914fc8a8dc,timeout,timeout,timeout,timeout,timeout,timeout,timeout,timeout,memout,timeout,timeout,timeout,timeout,timeout,timeout,timeout,timeout,timeout,timeout,timeout,timeout,timeout
51a56b1c8107453da4a79a4644c5b050,timeout,timeout,timeout,timeout,timeout,timeout,timeout,timeout,timeout,timeout,timeout,timeout,timeout,timeout,timeout,timeout,timeout,timeout,timeout,timeout,timeout,timeout
51b87e0420942af5ba76041dd20a3929,memout,memout,memout,timeout,timeout,timeout,timeout,timeout,unknown,timeout,timeout,timeout,timeout,timeout,timeout,timeout,timeout,timeout,timeout,timeout,timeout,timeout
529807e6399874a50dca01546f0684d3,0.101478,0.124494,0.124014,0.062035,1.60777,8.43495,8.54075,9.2743,4.01706,14.7143,0.171905,2.78222,0.081532,0.09265,0.17226,0.267342,0.240945,0.163727,0.196974,0.077625,0.094322,0.168339
5320914fa6d61a40fd446967136b734c,0.03451,0.057695,0.057526,0.043764,0.030265,0.054681,0.054982,1.84121,2.49495,0.043879,0.026125,0.044223,0.025964,0.054578,0.0588,0.030159,0.029485,0.029642,0.030874,0.227229,0.05651,0.057837
534775ad5f8fa38e7e7516bef0d9344d,timeout,timeout,timeout,timeout,timeout,timeout,timeout,timeout,timeout,timeout,timeout,timeout,timeout,timeout,timeout,timeout,timeout,timeout,timeout,timeout,timeout,timeout
534ea2affc4c3e850f0bacdd08c15d28,1998.44,timeout,timeout,3083.52,timeout,timeout,timeout,timeout,memout,timeout,timeout,1559.51,408.845,409.262,707.03,2145.33,1907.56,2657.9,2255.94,320.769,322.998,615.351
53c6c8c94f7aee20f6b8b945cf4e6199,timeout,timeout,timeout,timeout,timeout,timeout,timeout,timeout,memout,timeout,timeout,timeout,2010.28,1916.61,2473.58,timeout,timeout,timeout,timeout,1723.43,1802.4,2017.36
53d1db63db522cbb89eebcb2f2845ae3,223.287,218.232,220.392,1.87059,1.99175,186.069,186.265,485.563,timeout,416.623,5.71662,501.081,335.74,93.2594,0.393474,1.98779,3.93634,0.60412,0.55853,269.346,171.871,0.389955
53f5cc1843c5153bad2f68510879e872,2.74277,2.71443,2.72554,3.64611,8.26694,8.40013,8.40145,11.0359,64.0256,3.27251,0.035493,5.00166,0.04053,2.36163,0.940103,0.141859,0.143335,0.171354,0.157456,0.480191,1.32187,0.939175
54142a16fe1ed00927d1e8528c1049cc,10.8724,10.4635,10.5292,8.60212,0.353122,18.6406,18.5879,15.9624,43.5764,9.35297,60.6939,8.54077,0.058272,2.77049,0.297973,32.3803,8.2403,0.271681,0.092034,0.367831,3.19917,0.298326
5448b7ef478b0cf8270602e43cda9297,1211.15,1209.91,1217.99,4.38354,3.46922,191.281,197.601,timeout,timeout,579.468,3.35332,492.037,3.60309,239.074,13.7368,4.60698,4.61776,5.08199,3.37236,3.24608,607.078,13.541
5519dad38f00a12df094cbaf8e3af3b1,94.8773,90.8659,102.471,169.092,279.195,316.335,415.169,timeout,memout,238.215,256.298,243.519,163.513,167.443,526.571,697.644,717.468,241.224,180.686,583.538,574.888,262.93
55221f1b398315680c72dee80543e78a,timeout,timeout,timeout,timeout,timeout,timeout,timeout,timeout,timeout,timeout,timeout,timeout,timeout,timeout,timeout,timeout,timeout,timeout,timeout,timeout,timeout,timeout
552e5c5e29c026c13fbf3b7afeb9d48a,0.050161,0.070434,0.073155,0.070956,0.038138,0.106336,0.107284,1.84364,2.08207,1.1395,0.063193,0.092603,0.027757,0.073841,0.074562,0.032524,0.031974,0.033723,0.033455,0.172883,0.066363,0.070752
557026d0b0e48a2cf16b2d530ca85318,1009.35,1205.45,1325.33,608.432,1624.65,1928.48,1693.81,timeout,memout,62.1191,485.998,1014.7,640.437,633.686,999.998,215.621,208.941,623.425,754.894,1229.47,1244.39,1484.02
55c6173815781ffbb5a668ae3d5d5ae2,timeout,timeout,timeout,timeout,timeout,memout,unknown,timeout,unknown,timeout,timeout,timeout,timeout,timeout,timeout,timeout,unknown,timeout,timeout,timeout,timeout,timeout
5837777265269b35441f67d1976ff351,53.4259,46.4474,42.3361,144.947,87.1517,162.707,136.499,timeout,memout,735.173,898.003,836.53,75.9308,54.8563,64.4892,447.949,621.234,173.547,102.516,326.332,474.737,70.0266
587348b8c625bf2557bea0b69d6d316d,620.934,632.573,635.55,66.9166,65.1422,191.524,191.378,timeout,timeout,422.64,30.9102,526.538,53.4448,51.2448,93.6272,41.3853,40.4848,19.6103,17.9967,74.6211,78.3748,94.9063
59069eae468b4e2197c849fa64b88932,313.007,299.414,294.321,1492.5,timeout,timeout,timeout,memout,unknown,618.057,896.227,1027.03,502.519,451.444,742.569,528.251,535.811,406.324,391.157,unknown,unknown,memout
59559288dcd75b558b19c4a8ec52b3ce,timeout,timeout,timeout,timeout,timeout,timeout,timeout,timeout,unknown,timeout,timeout,timeout,timeout,timeout,timeout,timeout,timeout,timeout,timeout,timeout,timeout,timeout
5a2fb0ef7f320d89455162ae43cd49d8,919.256,909.546,902.841,1451.33,unknown,unknown,unknown,memout,memout,2118.08,memout,memout,493.371,485.202,779.488,unknown,unknown,1355.51,unknown,memout,memout,memout
5ad739623f5f37ae54a0f140c76e0654,0.100844,0.123462,0.124804,0.378711,0.531628,1.49916,1.39021,6.45315,3.64432,178.307,0.327384,0.901928,0.104639,0.105786,0.093752,0.348486,0.353916,0.125821,0.147249,0.455563,0.105915,0.093724
5add74071f0e9bfe6037ba05d655dcec,274.729,267.289,307.944,2046.26,timeout,timeout,timeout,2049.9,memout,2019.69,2871.87,2803.44,timeout,timeout,timeout,266.783,232.487,273.635,255.882,timeout,timeout,timeout
5afd8afac94ccb448379fa185a615c4c,timeout,timeout,timeout,timeout,timeout,timeout,timeout,timeout,timeout,timeout,timeout,timeout,timeout,timeout,timeout,timeout,timeout,timeout,timeout,timeout,timeout,timeout
5b42f3e43dacdead35b6a88541634cf8,timeout,timeout,timeout,timeout,timeout,timeout,timeout,timeout,timeout,timeout,timeout,timeout,258.57,395.015,765.383,timeout,timeout,timeout,2253.22,968.953,1844.88,2152.66
5b4452055b383034e423d4fc687484b3,597.421,595.042,597.363,404.785,32.481,213.825,200.622,timeout,timeout,628.35,195.598,571.424,2.02706,200.456,34.9684,505.189,623.976,21.2213,6.75106,12.8907,608.542,35.0844
5b6691d3d08b5860881a375fff2217cf,92.0891,92.8997,98.2586,123.75,171.898,209.833,212.608,timeout,memout,215.866,210.417,213.781,229.981,248.34,unknown,109.405,114.107,152.61,67.7992,263.311,274.192,260.132
5b7d05d77ab7ad9521346264fc45d4fb,timeout,timeout,timeout,timeout,timeout,timeout,timeout,timeout,timeout,timeout,timeout,timeout,timeout,timeout,timeout,timeout,timeout,timeout,timeout,timeout,timeout,timeout
5c54168e45c95d9a2b0a2e86dc293307,0.035161,0.058797,0.06123,0.057902,0.046734,0.064162,0.063505,1.79582,2.99878,0.768935,0.032044,0.071293,0.028492,0.207637,0.102579,0.033962,0.033951,0.031112,0.032304,0.201763,0.169399,0.103242
5c928faef027e068bb9cae2c1e0f0db4,timeout,timeout,timeout,327.536,timeout,1511.87,905.124,timeout,timeout,timeout,293.411,716.908,timeout,timeout,126.588,2007.14,timeout,1669.91,timeout,timeout,timeout,127.789
5cda7ffa998c21cf8c722cdfcc4fc16d,0.05462,0.076929,0.076439,0.070494,0.038404,0.122972,0.11708,1.81409,1.98262,1.08038,0.043274,0.094072,0.029265,0.065253,0.066383,0.031718,0.031735,0.032206,0.033994,0.181788,0.07176,0.064667
5d0e5a114f526a8b1a565ae76398bbe4,timeout,timeout,timeout,timeout,timeout,timeout,timeout,timeout,timeout,timeout,timeout,timeout,timeout,timeout,timeout,timeout,timeout,timeout,timeout,timeout,timeout,timeout
5d52d65c2811cffad7ff845745a6844b,timeout,timeout,timeout,timeout,timeout,timeout,timeout,timeout,memout,timeout,timeout,timeout,timeout,timeout,timeout,timeout,timeout,timeout,timeout,timeout,timeout,timeout
5d6dafcad304343934de67f2e8f1593a,0.55475,0.570426,0.573052,1.5498,0.096297,1.29743,1.28832,4.86103,3.46473,2.40426,0.583318,0.615004,0.048282,0.731799,0.371706,0.524034,1.50591,0.047593,0.04417,0.526684,1.13248,0.354561
5ded123610661de4e657c4dfd214c22a,2775.61,1310.53,1313,2039.46,timeout,timeout,timeout,timeout,memout,timeout,969.279,929.82,timeout,timeout,timeout,timeout,timeout,timeout,timeout,timeout,timeout,timeout
5e098fb597b2da8d7e29edd163e9ec82,352.906,342.551,343.212,177.436,243.617,310.857,375.162,timeout,timeout,559.539,494.775,432.359,289.793,287.415,98.0129,180.053,178.484,165.709,133.529,114.27,112.909,94.9724
5f1a8b1724c3f4a02847f224340d1ddb,0.653721,0.637555,0.657578,0.789118,0.097464,3.50094,3.44466,3.06634,7.45441,3.70602,0.581317,1.39052,0.169641,2.31685,1.04646,0.113501,0.105219,0.068598,0.068523,1.78569,0.952709,1.03112
5f51177620a392d9c61e7417880fd16e,timeout,timeout,timeout,unknown,unknown,unknown,unknown,memout,memout,memout,unknown,unknown,unknown,unknown,unknown,memout,memout,unknown,memout,unknown,unknown,unknown
5f89487e224a81becab65339a007081c,timeout,timeout,timeout,timeout,timeout,timeout,519.046,timeout,timeout,timeout,timeout,timeout,765.518,995.513,23.5083,timeout,timeout,timeout,2560.66,600.379,1190.72,23.384
5faadcc41c4b4f2af8428ae7c38aede9,4.44837,4.24228,4.21679,0.413581,2.87427,3.37033,3.21792,144.629,645.346,14.3777,7.7462,8.83255,2.96463,3.9628,7.92941,2.54958,2.65001,1.18458,1.45791,4.41173,3.80833,7.32681
6011380bebdd9d430b83105f0589fc33,0.029057,0.051066,0.05066,0.04556,0.034618,0.061618,0.061104,1.85782,1.74674,0.87646,0.030288,0.059579,0.025403,0.035682,0.058933,0.02991,0.029831,0.031355,0.03023,0.026255,0.034808,0.057214
605c867700ec9853dcf2c33c0153543e,timeout,timeout,timeout,timeout,timeout,timeout,timeout,timeout,memout,timeout,timeout,timeout,timeout,timeout,timeout,timeout,timeout,timeout,timeout,timeout,timeout,timeout
6075e91e91317c4638c53cfd07aaf97a,timeout,1797.02,1805.38,timeout,timeout,timeout,timeout,2577.7,timeout,852.596,376.018,1655.11,13.3324,212.276,507.982,timeout,timeout,2057.03,2517.54,31.2979,630.1,927.852
608b34f9182671945bec5e545781e11b,2039.17,766.063,764.653,808.256,41.6861,177.77,178.072,timeout,1191.18,755.458,72.8092,567.529,223.633,429.357,213.402,51.8172,49.8737,1931.26,1299.79,230.885,833.82,213.12
60920f79c25b57c6b6ab3a3228c49891,22.3197,8.74776,11.0985,1789.17,21.6357,19.352,19.0403,timeout,timeout,210.327,memout,memout,33.0943,32.8308,3.14889,282.426,276.822,443.542,135.587,20.7097,23.1511,3.23448
60ca5a2d471b65ba58f9479c78dcd041,3484.91,1632.52,1641.01,timeout,timeout,timeout,timeout,timeout,timeout,timeout,2313.98,2731.89,935.501,1180.34,1452.31,timeout,unknown,unknown,timeout,2766.59,3344.75,timeout
60cdddce0a640259c1a835f85052481b,timeout,timeout,timeout,timeout,timeout,timeout,timeout,timeout,timeout,timeout,timeout,timeout,timeout,timeout,timeout,timeout,timeout,timeout,timeout,timeout,timeout,timeout
60dee53cba5fb6aad260c1a5d6391334,timeout,timeout,timeout,timeout,timeout,timeout,timeout,timeout,timeout,timeout,timeout,timeout,timeout,timeout,timeout,timeout,timeout,timeout,timeout,timeout,timeout,timeout
612cdc4371c93043b6c03d3620230887,0.025842,0.049794,0.050277,0.111225,0.990187,0.945575,0.951455,3.18651,2.15549,178.194,0.073905,0.320781,0.029325,0.038764,0.067568,0.069353,0.068921,0.062589,0.066636,0.030771,0.038701,0.066702
613e8240f897ae8be6dde6677c06c66d,530.078,477.417,458.435,2390.42,unknown,timeout,timeout,memout,memout,1159.46,1291.78,1347.56,628.247,605.107,906.942,unknown,unknown,1302.64,589.819,timeout,timeout,timeout
618e45a536c0909da255d44d8d7d760c,16.6132,16.2367,16.0684,50.5439,0.096325,38.5478,38.1955,62.1336,19.268,38.0962,0.050949,32.8322,0.050775,4.68396,0.121619,0.074465,0.076174,0.098672,0.067318,0.33013,5.86009,0.121066
61af0a80e7733b5ab22ec54874a4b166,338.907,329.646,334.7,893.987,timeout,timeout,timeout,memout,memout,808.373,806.587,741.291,481.064,455.621,808.526,timeout,1702.19,828.419,373.244,timeout,timeout,timeout
622bdc206b19cb94adb4269beab2ed58,timeout,timeout,timeout,timeout,timeout,timeout,timeout,timeout,memout,timeout,timeout,timeout,timeout,timeout,timeout,timeout,timeout,timeout,timeout,timeout,timeout,timeout
627ad96dfd65675a4881d103a6837e8b,11.4274,11.0614,11.0519,3.45182,2.32074,43.4556,42.59,29.1691,220.481,187.993,39.8897,14.1031,1.23278,1.27638,5.68778,2.0325,1.87483,35.2875,25.5237,8.26097,8.24755,5.87365
62d925e21587c9ea4cf50367929347cd,timeout,timeout,timeout,timeout,timeout,timeout,timeout,timeout,timeout,timeout,timeout,timeout,194.342,347.055,unknown,timeout,timeout,timeout,2056.75,710.913,1513.32,1807.92
635fdaf2ec05b6d2b573abfd5e35c77a,timeout,timeout,timeout,timeout,timeout,timeout,timeout,timeout,timeout,timeout,timeout,timeout,timeout,timeout,timeout,timeout,timeout,timeout,timeout,timeout,timeout,timeout
63a88bdd227250b8109010be87cc5837,2735.62,2426.48,2614.31,timeout,timeout,timeout,timeout,memout,unknown,3118.25,timeout,timeout,722.453,712.338,1078.35,timeout,timeout,2838.37,timeout,timeout,timeout,timeout
640ed54db44eb4881b7414624ab7fc9e,1.00302,1.01012,1.00862,2.11993,1.24381,5.43249,5.38007,6.88722,3.85693,180.251,3.43667,3.27418,2.88721,3.22965,0.1911,0.691332,0.412975,0.182218,0.208056,1.10203,0.734754,0.190401
64e80c27674f897afd3937a841f379a5,1.78419,1.91552,1.86256,0.704787,4.53765,4.57286,4.59807,257.345,memout,18.2869,3.37863,3.45943,8.03667,7.53281,0.840223,6.07148,6.21273,16.9692,8.38434,7.72241,7.46893,0.743835
65c5539be66610a5cced4778d847b348,0.012277,0.035548,0.035176,0.034554,0.029931,0.042494,0.042718,1.70499,1.53576,0.034066,0.025258,0.034196,0.025902,0.032193,0.057515,0.027608,0.032037,0.03009,0.029585,0.025505,0.032789,0.056708
65dda321dcff4949a0ee405581a63867,1342.11,timeout,timeout,2553.81,1657.16,996.689,1865.89,timeout,timeout,1803.66,1842.99,1598.79,311.117,523.438,817.493,1140.95,2022.63,2645.95,2690.14,1199.25,1824.93,2139.19
662c7bd00b1488fc73896054d106d930,600.979,613.857,613.457,17.5263,31.2123,243.987,293.627,timeout,timeout,556.132,171.864,596.235,1521.74,1774.97,28.392,630.901,1518.58,11.6749,6.4976,183.131,791.199,27.9022
69113864adaa8d21a69b6bee48311da1,timeout,timeout,timeout,timeout,timeout,timeout,timeout,timeout,memout,timeout,memout,memout,timeout,timeout,timeout,timeout,timeout,timeout,timeout,timeout,timeout,timeout
693eb4339951bbbb8f41db7940cb40e1,1.35289,1.21109,1.2024,0.413463,28.326,37.9499,33.0856,134.147,35.8929,180.631,2.77701,2.87107,1.52014,1.69048,2.04376,1.58574,1.5443,2.67077,3.1518,0.763352,1.00754,1.91977
6a07725771320117aa1ba8cb4cb75674,9.13796,8.32139,8.28556,0.888509,9.16131,9.27235,9.46086,345.425,memout,24.3651,6.87187,7.28816,10.7683,10.3421,0.683994,515.646,511.474,1306.47,841.912,16.3712,16.2839,0.674953
6a0db8fde6fddcde9b2e5c18ad56409c,621.969,514.492,504.144,1968.68,timeout,timeout,timeout,unknown,unknown,memout,322.874,memout,551.156,507.738,835.886,1179.28,memout,597.431,694.808,681.011,671.634,970.885
6a993d166e0767a5e6af80afbdd1197b,timeout,timeout,timeout,1962.94,327.72,436.693,351.075,timeout,memout,timeout,1115.29,1556.53,timeout,timeout,287.143,timeout,timeout,timeout,timeout,timeout,timeout,295.976
6afa54497b3f9f07d06f4dcadec5b900,596.944,596.243,595.858,397.429,9.88098,95.4136,95.5958,timeout,808.066,439.575,36.5146,536.711,9.13254,207.716,8.83989,timeout,timeout,3.70485,2.76102,12.4245,607.303,8.65306
6b77285052fb29342daa6d99abc384ce,0.608702,0.720756,0.715387,0.508895,0.327629,0.600506,0.606132,3.14414,25.8143,178.406,0.245485,1.1567,0.886578,0.501975,0.214006,52.4481,53.9376,0.102806,36.9965,1.11705,0.436321,0.212496
6bafa65addb12024fbe9cfa24d0a60b9,timeout,timeout,timeout,timeout,timeout,timeout,timeout,timeout,timeout,timeout,timeout,timeout,240.144,434.735,740.756,timeout,timeout,timeout,2616.43,1410.87,1976.61,2262.17
6bdbc55571802e3a02364a60bdc7d971,0.407604,0.366428,0.377701,26.1033,0.853481,1.07192,1.16145,323.945,memout,10.8029,1.93499,2.00239,0.715444,0.694776,0.264804,1.63864,1.46462,1.74747,1.61227,1.32196,1.48694,0.267562
6c1875551e7cc2fdc1d844d64e0e9d1c,16.6157,17.1255,19.806,5.18272,60.4385,108.976,262.74,timeout,memout,200.744,38.18,45.2623,30.6853,29.8938,3.93884,75.1465,70.3611,64.0941,39.134,144.71,158.198,3.82532
6c85cdfd49b8b5e2ec094fb26290dc0b,9.77165,9.81729,10.3677,0.554705,11.9188,12.5614,12.022,timeout,1664.4,28.6143,6.13408,6.47037,19.8979,19.4374,0.959996,7.52744,7.07483,7.48703,7.35006,46.0875,45.3826,0.903161
6ca66e973575d59bc4af51925d82541a,716.535,469.735,540.272,840.798,725.108,709.452,786.594,timeout,memout,1266.41,794.751,650.21,1865.98,1812.32,2354.36,835.441,853.152,404.057,383.509,1465.63,1322.69,1645.54
6cebe6a5bb2f935ee75b01d655a7eeec,6.26655,6.25529,6.40422,7.12367,59.8368,9.17434,8.89478,14.7493,88.3317,74.9321,140.045,5.81484,0.302186,11.8396,73.5719,50.164,50.7089,3.94254,7.46273,1.09565,13.3267,72.8313
6df1e6cc62f96d9c927070bf6dc98e49,1.12156,1.10907,1.21302,0.921095,0.136825,0.188421,0.182581,11.5787,361.863,2.75066,2.40241,1.5782,0.086956,4.8612,0.083606,0.131444,0.144763,0.159187,0.13891,0.120268,16.9355,0.082745
6df55f0cc3877941756aba219dd8ff6e,18.4246,18.5552,20.6399,4.12575,26.5383,29.5949,27.0621,timeout,memout,22.6936,30.561,31.6613,23.929,23.5219,10.6462,84.4143,77.958,46.4061,46.4812,34.1052,33.0082,9.6522
6e9a32e782c18c058c158f5cc335e372,timeout,timeout,timeout,timeout,timeout,timeout,timeout,timeout,memout,timeout,timeout,timeout,timeout,timeout,timeout,timeout,timeout,timeout,timeout,timeout,timeout,timeout
6eb5722f8bf9cf7d7280026d6c8e9f90,1.30845,1.08978,1.11111,0.368162,57.7154,memout,memout,69.9077,26.7096,180.643,1.64747,1.57642,0.709946,0.919238,3.80613,1.45897,1.43367,1.44728,1.54866,0.735807,0.919019,3.66097
6ed32cd962adae4b529c8ceaa383d243,3.19114,3.00837,3.1549,5.99709,10.0935,5.40951,5.45309,13.9579,71.2748,73.8099,64.8278,5.76682,0.581335,7.93472,58.4747,56.2843,65.3102,2.38073,1.04985,2.29412,5.84959,58.3599
6f879024c5e1685d51ccea5368c7744c,timeout,timeout,timeout,timeout,timeout,timeout,timeout,timeout,timeout,timeout,timeout,timeout,timeout,timeout,timeout,timeout,timeout,timeout,timeout,timeout,timeout,timeout
6f9e7a506339fcaf884454cc5c92b735,6.06562,6.03983,6.15707,5.09565,9.07972,6.61646,6.59202,13.916,63.1964,12.1738,16.7013,4.29378,0.345145,5.12121,10.4029,6.57858,6.4968,1.07095,1.16977,0.484798,5.38171,10.433
6fb0ecab8a3ddedd3fb5018c9a3128de,timeout,timeout,timeout,timeout,timeout,timeout,timeout,timeout,memout,2992.15,timeout,timeout,220.607,218.005,611.149,timeout,timeout,2891.02,timeout,3287.13,timeout,2696.4
6fc042769081c59ec7ecbbe86815aad9,0.355979,0.381507,0.383428,0.085969,2.10143,10.5867,10.5034,12.1117,6.60709,6.99638,0.269214,6.32602,0.117561,0.167489,0.349791,0.277116,0.264495,0.215501,0.276533,0.122866,0.163454,0.347873
7040c1a69756cc1a804e231c9411a655,594.955,593.75,594.872,396.501,0.240693,90.5611,90.5121,890.644,59.4135,401.33,0.310582,494.246,0.139137,198.265,0.257062,0.127405,0.127901,0.181025,0.179207,0.187451,162.245,0.254273
7064d36cf96a789127f30ed5ef40e371,3.82231,3.42859,3.39229,0.299449,3.57026,3.78566,3.72693,99.5016,663.348,14.9718,8.0691,11.2359,2.57434,3.55434,7.14219,2.67114,2.4625,1.15458,1.6355,3.1713,3.48901,7.23154
71ba0120ea2de4d262fe95e80f9a59c2,416.972,389.239,385.44,0.591027,1.31257,186.164,187.653,3531.79,timeout,460.619,27.1015,520.766,0.298435,198.606,3.04233,51.5047,231.261,0.833541,0.451041,2.63955,180.783,3.05419
71db7ec1e61d2d357518dc0317b47c9a,timeout,timeout,timeout,timeout,timeout,timeout,timeout,782.661,timeout,timeout,3584.5,timeout,2279.06,2529.74,2833.77,memout,timeout,2144.21,timeout,timeout,timeout,timeout
71fa13cda22fb0f43aec4dea40b65854,12.6991,12.9171,13.6216,1.17714,14.1028,14.9459,12.767,2815.78,memout,44.358,12.0236,12.2957,12.8513,12.6828,0.974537,143.414,143.401,81.3507,72.991,18.7967,19.2467,0.970558
71fbee14288909ebe90249f5c7baadf4,605.676,635.914,622.232,33.7665,17.9085,179.18,178.902,timeout,2323.27,419.03,22.5173,916.316,35.1631,35.7717,61.6365,18.0933,18.06,17.5652,11.8117,64.4508,64.8942,62.013
726b13c16e41203e131a15c1558b6533,3.86911,3.42176,3.71989,0.421865,3.63069,3.4665,3.57563,131.869,683.99,26.2649,12.4417,12.9583,2.63943,3.01704,7.02682,2.62957,2.51023,1.15238,1.43252,2.97968,3.20374,7.04668
72974e2d3c9f7916ef0f7b42ebbba9a8,timeout,timeout,timeout,timeout,timeout,timeout,timeout,timeout,timeout,timeout,timeout,timeout,timeout,timeout,timeout,timeout,unknown,timeout,timeout,timeout,timeout,timeout
73238a3b4a66202b696c03eb0eb2b3dc,1223.22,1219.52,1223.19,25.7702,58.5467,238.083,366.637,timeout,timeout,653.185,43.4042,539.331,17.1863,215.946,44.4752,136.13,136.707,79.2645,7.6631,11.1781,606.559,43.7004
74b98a46f557c47b09ed209a7b2ac239,101.994,93.7063,81.2657,731.781,94.6639,83.0374,84.9808,timeout,memout,340.504,117.615,127.846,95.1115,91.9619,398.223,87.2114,84.1359,70.0746,95.3287,93.1422,95.7823,392.331
758c83dadf24616b30b10e2cc8899302,1.07045,1.02428,1.01293,7.39728,0.13951,16.3887,16.4328,5.85743,30.0502,13.6545,0.756903,10.3121,0.50424,2.41998,4.04566,1.08368,1.05564,0.612704,0.598114,0.783493,1.96,3.89661
763ab60027dbc7c8aa7a80d8e55bb7a8,2521.57,2950.08,2958.02,timeout,1344.25,721.306,719.527,timeout,timeout,1753.84,1424.37,1981.44,734.834,965.998,1435.29,508.346,548.192,1313.7,timeout,1240.14,1948.63,2196.98
7650fa0aa561d4f343ff5aabdd0f2609,3.42506,3.46995,3.67437,0.49639,3.38476,3.84339,3.27238,110.237,651.732,24.0648,14.4183,14.7863,2.58459,2.95982,7.52323,2.54723,2.4179,1.15989,1.38957,3.32259,3.10014,7.17517
765a4eccaab5e07211c422613a8a3269,663.47,1020.86,1118.42,2399.64,1403.29,1328.56,458.494,timeout,memout,timeout,2155.99,unknown,timeout,timeout,timeout,timeout,timeout,timeout,timeout,timeout,timeout,timeout
76f95f6c1067bfc3601c6e5e6e4b10a4,timeout,timeout,timeout,timeout,timeout,timeout,timeout,timeout,timeout,timeout,timeout,timeout,timeout,timeout,timeout,timeout,timeout,timeout,timeout,timeout,timeout,timeout
7719e251bd3ec31a2e270cc25f1d38f2,42.607,39.5453,39.6312,21.1088,1324.44,79.177,78.9651,35.0533,timeout,8.71962,0.091035,26.349,0.102221,16.3666,unknown,0.353556,0.35252,0.398736,0.338964,0.043669,19.9187,315.915
78e29d9a7ec08300b9eb7f73bb64550a,1.22535,1.22437,1.41406,0.373238,3.5541,3.64233,3.61828,89.1026,33.4662,6.09922,1.03338,1.11499,0.63902,0.919996,0.642987,9.25731,9.22417,12.4432,12.53,0.657394,0.927357,0.626234
79624008cc4b266feaf54369e80809aa,0.013861,0.036399,0.036933,0.042239,0.056,0.056913,0.056679,1.77435,1.54515,2.70681,0.027513,0.060813,0.02462,0.032651,0.059122,0.02937,0.029389,0.031168,0.03144,0.025878,0.032922,0.05717
796806910b6eaca4775fab0e9ac386c3,498.886,468.395,468.729,timeout,timeout,timeout,timeout,1110.26,timeout,525.656,timeout,timeout,87.3465,285.133,unknown,953.147,2073.57,417.72,733.582,792.715,313.609,603.81
797899920f874a7779ed77f0a321e3b5,611.08,606.942,611.085,410.504,10.991,103.51,103.348,1348.97,214.567,523.108,24.6595,523.429,27.0277,224.113,4.93658,18.947,18.9656,9.3664,6.4302,18.337,613.666,4.88438
797989a68d696c5cef459153fad5ca9a,609.308,608.186,609.006,403.183,135.46,97.6049,96.9799,timeout,471.178,721.638,202.688,713.014,9.14195,206.557,35.5503,timeout,timeout,29.2612,48.3223,17.112,614.04,31.3877
7a2cc7c602232989261713f072d9ce34,timeout,timeout,timeout,timeout,timeout,timeout,timeout,timeout,timeout,timeout,timeout,timeout,timeout,timeout,timeout,timeout,timeout,timeout,timeout,timeout,timeout,timeout
7b442a00c3a88482a9f8706b58b34328,timeout,timeout,timeout,timeout,timeout,timeout,timeout,timeout,timeout,timeout,timeout,timeout,206.914,412.691,701.493,timeout,timeout,timeout,2002.29,832.635,1423.93,1704.44
7b4b39306f00b296db7cea1596911b7f,20.9814,20.5224,21.5892,25.2888,timeout,31.523,30.6141,55.804,1661.55,204.33,1498.34,24.1518,15.372,18.1663,320.259,20.0355,80.5068,136.842,414.733,148.872,17.5839,314.497
7be137b3626466aeecb646599861d57a,2189.75,timeout,timeout,510.431,timeout,timeout,timeout,timeout,timeout,178.292,15.8195,510.725,36.9653,235.758,48.8049,16.1197,15.6059,4.76629,44.3363,6.50429,600.641,48.7248
7ca3b682fda91a822ad126bd4ed786c9,44.3729,39.0966,40.0904,0.285103,3.58888,3.6096,3.60734,81.1142,743.543,11.5015,0.824735,0.86833,4.35829,8.61669,0.262583,980.428,827.977,69.2819,70.7299,8.88529,11.8431,0.268632
7cfa429cc960ce956c4240840b1967ed,243.753,84.0808,84.9725,1784.23,1287.47,877.199,timeout,72.0125,601.358,1080.26,99.0384,594.531,2554.29,2564.88,2865.96,5.42682,5.61484,8.48162,6.719,10.8828,166.443,467.413
7e3330cf180b0a696f364c3494d2f5f1,0.092693,0.1094,0.11111,1.58821,0.320303,2.38838,2.36805,4.6669,15.9402,17.3851,0.688899,1.97795,0.052678,0.082517,1.05095,0.123217,0.122347,0.082558,0.09178,0.219296,0.079184,1.00461
7e9395af427405f81a7c0ef5639e541c,0.107064,0.117332,0.124119,0.075996,17.8208,36.7891,36.7697,8.3022,4.56447,178.591,0.830044,0.822972,0.08033,0.083986,0.130444,0.204268,0.203824,0.158533,0.199113,0.08871,0.096081,0.12538
7f58223c03372dc250fa3a337d5b55bf,0.076647,0.093094,0.094479,0.086114,0.050164,0.233943,0.239955,1.90853,2.10237,1.38844,0.168073,0.110264,0.051152,0.11502,0.117156,0.092486,0.086608,0.043439,0.039671,0.122353,0.08364,0.11064
7f86bbbcbeb037ef51beb9c6fc585d37,1.98935,1.82538,1.88088,1.02678,2.04451,8.75411,8.80965,7.29755,80.7648,182.453,9.85193,5.049,7.60871,3.69076,0.40551,1.29428,2.61552,0.248931,0.273578,1.7195,1.45477,0.393476
800739a3fc3b49a745be0e37c95c6cd2,2.30745,1.92123,2.14308,0.713542,4.61988,4.71676,4.64033,269.999,memout,18.4909,3.47927,3.46182,7.82847,7.52497,1.05019,6.07694,6.07878,16.762,7.88616,7.61981,7.86334,0.862834
8060584d136eef010891743e2accf5fc,595.474,595.458,595.907,396.451,1.16973,110.394,110.57,timeout,162.378,400.903,0.975981,497.064,0.763597,200.179,1.33191,1.21551,1.21658,1.264,1.00966,1.36977,596.12,1.2593
808478910e8ac334dfc67004546e1a2f,81.1224,84.2341,87.3968,1171.87,882.396,595.972,timeout,timeout,memout,368.394,343.01,329.752,106.139,99.6742,415.471,666.796,1100.85,218.406,168.043,660.218,645.112,913.306
813f2e9db0cd1cb4523acb4f04e84646,1.20972,1.25053,1.20052,0.326951,15.0861,24.5844,22.3871,162.508,35.8107,178.803,1.13978,1.1161,1.4848,1.69234,1.74793,1.58353,1.61199,2.65701,3.09654,0.804392,0.983122,1.62984
81c3de229961a8d27e5974817d8c6a42,596.306,594.375,596.211,0.289933,1.57389,98.5621,98.6001,timeout,123.682,404.044,1.7841,495.749,2.2154,199.616,1.90237,1.65963,1.43564,1.8157,1.02624,4.67088,599.664,1.91279
8237deb50fe5a1511495686dfc407a8a,timeout,timeout,timeout,timeout,timeout,timeout,timeout,timeout,timeout,timeout,timeout,timeout,2261.82,2243.63,2555.62,timeout,timeout,timeout,timeout,timeout,timeout,timeout
8290f2194d63171fb4c77fa609e5fe36,timeout,timeout,timeout,timeout,timeout,timeout,timeout,timeout,timeout,timeout,timeout,timeout,1225.35,1458.12,1743.89,timeout,timeout,timeout,3585,timeout,timeout,timeout
837d41f6eff78d054f7fc84964d494f2,604.398,603.983,603.906,20.7769,9.78939,12.7173,12.1336,timeout,1962.15,37.835,15.1027,15.3356,13.2967,13.5821,90.1596,19.554,19.2732,46.9711,49.974,23.1707,24.7558,83.6786
838ae4d3694782ea608dc243073b5921,timeout,timeout,timeout,timeout,timeout,timeout,timeout,timeout,memout,timeout,timeout,memout,timeout,timeout,timeout,memout,memout,timeout,timeout,timeout,timeout,timeout
83b8cea9d45a28524b1cc9c0428d515e,596.331,590.204,595.867,1.12221,2.15225,189.468,187.636,timeout,timeout,619.017,69.2446,525.686,0.98075,199.351,9.21641,589.672,859.129,1.72142,1.6642,3.13538,606.717,9.23545
83c45b2b5d9a7077de6b8cb8dd382d8d,594.451,595.731,596.056,406.595,7.90709,141.781,142.201,timeout,1616.81,583.562,0.811185,492.858,219.594,422.901,719.458,42.0851,40.3906,1.39786,0.395392,366.55,966.342,1261.81
83ffbbe9e6f8bc3a23eb071f3fb3f750,timeout,timeout,timeout,timeout,timeout,timeout,timeout,timeout,memout,timeout,timeout,timeout,timeout,timeout,timeout,timeout,timeout,timeout,timeout,timeout,timeout,timeout
847b49a575479517678415c83d608cfc,1.83508,1.83864,1.81833,0.718185,4.90022,4.65439,4.63068,227.811,memout,17.9254,3.36718,3.40533,8.47139,7.56245,0.641478,6.66053,6.10045,16.9376,7.84097,7.70292,7.65769,0.633267
84ae3dd7eecd026d0c06c75655d5ea94,timeout,timeout,timeout,timeout,timeout,timeout,timeout,timeout,memout,timeout,timeout,timeout,timeout,timeout,timeout,timeout,timeout,timeout,timeout,timeout,timeout,timeout
84bc55578b430c5e1c1803e0a2807bcc,timeout,timeout,timeout,timeout,timeout,timeout,3423.17,timeout,timeout,1212.3,435.777,699.983,timeout,timeout,timeout,2364.03,timeout,2435.19,timeout,timeout,timeout,timeout
86a5c3a4ed795a72080fc943737d764d,609.4,597.473,597.122,0.902328,4.35851,71.7787,88.9886,timeout,1290.76,5.3285,1.64671,1.679,6.2809,6.11206,2.6943,2.01293,1.85534,1.87043,1.36662,6.07012,6.21262,2.73792
87284b7f9201624d9b0087bc5b00d27a,72.9949,55.5156,70.9777,659.258,263.08,376.539,timeout,timeout,memout,333.604,140.205,121.429,80.9567,78.3234,382.018,602.048,757.552,204.811,131.661,1827.29,2025.73,2217.83
87d6fd89ea335108dc0797b8ca1a161e,684.866,587.992,617.27,2086.61,memout,unknown,timeout,memout,memout,1806.58,2009.69,939.613,653.502,640.284,941.147,unknown,unknown,975.911,unknown,timeout,timeout,timeout
87e53a467263536ae896ebc3d35a3b07,842.864,851.73,859.124,668.217,230.666,484.692,402.297,timeout,timeout,1543.74,1194.74,1307.35,1084.82,1310.39,187.846,timeout,timeout,1018.44,322.763,1643.36,2279.81,185.804
883237832f43cb1b4a57b3a4dcb13d7a,1203.2,1222.83,1222.65,487.158,69.5798,188.388,197.965,timeout,timeout,617.401,159.86,655.69,38.7019,239.194,74.1891,6.83939,6.8397,54.0523,16.118,18.3296,613.318,73.341
8885e6228f2aa1778e64098ddd06a024,229.093,217.934,229.473,1041.8,902.969,971.322,1507.98,timeout,memout,804.489,551.994,547.598,timeout,timeout,timeout,899.437,1560.8,1055.4,408.487,timeout,timeout,timeout
889a7c62c4e12504e76ca89d45bab574,1231.3,1203.66,1258.46,3.72428,3.31833,187.605,192.251,timeout,timeout,578.499,10.5071,508.82,2.72534,201.189,13.6136,9.27044,9.36776,6.19899,5.54843,3.22949,598.314,13.5629
88a7c40956ba55b28f84471577bfc5a4,timeout,timeout,timeout,timeout,timeout,timeout,timeout,timeout,timeout,timeout,timeout,timeout,timeout,timeout,timeout,timeout,timeout,timeout,timeout,timeout,timeout,timeout
8957afb4ac8024f2af30b938738645da,609.406,607.79,608.728,412.732,95.5424,138.67,139.924,2228.11,156.308,965.913,132.18,633.519,3.74649,202.23,499.68,timeout,timeout,16.2526,10.1773,17.831,607.446,904.425
89f7dc8a3180427955297ee486c1c9a3,timeout,timeout,timeout,timeout,timeout,timeout,timeout,timeout,timeout,timeout,timeout,timeout,timeout,timeout,timeout,timeout,timeout,timeout,timeout,timeout,timeout,timeout
8a8071c810f901f864bf7dd9ed15258d,1.20927,1.14282,1.13013,2.00649,1.53197,6.16947,6.25972,6.59381,5.70989,180.71,8.58393,3.44398,10.2974,8.30543,0.340555,1.58721,1.4049,0.262515,0.290042,1.28689,1.13631,0.338351
8ae0e1742c06d7e29a5b4de227291ad2,5.38645,5.04568,4.9174,20.1215,18.7587,17.7831,19.5962,timeout,memout,22.3245,14.3579,14.4093,14.282,14.3626,43.1458,14.4468,14.1259,9.05658,5.73098,19.5054,20.8446,41.805
8af0900b16101e7c94522c646810af50,timeout,timeout,timeout,timeout,timeout,timeout,timeout,timeout,unknown,timeout,timeout,timeout,timeout,timeout,timeout,timeout,timeout,timeout,timeout,timeout,timeout,timeout
8b7ebf46d61eb776617c3e936beaa052,1429.45,1590.84,1572.83,679.65,1131.35,1513.98,1486.23,timeout,timeout,1293.38,1387.9,1905.79,503.693,726.14,923.925,1027.68,1168.9,2755.35,1669.87,547.134,1168.14,1469.75
8bec75e791e0e2848345dc7e8930e04a,527.323,642.34,693.068,2624.35,1665.48,1863.58,2540.69,memout,memout,789.986,1480.33,1536.42,timeout,timeout,timeout,1696.41,1918.14,3076.96,794.438,timeout,timeout,timeout
8bf60f540f1aaa8a768525e92a25fa13,0.018829,0.041146,0.042721,0.07378,0.159101,0.150767,0.14718,2.50393,1.89701,5.30464,0.037791,0.196439,0.02586,0.033919,0.062719,0.040806,0.040688,0.043829,0.045652,0.027237,0.034043,0.06084
8c896cc97f603052151a8d05bdf4a283,603.898,602.39,601.772,405.557,3.76405,93.8764,93.8995,timeout,135.722,410.329,4.69763,498.821,17.3727,215.818,39.7761,2.72336,2.71928,9.12904,6.00364,29.7001,625.516,39.0674
8cf95430e782c88748e481e8f55bb04d,2470.93,timeout,timeout,timeout,timeout,timeout,timeout,timeout,unknown,timeout,timeout,timeout,808.376,796.946,1192.78,timeout,3229.83,timeout,timeout,786.352,885.445,1076.36
8d3c38ed46747150c3c02bce8218e3b4,timeout,timeout,timeout,timeout,timeout,timeout,timeout,timeout,timeout,timeout,timeout,timeout,timeout,timeout,timeout,timeout,timeout,timeout,timeout,timeout,timeout,timeout
8d706daf0e85d2eb5f93c799537c8703,1.04227,1.05611,1.06486,1.80561,1.87802,7.88232,7.89983,6.49843,3.98776,179.967,5.03884,2.76648,9.61272,3.05657,0.271491,1.16641,1.25915,0.198241,0.238258,1.22664,0.956996,0.267706
8dd11c0a7e4315b0aeeb3364d09ca6cb,timeout,timeout,timeout,2664.81,timeout,timeout,timeout,timeout,timeout,timeout,1178.86,2157.09,timeout,timeout,timeout,2252.19,2623.97,1005.56,110.357,timeout,timeout,timeout
8e1a34408598a551034c64197df6cbba,memout,memout,memout,timeout,timeout,timeout,timeout,timeout,timeout,timeout,timeout,timeout,timeout,timeout,timeout,timeout,timeout,timeout,timeout,timeout,timeout,timeout
8e48576ee5e18f9b2278c7a4cd6e085a,597.688,594.346,597.202,2.07914,2.55671,3.1532,3.20034,timeout,memout,400.465,0.758265,500.618,4.14743,3.82724,4.5732,2.85883,2.56968,3.50542,2.38389,6.12636,5.62407,4.7856
8e7208ff4ec100e231c2eafa0c3bdc7d,timeout,timeout,timeout,timeout,timeout,timeout,timeout,unknown,unknown,timeout,timeout,timeout,timeout,timeout,timeout,timeout,timeout,timeout,timeout,timeout,timeout,timeout
8ffac9b06480be645c4a982ff36aa37c,timeout,timeout,timeout,timeout,timeout,timeout,timeout,timeout,unknown,timeout,timeout,timeout,498.691,721.698,1351.05,timeout,timeout,timeout,timeout,1603.26,2098.03,2401.16
90ae7d98019d8ff4e7dcefc4bbd37afc,12.1738,14.0703,12.6775,11.4076,11.2996,37.3215,112.593,407.245,memout,289.155,258.178,260.781,8.83177,7.78535,0.972358,82.933,215.725,42.0335,20.8104,13.1263,13.5663,0.82592
90d2fdee88dc70f7343f7367a6cd9b50,123.658,125.026,125.437,400.708,43.2287,284.177,365.098,timeout,1840.58,694.963,269.278,671.015,15.7025,214.3,75.1411,140.364,timeout,20.3919,16.9174,69.4945,661.338,72.2459
9214b05700b54cae6d2419b55f4d3aac,105.98,105.09,104.861,97.68,51.6231,214.703,333.647,208.681,timeout,99.7705,49.5245,79.0521,15.7777,79.1126,30.8817,21.8572,21.7316,22.2655,20.7761,117.485,82.5104,30.3372
92e9cdb0d69727bacf405d21ea1d8357,597.445,596.356,596.393,1.86405,2.88166,141.845,142.245,timeout,461.702,50.3462,5.90351,5.73564,4.99481,203.363,6.05472,1.76412,1.93222,19.66,18.6167,6.03417,600.519,5.60506
9331a8c21208f86add0b0e86d7b831ff,3.35226,3.4086,3.29961,0.381471,2.99935,3.18555,3.92119,72.5004,633.337,13.7875,11.7575,12.5684,2.531,2.73901,7.5799,2.01266,2.318,1.12719,1.42234,3.00241,2.92272,7.09798
9376a42623f31dc8ca8b2a1cd5ce93a5,121.781,87.2596,86.882,1260.01,306.544,312.938,470.052,timeout,timeout,413.299,191.526,226.303,329.4,326.234,624.995,378.826,1018.37,1185.96,1768.08,1041.83,1032.68,1321.88
93873c270ba9aadd56334c498b189c82,timeout,timeout,timeout,timeout,timeout,timeout,timeout,timeout,memout,timeout,unknown,unknown,timeout,timeout,timeout,timeout,timeout,timeout,timeout,timeout,timeout,timeout
93d961a019e40df59c10b17c76e51416,602.446,602.293,602.922,402.811,2.9763,2.78583,2.80677,651.362,153.486,411.118,5.46166,492.652,4.61709,202.934,20.4055,2.4679,2.47037,2.91215,9.88271,11.7244,601.367,20.4522
9440d211c699921397e7ef767a8ce1c8,668.315,667.267,670.62,433.988,1088.85,99.7491,99.7882,1937.43,474.211,1347.62,1278.54,1417.24,5.13449,203.531,113.08,timeout,timeout,1028.87,250.915,83.3403,684.087,118.342
94baf7d91b88650ee2273782a02d4cd3,594.436,594.942,595.306,397.058,3.91981,100.716,100.65,timeout,122.124,438.751,12.0781,503.114,3.98452,201.736,9.8016,2.75896,2.76187,0.985086,1.01853,3.34704,598.213,9.71217
95119f02d7df85964c0a23b6f319596b,406.028,323.783,388.39,934.153,533.909,1087.46,889.749,timeout,memout,1012.89,558.923,743.996,1463.56,1203.26,1903.91,1225.96,707.014,378.948,273.486,894.861,1237.36,1104.58
957a119351606c4561d680738c36bab9,timeout,timeout,timeout,timeout,timeout,timeout,timeout,timeout,memout,timeout,timeout,timeout,timeout,timeout,timeout,timeout,timeout,timeout,timeout,timeout,timeout,timeout
96d20fa07eb997b0ee928b38d456a69f,13.6454,12.1787,13.0236,30.3613,7.30685,61.9641,51.7405,288.351,memout,406.042,569.802,657.902,103.219,97.9793,0.64784,247.652,timeout,36.3342,30.1302,57.0904,65.5858,0.685653
970a647464027d6afcb7beff2dc51383,0.75349,0.538697,0.539075,0.452389,0.170844,0.846439,0.84665,2.35946,12.2121,2.06599,2.06802,0.518182,0.047593,0.677634,0.08552,0.120055,0.118312,0.142322,0.128967,0.409696,1.10617,0.086442
971812f26af7c822f8b3b5de4d8b0ced,22.8489,20.8033,20.9797,22.9818,1.75239,18.7428,18.6436,29.9909,19.2663,26.5119,3.91741,19.1864,0.384572,14.8041,3.16798,0.698832,0.697495,1.58383,1.00865,0.691715,18.1124,3.17688
971d439a90e1cdf9a53a48ce69b9a334,0.039952,0.059421,0.060858,0.234331,0.53829,0.572612,0.573324,5.67055,3.59618,178.033,0.078642,0.775837,0.030442,0.038676,0.077027,0.092564,0.091568,0.098083,0.107758,0.031865,0.039425,0.078161
974a9ebd44fe246efa98baa08d22cfc3,642.119,598.748,599.534,1.64714,4.1681,6.02495,6.01479,timeout,1748.39,9.54654,4.69755,5.07957,8.74275,8.77109,5.48796,2.79754,2.71608,4.4182,2.09709,26.5913,136.196,6.96183
97e8f080547ee6fcb9f04f8c4f181e82,timeout,timeout,timeout,timeout,timeout,timeout,timeout,timeout,timeout,timeout,timeout,timeout,timeout,timeout,timeout,timeout,timeout,timeout,timeout,timeout,timeout,timeout
98a0b71fee77dd378c97ec7bad946730,150.172,112.696,116.462,10.7061,750.76,720.225,999.526,timeout,memout,1286.72,43.9738,1211.21,389.341,370.071,55.4134,1100.53,timeout,99.5612,812.152,988.343,988.577,48.0003
98c4eaee281141a7520c090e2bc19ab0,624.933,627.071,627.523,15.8013,33.4505,213.914,213.517,timeout,unknown,644.5,44.1245,557.597,44.4445,44.1248,32.6921,341.675,248.831,23.1046,31.9087,39.6678,39.5198,32.9046
9915020dda680405c1fb1124edf9e2bc,timeout,timeout,timeout,timeout,timeout,timeout,timeout,timeout,timeout,timeout,timeout,timeout,timeout,timeout,timeout,timeout,timeout,timeout,timeout,timeout,timeout,timeout
998776df2ef88eb5683f1460176bd37a,0.024469,0.046125,0.046217,0.043388,0.031734,0.052496,0.052453,1.75132,1.56719,1.11825,0.032332,0.048631,0.026186,0.039072,0.058419,0.031952,0.030738,0.031998,0.03167,0.174675,0.040489,0.057936
9a223707c1e1c2751dc144cfa4755cf2,timeout,timeout,timeout,timeout,timeout,timeout,timeout,timeout,memout,timeout,timeout,timeout,timeout,timeout,timeout,timeout,timeout,timeout,2427.38,timeout,timeout,timeout
9a48f98185e14c150787a43598d0bd09,119.454,114.233,115.992,timeout,timeout,timeout,timeout,timeout,timeout,2825.85,649.81,1778.29,timeout,133.794,432.234,254.871,771.716,241.428,347.688,timeout,129.652,426.99
9a7056ec2c850d9e60f7868b6466d3e4,timeout,timeout,timeout,timeout,timeout,timeout,timeout,timeout,timeout,timeout,timeout,timeout,timeout,timeout,timeout,timeout,timeout,timeout,timeout,timeout,timeout,timeout
9abfac932304c18ce56cca2f45cc241f,139.263,80.0176,86.1443,915.339,356.65,395.362,434.123,timeout,memout,72.9561,596.616,582.819,126.686,126.501,unknown,182.875,191.941,138.505,229.009,224.376,218.763,509.068
9b27d14cb7caf173eee6525cb83f7ef4,0.119211,0.138895,0.141161,0.190404,0.033072,0.195564,0.197618,1.88664,2.76204,0.160926,0.029996,0.209194,0.02634,0.114439,0.060436,0.031937,0.03117,0.032686,0.031066,0.235996,0.121228,0.063928
9d20bfa152a5d488e1cc8e0053e2f18d,141.108,129.031,172.184,50.14,145.31,103.375,82.531,memout,memout,232.411,130.078,129.355,123.009,122.163,25.4165,284.145,353.3,197.852,217.558,150.09,147.882,23.994
9d381b1b4cbac1193ca834a96f5c1300,timeout,timeout,timeout,timeout,timeout,timeout,timeout,timeout,memout,timeout,timeout,timeout,timeout,timeout,timeout,timeout,timeout,timeout,timeout,timeout,timeout,timeout
9d6fa2daaaed895eb60227dd1aac3a77,0.920795,0.917317,0.909118,1.45861,84.2944,2.01629,2.01063,4.77051,35.4103,179.117,53.6326,1.00806,1655.29,1.077,40.4056,1.41496,67.3831,1.63195,13.6524,1554.28,0.929019,40.8544
9d7df0b96a5b01d0b971e9afc685c9d8,601.908,600.588,601.581,0.332213,6.80638,7.81893,6.90407,timeout,719.113,8.18314,4.46823,4.60774,16.6067,15.2701,0.549446,13.6485,12.1452,13.9455,13.9402,39.9574,633.001,0.549984
9d895c89d061878a81b72f9b94f95597,timeout,timeout,timeout,timeout,timeout,timeout,timeout,timeout,timeout,timeout,timeout,timeout,182.503,368.328,713.576,timeout,timeout,timeout,1968.95,957.931,1354.38,1635.95
9db6427cdafcca5d9912887ea53b4d20,timeout,timeout,timeout,timeout,timeout,timeout,timeout,timeout,timeout,timeout,timeout,timeout,timeout,timeout,timeout,timeout,timeout,timeout,timeout,timeout,timeout,timeout
9db7d991a994fb5b29656af778588e23,timeout,timeout,timeout,timeout,timeout,timeout,timeout,timeout,timeout,timeout,timeout,timeout,timeout,timeout,timeout,timeout,timeout,timeout,timeout,timeout,timeout,timeout
9df8d445ca8ad9442542c09166d0164b,timeout,timeout,timeout,timeout,timeout,timeout,timeout,timeout,timeout,timeout,timeout,timeout,timeout,timeout,timeout,timeout,timeout,timeout,timeout,timeout,timeout,timeout
9e54d550239a60668149e6163543a230,22.0506,21.8835,21.8758,13.3484,timeout,27.95,28.1814,25.6006,392.914,205.753,1348.93,15.9224,timeout,24.4163,321.724,11.9913,33.1952,128.718,418.019,timeout,27.6237,324.268
9f53c8f4b08aeb77d6ad67940adc2700,1250.15,758.857,759.085,542.745,59.3065,207.193,207.362,timeout,288.209,723.897,106.309,605.903,127.043,329.838,580.718,32.4788,32.3346,82.2752,224.569,211.584,824.945,1115.56
9f9841c3fbfac703da0b09b10068a0e2,2.72457,2.44325,2.50861,9.67773,0.111839,4.69979,4.69263,9.3716,15.7286,6.02173,0.076216,4.99152,0.05793,0.990705,0.110489,0.083003,0.083032,0.103648,0.079814,0.064061,0.988943,0.105712
9ff8821a6b71a89c9dfcfbfd484a367f,0.044857,0.061792,0.064393,0.047647,3.515,7.49098,7.54983,3.71112,2.38159,178.081,0.180818,0.185494,0.043593,0.049541,0.086235,0.081619,0.081668,0.071537,0.087886,0.046322,0.053463,0.08406
a00c8def0d44a78576b7fe42d623e61e,timeout,timeout,timeout,timeout,502.7,timeout,1151.09,timeout,timeout,2376.03,559.767,1465.99,timeout,timeout,timeout,1978.56,timeout,3394.01,timeout,timeout,timeout,timeout
a06cf65bf987ab7a1246f4be29fd9be4,596.898,598.126,598.318,2.99067,8.7885,101.557,101.898,timeout,769.249,425.741,12.6733,501.42,9.1395,9.14108,36.58,4.40828,4.42388,3.65157,2.09997,16.6113,611.686,36.3861
a0dd7e25b61569254be585dcd0577815,timeout,timeout,timeout,timeout,timeout,timeout,timeout,timeout,timeout,timeout,timeout,timeout,204.483,399.169,698.969,timeout,timeout,timeout,2321.2,993.744,1758.58,2045.82
a0f00d71a8fea3f7276ff26dfc3e261e,timeout,timeout,timeout,timeout,timeout,timeout,timeout,timeout,timeout,timeout,timeout,timeout,1117.52,1354.63,1703.23,timeout,timeout,timeout,2670.2,timeout,timeout,timeout
a1efe293ab24e11399cdf1c47e95f7ab,timeout,timeout,timeout,timeout,timeout,timeout,timeout,timeout,memout,timeout,timeout,timeout,timeout,timeout,timeout,timeout,timeout,timeout,timeout,timeout,timeout,timeout
a22a1df86b77216b2772ae1a16220b7f,96.7894,84.0377,87.4391,4.85743,71.0949,146.208,89.7423,timeout,memout,177.237,118.068,118.087,72.9837,73.7264,3.82315,2324.29,2304.02,255.921,127.029,94.0461,93.5769,3.77087
a2a50efc1491d914bd34f761f4376b07,2776.72,timeout,timeout,timeout,timeout,timeout,timeout,timeout,timeout,timeout,3187.34,timeout,517.713,749.466,1050.79,2155.1,3167.72,timeout,2934,759.772,1374.72,1670.23
a2b0b903610a535d3ab9bc0ccd14f0dc,0.014487,0.036685,0.036953,0.036209,0.029313,0.047193,0.046795,1.72357,1.51794,0.042213,0.025499,0.035301,0.02482,0.032971,0.058415,0.028707,0.027946,0.030944,0.030164,0.025559,0.034162,0.057511
a2b55950ddf97e98d4ac635fa444b86c,1569.32,timeout,timeout,402.004,timeout,timeout,timeout,3586.13,timeout,402.836,4.54805,500.007,7.51172,205.948,5.32636,8.45824,8.3587,13.0232,7.06209,6.54771,601.549,5.2741
a2ee586cbe851043798f60b3d2e942fc,0.804645,0.84009,0.866875,0.232317,1.99435,1.93318,1.98555,84.2427,memout,25.9728,20.3592,115.616,4.0488,4.17985,0.281561,2.35679,2.43503,8.10243,7.64692,3.76346,3.87613,0.28171
a30d356b34964d08e319e49b07a9cba2,timeout,timeout,timeout,97.455,timeout,timeout,timeout,timeout,memout,568.688,289.865,399.732,timeout,timeout,timeout,464.552,536.422,170.019,193.901,timeout,timeout,timeout
a365a39f45624173b4f34dd9c5b2d09d,318.407,949.533,933.603,3155.92,831.392,842.792,878.31,timeout,memout,551.582,709.826,730.737,1341.98,1342.31,1658.5,296.772,231.191,1081.05,267.971,1120.94,1085.71,1401.99
a450e23dfc7bbe01a0c1bb2fd36b4b61,0.014014,0.037431,0.036504,0.036819,0.02909,0.040324,0.039449,1.72818,1.50454,0.035025,0.02658,0.035054,0.025456,0.033406,0.058654,0.028997,0.028077,0.031789,0.029428,0.219497,0.034112,0.057253
a472fe1291e53715dc95cd18dbe3949c,606.42,605.978,605.883,402.63,2.22199,82.9728,81.6054,2043.75,137.139,408.482,3.38194,497.855,18.6217,217.204,15.1031,2.74738,2.67604,5.90537,78.7423,29.9253,625.288,15.0424
a4aabe63e54c16d4bcd0c48f26fa9266,timeout,timeout,timeout,timeout,timeout,timeout,timeout,timeout,memout,timeout,timeout,timeout,timeout,timeout,timeout,timeout,timeout,timeout,timeout,timeout,timeout,timeout
a5af7a96ee6196eea2eebf5f41095729,0.537699,0.551388,0.551082,0.536185,0.044926,0.425544,0.421923,2.47672,4.47603,1.69281,0.028831,0.58351,0.032935,0.223294,0.069987,0.04403,0.043507,0.059424,0.04046,0.033526,0.436739,0.069799
a5ca62b61a0f1255764b0e99e9b1a503,timeout,timeout,timeout,timeout,timeout,timeout,timeout,timeout,timeout,timeout,timeout,timeout,timeout,timeout,timeout,timeout,timeout,timeout,timeout,timeout,timeout,timeout
a70e7667417e6269ce3ffd3c8bc876c8,402.951,462.836,481.29,869.289,timeout,timeout,timeout,memout,unknown,884.71,752.559,871.711,719.925,680.238,1010.96,707.338,907.691,1016.57,447.221,3119.91,3190.32,timeout
a7642e4f14934cd68c64f8e4e546591c,3251.88,timeout,timeout,timeout,574.064,timeout,677.51,timeout,timeout,2504.38,234.761,702.105,timeout,timeout,timeout,1420.5,timeout,3543.32,timeout,timeout,timeout,timeout
a7679be3ceddc24269ef84a37f36ce37,0.107559,0.129577,0.131842,1.13968,0.041365,0.327551,0.328703,2.01951,11.2438,1.83937,0.07722,0.803481,0.034761,0.820305,0.059905,0.081924,0.082422,0.078122,0.063546,0.138695,0.749027,0.060011
a77398a4170fc00d1ddc33bc52342e56,timeout,timeout,timeout,timeout,2083.07,2092.08,1786.01,timeout,memout,timeout,timeout,unknown,timeout,timeout,timeout,timeout,timeout,timeout,timeout,timeout,timeout,timeout
a81c39a4070e9cdc4804dcc0a6033289,3.96218,3.58238,3.75446,0.311101,2.86968,3.06894,2.97953,96.9529,635.611,12.0668,6.8108,8.01276,2.7091,2.82456,6.92968,1.77098,1.9316,1.27987,1.38937,3.21486,3.37956,7.30987
a868f2d2cfa8038c06636b2ae399c4f1,104.496,102.655,121.422,1319.17,387.213,491.787,233.879,timeout,memout,timeout,1293.46,timeout,timeout,timeout,158.274,timeout,timeout,3080.04,1526.96,timeout,timeout,158.412
a8ffdfc136777797773289ccc972fffd,37.1591,34.4716,36.4777,7.78581,92.0476,90.8965,100.155,timeout,unknown,261.01,156.727,156.532,118.005,116.392,16.1121,245.405,245.297,75.3955,77.2562,45.3015,52.421,16.7476
a933fe92b3bfd0bef43497c93fe606ed,timeout,timeout,timeout,timeout,timeout,timeout,timeout,timeout,timeout,timeout,timeout,timeout,timeout,timeout,timeout,timeout,timeout,timeout,timeout,timeout,timeout,timeout
a949988fbd605b8c710eea70750638e2,timeout,timeout,timeout,timeout,timeout,timeout,timeout,timeout,timeout,timeout,timeout,timeout,timeout,timeout,timeout,timeout,timeout,timeout,timeout,timeout,timeout,timeout
aa44a88ca5584789be76abf1c591773b,timeout,timeout,timeout,timeout,timeout,timeout,timeout,timeout,timeout,timeout,timeout,timeout,timeout,timeout,timeout,timeout,timeout,timeout,timeout,timeout,timeout,timeout
aa515687f5c446bc1b5a697d77fd96f9,1.32139,1.20437,1.27495,0.344171,15.2081,22.1474,22.7277,141.539,36.4811,178.498,1.09902,1.09048,1.5017,1.72984,2.00632,1.66025,1.63051,2.71674,3.13964,0.745744,1.18914,1.71995
aa757152ef7b04fcfab1bf2bf518891c,234.836,599.927,601.725,90.857,581.449,449.323,307.543,35.9024,694.177,565.439,93.6482,590.006,1.21978,1.20859,298.117,5.06748,5.30114,6.30963,5.97548,11.9926,12.125,309.006
aac6e54d44a1720b63b52efa42625bda,460.138,249.971,250.551,1017.56,452.011,520.844,558.818,timeout,memout,642.947,1258.89,1240.27,1500.27,1456.21,1784.81,545.981,499.4,624.315,401.221,1264.88,1495.38,1604.22
ac10c889d10b3a85a42459c7e0025070,182.977,179.287,187.818,1872.62,timeout,timeout,timeout,69.1709,389.014,441.47,2765.09,412.349,86.6232,281.271,479.501,timeout,timeout,3.90267,2.85038,161.257,235.929,536.431
ac295e53faf7dc76820d1c754d108ec5,0.846447,0.861678,0.921601,0.234865,1.97548,1.97111,2.0067,89.2846,memout,26.1137,20.2883,111.168,4.09834,4.04209,0.322586,2.43789,2.42895,8.6192,7.862,3.8836,4.08723,0.297336
ac8a94005c46d0610695d829bc75c724,timeout,timeout,timeout,timeout,timeout,timeout,timeout,timeout,timeout,timeout,timeout,timeout,214.572,407.693,733.885,timeout,timeout,timeout,2635.58,1084.79,1566.9,1863.65
ad7eaa2f72f16d0ceddb1fe4d69737f5,1277.09,1262.9,1242.87,140.364,135.151,229.718,194.85,timeout,timeout,607.337,13.7605,509.426,13.3456,212.149,18.5216,97.3657,96.4585,12.4615,30.3441,12.4614,610.692,18.7028
adcf0f1f92a5b98cf572c0d61b0eddb4,2198.84,2034.74,2074.41,timeout,timeout,timeout,timeout,175.618,1616.24,timeout,memout,memout,timeout,timeout,timeout,timeout,timeout,9.46325,7.25049,timeout,timeout,timeout
ade38037fbc7026c1591eb6e7c52e33e,1.1751,1.31463,1.19968,0.396845,14.3861,23.0984,21.9164,141.439,35.7941,180.289,2.82573,2.70688,1.52122,1.7037,2.18667,1.91305,1.57448,2.79224,3.12568,0.812569,0.966435,1.82075
afb894af73838a319799eea6d08d9bd1,164.239,166.004,161.19,3.72106,61.1308,60.524,58.9917,timeout,memout,28.1495,12.4207,12.2694,153.846,153.109,3.44513,280.296,277.211,168.092,285.459,235.423,174.299,3.43738
afbc3da6be5cccb184775c5f61014afe,383.44,399.95,376.787,366.295,363.764,455.639,556.063,memout,memout,459.663,468.078,507.97,357.952,357.139,194.333,447.116,476.459,446.737,277.476,552.856,558.747,186.078
b01390018860fad322577eb0b24daedf,826.973,2538.03,2444.59,timeout,2662.92,2250.62,timeout,timeout,memout,timeout,925.036,1321.06,timeout,timeout,timeout,timeout,timeout,timeout,timeout,timeout,timeout,timeout
b0764a726d2a04dcfb8d512ac583f376,14.0775,13.0692,13.4475,1.08407,1.25876,67.5752,67.8351,17.5112,174.133,190.93,14.114,18.0627,0.826973,0.822213,297.995,1.87569,1.93769,6.86687,6.52969,3.30149,3.24106,299.913
b112ae44e5eea1275ad0908f0fbbe02c,596.726,597.502,597.684,0.189623,3.04848,4.36075,3.82058,timeout,315.526,5.63348,1.81075,1.68101,4.36557,65.5764,2.3461,6.86923,6.88735,7.76263,7.75749,6.81546,73.6764,2.30917
b165d0c6a27d596bc3a2b4b56b63df6d,345.296,343.558,337.51,169.968,252.478,311.351,350.369,timeout,timeout,576.234,454.046,472.667,293.409,296.604,94.693,176.65,177.17,204.679,125.609,104.052,113.201,94.36
b246985ee6838c3161bb68ff45bd6058,85.094,80.2672,85.0866,1164.68,1296.51,1006.01,timeout,memout,memout,367.024,262.858,228.307,134.237,126.942,425.094,553.956,558.083,255.847,408.923,1063.44,1157.44,1525.4
b25e724dd9774adbd8f02b47c7e09d65,1219.14,1219.86,1218.23,2.9296,7.25237,189.163,195.55,timeout,timeout,587.652,12.6325,516.117,3.75518,202.242,28.4231,7.14159,7.14912,6.97216,27.6821,3.32222,598.131,28.3973
b283e1fc3ddbea15bb5e9676003fc2b7,timeout,timeout,timeout,timeout,timeout,timeout,timeout,timeout,timeout,timeout,timeout,timeout,timeout,timeout,timeout,timeout,timeout,timeout,timeout,timeout,timeout,timeout
b2d328862e80ba8eb1d883f744553bb9,48.1789,44.7527,44.8317,36.2875,1.54257,53.4695,52.614,1335.39,83.2055,34.4193,0.377177,45.1276,1.22509,42.327,24.9515,10.614,10.5936,0.449126,0.389326,1.4229,28.536,24.5785
b31952a6c3d7ec299dbb1dce7ad52540,0.018336,0.04221,0.041666,0.039238,0.032291,0.048707,0.048506,1.6914,1.60165,0.039237,0.028884,0.039794,0.026399,0.037113,0.058401,0.029054,0.028863,0.030778,0.030386,0.217707,0.036955,0.058597
b31c7bc7b5e83fd313f3797cfd1a151a,0.934522,0.901402,0.948983,0.295893,3.2596,3.8177,3.77944,60.2979,21.1579,4.23825,0.74351,0.763123,0.600101,0.81339,1.54617,1.62774,1.68631,1.79523,2.6036,0.542322,0.833134,1.50373
b32a560a8c00419c67ff9fda2c0e690f,timeout,timeout,timeout,timeout,timeout,timeout,timeout,timeout,memout,timeout,timeout,timeout,timeout,timeout,timeout,timeout,timeout,timeout,timeout,timeout,timeout,timeout
b472c528b4039aa32b86bb668487010f,0.019523,0.041363,0.042831,0.077651,0.15255,0.161982,0.160877,2.49222,2.08782,4.74228,0.038563,0.203374,0.027019,0.034195,0.062954,0.045439,0.04588,0.045921,0.04837,0.027561,0.035736,0.062624
b4794d123e18a908924d3d33cdeeae3b,timeout,timeout,timeout,timeout,timeout,timeout,timeout,timeout,timeout,timeout,timeout,timeout,timeout,timeout,timeout,timeout,timeout,timeout,timeout,timeout,timeout,timeout
b4bb2eb13dc4571d89a2a844ee8f9e65,timeout,timeout,timeout,timeout,timeout,timeout,timeout,timeout,timeout,timeout,timeout,timeout,timeout,timeout,timeout,timeout,timeout,timeout,timeout,timeout,timeout,timeout
b500b43bf6f26e437991f64ea998d939,0.141178,0.151471,0.151777,0.21822,0.033653,0.073041,0.069705,2.08946,2.49716,1.49394,0.03569,0.243673,0.02748,0.162895,0.059541,0.037852,0.037483,0.03698,0.033083,0.302785,0.188008,0.059725
b557ca64618d20e0bf1a36189913433d,605.469,605.649,603.274,1.84938,9.41523,124.29,115.364,210.13,839.756,572.073,38.4941,431.048,58.9968,56.3894,13.0314,769.975,unknown,9.27105,9.95018,108.893,108.591,12.7821
b76a5b69038c00c21ba6809c9784aacb,timeout,timeout,timeout,timeout,timeout,timeout,timeout,timeout,memout,timeout,timeout,timeout,timeout,timeout,timeout,timeout,timeout,timeout,timeout,timeout,timeout,timeout
b77cb7aac9284ad4d0a27d8e1d62ce77,97.002,57.5593,56.5344,59.7713,timeout,60.3692,60.3419,201.407,timeout,240.607,timeout,70.0143,12.7312,95.4233,unknown,timeout,timeout,191.373,478.658,16.4129,72.5299,369.749
b7a8935d586e100ed35c958d7161101a,1462.87,666.885,666.596,602.682,50.0407,199.794,199.963,timeout,665.216,720.157,88.2454,572.469,334.484,546.146,182.891,36.921,36.6095,2703.57,1813.54,396.385,997.262,181.065
b8106f7708c4756f594d44c39e145363,788.421,638.304,642.268,811.602,12.534,123.396,123.182,timeout,414.476,480.468,14.8299,513.251,50.1919,249.412,unknown,14.4161,14.445,1014.7,260.315,96.2901,694.511,994.863
b8dd6a57036f353bbcf3b254c55daeea,timeout,1160.66,1121.46,3016.96,326.711,430.669,444.001,timeout,memout,127.954,timeout,3539.91,286.908,280.426,599.508,437.758,timeout,1438.41,timeout,468.841,459.927,756.097
b9216b1d93f51aa9965d560962322221,0.081395,0.104378,0.104132,0.091262,0.041802,0.14295,0.143394,1.8302,2.10181,1.18214,0.127022,0.115565,0.032545,0.128234,0.073553,0.067512,0.068351,0.036598,0.034835,0.175915,0.094526,0.073511
b923934a61cbb4d4574c3fc3da1dcb9d,20.3854,19.4997,19.4618,0.895794,1.03982,91.2563,91.1251,120.607,301.546,61.4712,14.3813,55.6677,0.767414,23.0995,0.616862,6.89121,6.93548,0.607264,0.420907,1.24113,23.1467,0.626186
b970999312446f1a896448e722884a43,timeout,timeout,timeout,timeout,timeout,timeout,timeout,timeout,memout,timeout,timeout,timeout,timeout,timeout,timeout,timeout,timeout,timeout,timeout,timeout,timeout,timeout
ba26ccedc86b20a2b1b1f5d4b9f996ce,timeout,timeout,timeout,timeout,timeout,timeout,timeout,timeout,memout,timeout,timeout,timeout,timeout,timeout,timeout,timeout,timeout,timeout,timeout,timeout,timeout,timeout
ba421afd05c71f9c0d06ff17963d21d6,0.044964,0.068866,0.069354,0.051274,0.033731,0.09432,0.094799,1.70999,1.60609,1.16358,0.067994,0.057064,0.025883,0.043907,0.059102,0.037492,0.036859,0.034074,0.032223,0.026598,0.049275,0.058638
ba9164cdcff144767b5e9533c41cfaff,2.11713,2.32206,2.45387,0.718495,4.59923,4.55794,4.58568,229.369,memout,179.231,3.41126,3.35902,7.61089,7.5611,1.01673,6.31448,5.99461,16.4073,7.76578,7.67845,7.66356,0.882104
bad10b1e83a908f8acc7958d86be1e42,timeout,2374.5,2446.5,282.278,227.606,409.435,1902.62,timeout,timeout,1478.89,39.9113,542.406,timeout,timeout,64.3146,1889.3,timeout,1195.84,3255.72,timeout,timeout,65.3792
baf9cf02a19078d4bfed7e27ba4e4ceb,3128.07,3391.79,3172.09,timeout,timeout,timeout,timeout,timeout,memout,timeout,timeout,timeout,timeout,timeout,timeout,timeout,timeout,timeout,2741.58,timeout,timeout,timeout
bb65a80bd0db6b832fb26a2b6869477d,timeout,timeout,timeout,timeout,timeout,timeout,timeout,timeout,timeout,timeout,timeout,timeout,timeout,timeout,timeout,timeout,timeout,timeout,timeout,timeout,timeout,timeout
bb9e9ef15bc3045aebf41d5735aa5669,timeout,timeout,timeout,timeout,timeout,timeout,timeout,timeout,timeout,timeout,timeout,timeout,timeout,timeout,timeout,timeout,timeout,timeout,timeout,timeout,timeout,timeout
bba46b414f3df43b7dcceec50a0b4672,1208.37,1209.35,1223.03,5.67093,13.2038,186.244,208.017,timeout,timeout,691.374,12.4098,522.513,3.87715,202.296,9.35142,18.2152,18.3372,21.969,5.08822,4.33644,620.048,9.37124
bc090f0c80119a669467337cc315f290,60.2663,59.786,59.8944,63.5751,timeout,76.471,77.4389,219.626,timeout,253.305,timeout,65.1492,33.4971,70.2935,365.443,135.856,1139.67,201.007,474.424,83.0349,58.3125,354.03
bc88b839f987632fcd7089892d507c84,327.022,288.284,288.485,245.473,timeout,timeout,timeout,memout,memout,534.097,631.024,616.948,418.861,432.932,740.015,578.412,unknown,467.644,390.014,memout,memout,memout
bc8dbf677a979e93d0a29766f61e8636,1172.48,1160.59,1140.92,550.857,835.101,116.293,116.297,timeout,1886.42,1426.07,797.921,1053.74,59.069,59.0589,65.4622,timeout,timeout,1227.91,1587.27,194.433,809.546,66.1853
bccc5fc8305d7ac25efda471be3349f0,14.3478,13.6422,13.7726,14.034,350.768,28.2163,28.3466,61.4909,857.26,197.224,125.781,23.7731,11.0899,22.6794,320.415,1002.51,616.864,133.083,9.48395,5.48131,13.7774,311.227
bcef465c8a0412e975a0fa7f15a81228,timeout,timeout,timeout,timeout,timeout,timeout,timeout,timeout,timeout,timeout,timeout,timeout,timeout,timeout,timeout,timeout,timeout,timeout,timeout,timeout,timeout,timeout
bdad0f06fe294c739ea326213bc7d504,902.137,639.497,641.5,529.878,14.8814,124.603,124.576,timeout,171.36,493.326,17.7684,513.858,71.8884,271.997,198.91,13.4746,15.3771,83.356,211.293,118.327,716.993,197.478
be5ad8a2993fcf43619da94bb72f162c,0.039222,0.060847,0.060882,0.226834,0.537748,0.712165,0.716467,6.09091,3.5898,177.856,0.080246,0.81492,0.03069,0.037739,0.076789,0.090225,0.09025,0.110335,0.117895,0.031503,0.039844,0.076655
beacc5725ac5e62b4383e4af6046f1d5,timeout,2716.29,2779.09,3019.6,timeout,timeout,2744.8,timeout,timeout,1444.84,136.967,731.521,timeout,timeout,94.6301,622.01,timeout,1706.93,2799.32,timeout,timeout,95.2912
bec6cfb17a0e852164d655c80a05c380,timeout,timeout,timeout,265.264,575.382,2328.16,timeout,timeout,timeout,timeout,532.655,703.975,timeout,timeout,195.769,1183.35,timeout,1812.65,timeout,timeout,timeout,183.747
bf04d9a41417b633a9f5ea465b398620,1033.27,1419.96,1404.27,2768.86,timeout,timeout,1626.96,timeout,timeout,timeout,timeout,2908.96,timeout,timeout,timeout,timeout,timeout,timeout,timeout,timeout,timeout,timeout
bf844b16264d91c15940f145bc2ff0dc,timeout,timeout,timeout,timeout,timeout,timeout,timeout,timeout,timeout,timeout,timeout,timeout,timeout,timeout,timeout,timeout,timeout,timeout,timeout,timeout,timeout,timeout
bfd3271810a04a7dd6241a33da36d507,5.51934,7.19788,7.24075,5.39666,0.239136,38.7143,38.8192,timeout,14.1161,8.25276,0.113538,5.96995,0.208995,3.76097,0.237602,0.175277,0.175367,0.312577,0.112964,0.265114,2.96842,0.234706
c102bbdc89bcb315ae9cb57d96403b90,1441.98,1600.73,1829.98,timeout,timeout,timeout,timeout,timeout,memout,2504.46,timeout,timeout,timeout,timeout,timeout,timeout,timeout,3265.72,1916.08,timeout,timeout,timeout
c11072a5d2c67cb65c5c3abade10277f,timeout,timeout,timeout,timeout,timeout,unknown,unknown,timeout,timeout,timeout,timeout,timeout,timeout,timeout,timeout,memout,unknown,timeout,timeout,timeout,timeout,timeout
c1782d4a9779d26dd354382402728cae,53.9851,48.3999,49.4676,33.589,timeout,86.3775,86.8065,81.8656,timeout,229.89,798.518,45.4711,3.17907,38.4791,130.686,timeout,timeout,151.495,435.237,7.64314,29.4275,132.388
c182dc8b03a6a0e1e2b5bfa4f9fc32c9,0.259046,0.260962,0.268999,0.105653,6.05978,15.8688,15.916,20.813,8.73844,2.1985,0.338281,6.0095,0.137638,0.153236,0.32073,0.504775,0.474381,0.415152,0.50674,0.153362,0.156307,0.322185
c3299ce1fcda1e31cea5da49fccd8f4a,timeout,timeout,timeout,timeout,timeout,2646.03,timeout,timeout,timeout,timeout,1746.27,1154.45,timeout,timeout,154.947,2612.53,timeout,3036.7,timeout,timeout,timeout,155.077
c33e1af392b096b94bf6184dc7119de0,timeout,timeout,timeout,timeout,timeout,timeout,timeout,timeout,timeout,timeout,timeout,timeout,526.416,828.097,1114.19,timeout,timeout,641.645,1108.48,2545.95,2794.21,3090.7
c422714e58041f77d1a1b80bb6ec77d6,timeout,timeout,timeout,timeout,timeout,timeout,timeout,timeout,timeout,timeout,timeout,timeout,timeout,timeout,timeout,timeout,memout,timeout,timeout,timeout,timeout,timeout
c441a685a5e25f3dd28b0d6b65e9f0cd,timeout,timeout,timeout,timeout,timeout,timeout,timeout,timeout,memout,timeout,timeout,timeout,timeout,timeout,timeout,timeout,timeout,timeout,timeout,timeout,timeout,timeout
c4a3fc7c7e8daee55c5b5d05ea327dd3,596.206,595.53,595.512,1.91811,5.35321,193.575,194.407,1221.99,2380.59,456.711,12.7427,509.231,3.42502,199.721,6.2182,21.2017,151.226,1.18785,1.10855,5.03232,597.45,6.28222
c5305adb51c45dda2f485a67447a2340,594.829,595.616,594.961,394.965,0.242879,90.4438,90.4449,599.65,68.1477,398.549,0.386858,487.615,0.16993,198.558,0.26304,0.150849,0.151417,0.17042,0.09707,0.15653,582.902,0.262512
c5a0c45cda7c9a8a8dc6f6abcd87fd80,319.307,329.091,305.67,334.802,411.895,540.799,525.441,timeout,memout,534.145,295.944,283.521,892.852,850.923,1153.78,416.196,438.84,165.814,225.742,786.596,861.274,1140.03
c5bccb71ab9c7ebff1a41c301af70534,timeout,timeout,timeout,timeout,timeout,timeout,timeout,timeout,timeout,timeout,timeout,timeout,timeout,timeout,timeout,timeout,timeout,timeout,timeout,timeout,timeout,timeout
c60ddde3c91b2196f73839902da3dbc8,0.012447,0.035825,0.036938,0.035748,0.031486,0.047723,0.047696,1.8296,1.55262,1.49591,0.02551,0.039912,0.025195,0.032235,0.060344,0.027571,0.028015,0.030732,0.029881,0.026694,0.033703,0.057874
c685ad8e3ad0f9f3d48b597bd8338405,141.866,128.067,191.148,1928.48,timeout,timeout,timeout,timeout,memout,1904.99,2085.73,1674.28,timeout,timeout,timeout,107.266,109.564,138.898,122.028,timeout,timeout,timeout
c7170887d9ef67605f8253fff93502d8,1043.18,1006.04,991.36,2522.45,timeout,timeout,timeout,141.379,1110.08,timeout,memout,unknown,timeout,timeout,timeout,timeout,timeout,7.97756,7.43811,2520.53,3254.57,3519.93
c7e143acdb323051257147d23e0e6084,36.4217,34.078,35.2296,7.98237,93.0471,93.8842,99.5068,timeout,unknown,261.286,156.118,161.725,117.531,118.724,17.1652,245.268,245.09,76.4238,75.7111,44.36,44.6199,17.2053
c8189d4c3dbe788f636223e93604df18,timeout,timeout,timeout,timeout,timeout,timeout,timeout,timeout,timeout,3184.36,timeout,timeout,timeout,timeout,timeout,2024.3,timeout,timeout,timeout,timeout,timeout,timeout
c8516bbef43076abd714a50af25ee87b,1.44016,1.23401,1.28978,0.447447,31.5936,30.0237,31.2059,141.589,36.266,180.351,2.8314,2.84281,1.55661,2.11842,1.83973,1.6486,1.8146,2.82206,3.09368,0.783964,0.987304,1.78222
ca3411ed8f2d07996369f566b30ab31f,335.969,249.1,284.209,2043.76,timeout,timeout,timeout,timeout,memout,2063.02,3219.57,2799.15,timeout,timeout,timeout,241.949,347.485,305.203,237.673,207.729,205.403,503.993
ca666dcd94f28f968734486b8a718ed8,9.22532,7.98102,8.00423,10.6824,1.72353,22.3437,22.3042,6.61545,62.6073,11.4501,2.29536,10.2279,1.28071,7.69878,0.544809,1.34828,1.4651,1.16906,1.34415,1.71274,7.43831,0.54898
ca672b5848cdfc5bda0d6618e4b60f5a,timeout,timeout,timeout,timeout,timeout,timeout,timeout,timeout,timeout,timeout,timeout,timeout,timeout,timeout,timeout,timeout,timeout,1127.8,3404.03,timeout,timeout,timeout
caf08377b941adf9a0aa73622f925d27,timeout,timeout,timeout,timeout,timeout,timeout,timeout,timeout,memout,timeout,timeout,timeout,timeout,timeout,timeout,timeout,timeout,timeout,timeout,timeout,timeout,timeout
cb2b5b727d535e78d711fc6607bd8214,1085.73,1099.52,1090.35,416.736,917.799,241.644,558.064,timeout,timeout,timeout,37.5431,680.213,timeout,timeout,92.1798,794.391,timeout,1339.55,1878.42,timeout,timeout,84.5611
cb41119aa0e69a3e419f2737e94f2fb8,595.812,592.258,595.493,199.021,3.50956,236.214,276.308,38.0664,timeout,653.141,58.8056,194.361,159.639,315.063,613.058,221.27,709.16,0.92155,1.93427,142.937,764.139,1061.25
cbd5911da289a102571bfece5c42df88,119.941,2608.8,2430.39,136.12,69.0221,124.015,82.2113,timeout,memout,217.005,42.2834,41.8828,63.1752,59.3722,362.816,42.0943,45.8464,47.7811,42.118,174.106,136.528,427.428
cc2cd03f326ba73ee75e12b0d8d64ea9,779.316,841.572,800.884,210.055,unknown,memout,memout,memout,unknown,684.524,memout,memout,475.174,470.041,770.046,unknown,unknown,868.001,memout,816.527,699.851,1056.85
cc6a7946780d0b727fa7e661d8b246f5,1.94975,1.31923,1.30401,0.485273,0.328153,1.13397,1.13593,1.93309,16.0644,2.42936,4.33458,0.598219,0.101086,0.786393,0.109606,0.188159,0.189162,0.268228,0.179379,0.594937,0.632023,0.107882
cc749044a49758b237153c957f27def4,91.6484,89.9737,146.282,1885.43,timeout,timeout,timeout,355.268,memout,2226.23,1683.85,2070,timeout,timeout,timeout,77.1515,94.1376,89.958,82.7224,746.014,724.466,1074.05
cc7935b5f0eebfff84ca7952e620fb5f,9.39962,9.23996,9.28477,24.9885,0.539519,37.4373,37.1214,8.57293,117.65,44.1947,4.98762,49.1925,5.24328,11.0378,5.93446,43.4705,103.758,2.66919,2.54631,11.9845,14.4499,5.86976
ccbdeb6a662e1ee79b79b537d0b6f12a,33.6669,33.329,34.8583,7.78234,90.2696,89.0024,100.439,timeout,unknown,260.946,157.176,155.243,119.564,115.881,16.8609,245.578,248.37,75.8984,75.1718,46.6352,48.2458,17.7634
ccdd92d59907e9850ec1d80ccc97d479,1193.54,1198.55,1788.13,423.896,26.1426,189.968,184.644,timeout,timeout,584.534,2.05005,495.699,11.3299,209.391,21.9318,4.99728,4.80453,9.66037,3.75978,10.8025,605.631,22.0288
ccfdcc5db3f12d37ac4def4130fc2aeb,613.836,608.284,609.49,437.566,2.26051,95.713,95.7571,1418.3,104.149,403.847,3.32024,497.931,12.8919,211.379,32.7206,2.41642,2.32865,14.0908,25.6375,14.7492,610.52,32.4137
cdd6eb741f8675f9caac385699acf29c,30.748,28.7051,31.8915,14.9513,94.5992,167.63,162.634,timeout,memout,297.675,212.569,196.25,93.2626,57.3103,3.07503,139.727,179.186,188.823,111.379,timeout,timeout,3.17323
ce0c8e73080b230c99bcb093fbc68252,timeout,timeout,timeout,timeout,timeout,timeout,timeout,timeout,timeout,timeout,timeout,timeout,timeout,timeout,timeout,timeout,timeout,timeout,timeout,timeout,timeout,timeout
ce2b2b3164fe3ee13bc18b57b4f943fc,34.8776,34.3216,36.5109,10.7387,104.094,103.243,121.22,timeout,unknown,276.064,170.537,180.878,120.48,120.02,33.1073,257.522,258.348,87.2343,83.0295,52.026,48.6508,31.6098
ce51210ccbd63066caefd379917e713b,849.834,894.452,898.062,201.13,unknown,memout,memout,memout,memout,899.516,unknown,unknown,634.686,611.739,990.227,unknown,unknown,778.068,memout,907.91,810.879,1181.16
ce95e47007f19f04014da8218acaed92,timeout,timeout,timeout,timeout,timeout,timeout,timeout,timeout,memout,timeout,timeout,timeout,timeout,timeout,timeout,timeout,timeout,timeout,timeout,timeout,timeout,timeout
ce97f10536050a59b213df1ecc9bffe9,599.64,598.962,600.212,0.415087,4.86063,4.91774,4.971,663.134,1114.82,35.722,1.30488,1.28097,6.70789,6.34763,0.407675,828.784,823.913,924.475,967.843,17.2627,17.3524,0.369108
cec8d37d09ef7098b2ab993adc0cad2c,43.4053,52.958,54.5674,75.5076,0.1728,18.7559,18.8634,163.286,49.6684,69.2761,0.919286,53.3597,0.201212,29.2494,0.863203,5.76577,52.6757,0.349251,0.244499,0.286371,43.0106,0.859638
cf598f213e13748e4fb2e11850ee2579,6.57135,6.18728,6.0587,7.3396,5.00712,5.28888,5.58744,59.0081,522.263,201.459,85.1522,30.0731,23.3832,22.4373,320.812,6.15777,5.89217,65.7577,59.2198,13.2733,13.54,311.579
cf5f943ca90f6a9e7a0fb9728cbf3a32,3.86595,3.90697,3.9612,0.262876,2.81162,2.95352,3.05146,101.369,643.863,13.8472,5.55194,5.46383,3.02905,3.01283,7.21324,2.49102,2.529,1.1222,1.39678,2.78509,3.18394,7.27158
cf864e2fdefdf69da501c22904df63a2,706.989,621.764,644.123,2700.95,461.609,554.607,716.255,memout,memout,951.076,988.011,1011.64,524.011,524.975,815.635,500.637,511.292,636.26,memout,669.548,694.004,1012.66
cfc1f39b74a0d9586c19b13a16147880,637.33,387.397,397.337,524.257,13.8331,137.496,136.697,789.62,283.55,481.295,24.11,509.872,44.5187,200.219,497.448,15.8202,15.967,23.6888,21.9803,7.4846,316.434,601.64
cfccbc4b1c707e54e6079ac274241296,timeout,timeout,timeout,timeout,timeout,timeout,timeout,timeout,memout,timeout,timeout,timeout,timeout,timeout,timeout,timeout,timeout,timeout,timeout,timeout,timeout,timeout
d014fcc3edfba1ecc56e3a4f12d12d05,0.014047,0.035893,0.037061,0.03513,0.029056,0.043925,0.04366,1.70811,1.4767,0.034622,0.026175,0.034579,0.024474,0.033903,0.058328,0.028111,0.028945,0.030299,0.029289,0.026008,0.035139,0.057968
d0281a5dfe73ac0ff55c697f547da56d,597.026,597.882,596.81,30.0384,7.48412,237.552,238.61,timeout,timeout,457.261,106.905,553.904,182.28,182.678,9.7802,540.252,233.727,11.3379,3.76519,62.0712,66.3875,9.38716
d110af1e184e4ef8ead58698fa98baa5,timeout,timeout,timeout,timeout,timeout,timeout,timeout,timeout,unknown,timeout,timeout,timeout,timeout,timeout,timeout,timeout,timeout,timeout,timeout,timeout,timeout,timeout
d1a8db715985006bb69bfd3582a63773,7.98962,8.46296,8.4241,7.87754,timeout,16.4238,15.7,31.4173,1300.68,185.619,3131.72,8.05179,5.84339,10.5221,307.344,11.1247,51.9992,131.214,408.208,2.8414,8.14355,304.808
d2297ed0d056573e6a0d6dd0296117db,156.107,190.849,154.016,1951.65,timeout,timeout,timeout,timeout,memout,1966.43,2663.61,2327.87,timeout,timeout,timeout,163.127,152.547,171.96,218.38,timeout,timeout,timeout
d26914308b7032f65e785e469561fcd2,437.231,415.587,415.002,396.714,2.11258,95.6321,95.4384,287.899,300.601,426.962,6.56099,387.323,5.6438,142.623,5.93971,0.862414,0.867805,2.59016,2.94505,8.57746,603.784,5.80799
d2d10ef7ef30d53d66c487be214d0292,3.7921,4.96028,4.46806,1053.57,16.9925,16.8231,11.2928,timeout,timeout,153.635,106.537,105.671,6.88504,6.74226,1.2826,29.5983,28.5848,27.324,32.2382,40.4548,41.1552,1.28614
d32fbec4ef9bd4a1fc75763b538e4aa4,607.997,604.308,602.923,20.3296,22.3676,282.37,273.373,timeout,timeout,640.386,409.871,727.122,timeout,timeout,timeout,695.059,601.704,19.5861,10.2848,718.257,1347.89,1647.45
d3a8d43a6aba95f0cb232e9561ed94dc,606.066,604.153,605.123,401.102,8.03824,101.717,101.732,867.505,262.14,507.077,23.5612,522.046,21.6995,199.353,2.10043,19.8825,19.7723,7.90253,23.876,28.4903,599.54,2.10673
d4735f93af01bb54a58ef8335702c32b,1145.96,timeout,timeout,3279.18,timeout,timeout,802.864,timeout,timeout,timeout,timeout,2286.1,timeout,timeout,256.164,timeout,timeout,timeout,timeout,timeout,timeout,278.913
d5244b9b8aa07e6bcf8822059c518308,299.883,281.667,281.286,52.7495,0.793317,180.881,181.301,56.4839,1002.08,188.888,1.86385,173.448,3.48807,143.913,3.12518,754.329,3277.39,1.90137,2.06552,2.203,102.527,3.10462
d557d36d27300d24869b0aa0a338ec70,timeout,1677.53,1585.91,timeout,timeout,2631.19,timeout,timeout,timeout,timeout,333.99,801.684,1014.66,1262.89,1587.6,845.247,unknown,unknown,3500.03,1708.06,2306.11,2621.36
d590cf48df9fd26231373733ff07a3a6,1797.49,1204.41,1796.96,484.356,30.8631,185.519,300.831,timeout,timeout,601.59,21.9157,515.64,4.40221,202.22,87.3869,6.2376,6.18966,54.6335,11.3618,15.3924,609.941,87.7137
d5d65a856301f52a3f5f880547af4c2a,timeout,timeout,timeout,unknown,unknown,unknown,unknown,memout,memout,memout,unknown,unknown,unknown,unknown,unknown,unknown,unknown,memout,memout,unknown,unknown,unknown
d755da1f45e4af7c33f4a85fe479a519,timeout,timeout,timeout,timeout,timeout,timeout,timeout,timeout,unknown,timeout,timeout,timeout,timeout,timeout,timeout,timeout,timeout,timeout,timeout,timeout,timeout,timeout
d8a3f312925b4f5a2e07af4fec53b0ac,828.532,814.082,805.69,179.717,415.441,622.86,623.426,timeout,timeout,792.422,396.759,895.043,211.227,418.972,295.394,529.528,513.266,1311.87,222.78,272.444,889.484,273.439
d8b4cd289680390ea5b584ed3553ed16,timeout,timeout,timeout,timeout,timeout,timeout,timeout,timeout,memout,timeout,timeout,timeout,timeout,timeout,timeout,timeout,timeout,timeout,timeout,timeout,timeout,timeout
d8bce5ef463d528ef24afe0e039446c4,0.466233,0.45479,0.450403,0.172036,1.07955,15.2542,15.1773,16.3025,16.3479,7.94881,1.2838,7.92999,0.133026,0.258868,0.336749,0.359326,0.36094,0.296787,0.339275,0.282815,0.251752,0.342243
d9318fec8f9aa3cb87f9f44065f9f01c,630.92,633.333,635.431,82.9222,87.4764,142.355,163.682,timeout,timeout,216.034,140.642,138.281,184.364,183.239,478.619,61.3044,81.2593,22.6212,87.7616,639.85,667.054,963.947
da974f8bbefe8675200bb0f93b8c1814,615.039,612.825,616.759,16.3671,13.8664,171.374,173.72,timeout,1992.65,439.592,14.3836,523.466,16.1041,16.096,69.523,12.0441,12.1393,11.3745,18.4094,31.8981,31.6358,67.9298
daf935ca387ea14de0271ae53ee9816b,timeout,timeout,timeout,3563.01,timeout,timeout,timeout,timeout,timeout,2137.49,1288.23,1481.36,timeout,timeout,timeout,3513.59,timeout,1902.24,timeout,timeout,timeout,timeout
db6ae874ed72bf858cb41d15233cf6c9,timeout,timeout,timeout,timeout,timeout,timeout,timeout,timeout,timeout,timeout,timeout,timeout,294.109,504.415,821.462,timeout,timeout,timeout,2525.58,1353.71,1813.83,2112.06
db6b199dace05f700ce8dad424401a9e,882.408,844.51,844.769,505.023,49.424,281.543,313.33,timeout,1180.64,895.19,40.2582,541.232,125.946,324.282,6.67503,timeout,unknown,49.542,112.426,387.939,998.258,6.83915
db8565c182a1d940a900734ca325b476,596.575,597.239,596.726,3.01371,2.82374,105.296,105.195,timeout,876.841,403.297,2.34011,896.626,2.4267,2.29172,6.59273,2.68966,2.47143,2.32452,1.53076,7.16904,7.30119,6.86011
dbd8aceba18c9b9408816873fce26502,598.378,599.365,600.53,6.64675,12.5509,114.745,114.256,timeout,664.998,534.853,82.0525,712.695,17.5526,215.354,31.9298,43.141,41.0163,7.67315,2.03458,11.4028,606.512,33.1232
dbe7edc989e4923d69964b0009b18eaa,23.1972,24.5208,23.0763,8.59976,30.8409,30.2357,33.775,timeout,unknown,183.743,97.1158,102.573,85.4292,80.1778,238.633,269.266,267.981,109.153,62.6207,94.1557,89.6416,241.236
dbf59934d501f26e57abdada31e93f00,442.37,904.393,900.944,397.901,1.37797,53.2257,53.9328,308.481,107.472,303.336,1.13611,483.807,4.50916,199.002,0.734682,1.27744,1.337,0.835935,1.39319,4.38864,179.246,0.722398
dcdee872a1be29a2dfc0c720750d6280,timeout,timeout,timeout,timeout,timeout,timeout,timeout,timeout,timeout,timeout,timeout,timeout,timeout,timeout,timeout,timeout,timeout,timeout,timeout,timeout,timeout,timeout
de7964db25426a7a4c3229c6aad56b2e,2490.13,2456.81,2457.07,timeout,timeout,timeout,timeout,timeout,timeout,timeout,1443.11,2336.76,1090.33,1309.08,1604.08,409.167,408.82,timeout,2822.79,2665.12,3305.39,timeout
dee03da009a3e7505f10e7361294c168,2.91981,1.63512,1.63397,2.53738,0.563769,5.44352,5.3915,4.10002,20.7743,4.63508,7.65409,1.38517,0.303988,3.01511,0.253837,0.616631,0.615809,0.899939,0.387976,0.643113,3.11964,0.259287
df7a97925622a3a9ec85247bcbaa15e5,timeout,timeout,timeout,timeout,timeout,timeout,timeout,timeout,timeout,timeout,timeout,timeout,114.678,352.417,611.061,timeout,timeout,timeout,1918.57,694.704,1180.66,1487.21
e035ba0af21afd2f8ac1b8f4cff7b83f,696,694.659,695.395,34.8201,234.691,112.205,112.279,timeout,939.423,704.412,200.778,652.303,30.5241,30.7112,175.977,timeout,timeout,38.1484,50.0416,67.5891,65.861,169.601
e0395e6eb917cec82b93b7572fac4529,5.67325,5.30975,5.16572,0.981088,18.5934,24.6606,20.256,timeout,memout,11.5644,10.6397,11.1712,7.91835,8.10551,20.3326,13.0736,14.6425,12.5005,9.60867,20.976,20.951,20.0144
e05ef6fd45279c5bf82b03f622e15190,85.9567,76.4669,74.2345,1876.46,timeout,timeout,timeout,683.989,memout,2128.96,1265.2,1894.17,timeout,timeout,timeout,60.8389,82.8486,71.4378,85.0306,257.459,254.697,551.539
e08aa87220cd8a6eee33c9e85dc3ef94,timeout,timeout,timeout,timeout,timeout,timeout,timeout,timeout,timeout,timeout,timeout,timeout,timeout,timeout,timeout,timeout,timeout,timeout,timeout,timeout,timeout,timeout
e107048f3b3d55f6b4bbbb486ae77b2f,timeout,timeout,timeout,timeout,timeout,timeout,timeout,timeout,timeout,timeout,timeout,timeout,timeout,timeout,timeout,timeout,timeout,timeout,timeout,timeout,timeout,timeout
e19813fc128df195b92521e9a82b20c0,memout,memout,memout,timeout,timeout,timeout,timeout,timeout,timeout,timeout,timeout,timeout,timeout,110.669,406.141,721.911,timeout,500.889,907.054,timeout,143.986,440.898
e22d2f01951b990dd709c8f788aaad83,timeout,timeout,timeout,timeout,timeout,timeout,timeout,timeout,timeout,timeout,timeout,timeout,timeout,timeout,timeout,timeout,timeout,timeout,timeout,timeout,timeout,timeout
e261b085f69e740b24ab7cfa112d8443,timeout,timeout,timeout,timeout,timeout,timeout,timeout,timeout,memout,timeout,timeout,timeout,timeout,timeout,timeout,timeout,timeout,timeout,timeout,timeout,timeout,timeout
e29c92a73101437ded6e126c10cbb140,2644.39,2176.21,2247.29,1272.71,timeout,timeout,timeout,timeout,memout,2939.5,2874.18,3493.93,174.847,175.754,466.434,timeout,timeout,1897.56,3551.7,444.686,446.675,706.045
e2ac61d31d260428c490c9ae8c16fa39,127.291,124.664,124.923,timeout,timeout,timeout,timeout,201.18,timeout,327.149,timeout,102.929,760.628,124.293,420.96,timeout,462.729,226.304,494.998,369.914,98.9307,396.447
e3374c9049270754cd0cb74a8de26f6e,140.053,115.728,148.566,4.35791,74.7921,92.96,228.749,timeout,memout,309.814,66.369,70.3214,149.069,149.083,9.26984,276.717,296.161,163.908,249.529,149.499,114.386,9.42739
e34c0270b6d40bcfaa886dfd8ff1ada1,timeout,timeout,timeout,timeout,timeout,timeout,timeout,timeout,memout,timeout,timeout,timeout,timeout,timeout,timeout,timeout,timeout,timeout,timeout,timeout,timeout,timeout
e34edbbdbf693b327550070409cc3208,1264.73,710.458,710.476,458.858,745.249,1127.22,718.994,timeout,timeout,1335.74,330.234,760.236,timeout,timeout,timeout,timeout,timeout,18.2279,34.9074,timeout,timeout,timeout
e41d272c172b70be08c020989037a2c9,595.849,598.603,599.112,0.26779,1.38447,184.397,184.353,timeout,unknown,403.734,4.47263,512.052,7.61001,7.64174,15.7258,1.61019,1.60713,2.50037,1.43894,8.47287,8.41951,15.9977
e4868bb288ac7f7a50992e3f2cab2142,timeout,timeout,timeout,timeout,timeout,timeout,timeout,timeout,unknown,timeout,timeout,timeout,timeout,timeout,timeout,timeout,timeout,timeout,timeout,timeout,timeout,timeout
e4d466b0965d66aedd6f8895168b7d51,599.091,599.044,599.513,405.882,3.4119,5.0973,5.05832,1712.01,107.913,412.526,2.68133,497.611,15.2735,213.701,23.7529,2.53703,2.54423,4.36977,4.40547,37.1255,632.048,23.8943
e50e36734a0a4b8219ef70625f19a657,807.45,797.535,801.302,216.362,409.874,178.292,178.356,timeout,2031.99,2103.98,2607.08,2377.96,364.453,367.63,538.917,timeout,unknown,605.672,323.055,739.886,724.787,829.647
e5b7892c6aaf86ff6b57124423a6e86d,630.471,617.281,627.284,37.294,22.9549,45.1156,48.6553,timeout,memout,427.34,22.7258,521.713,35.1954,34.2429,62.5008,20.1168,19.8753,22.1166,23.1309,51.0934,50.5835,63.9292
e66420e9d1d7487af2f89678ef5f400d,timeout,timeout,timeout,timeout,timeout,timeout,timeout,timeout,memout,timeout,timeout,timeout,timeout,timeout,timeout,timeout,timeout,timeout,timeout,timeout,timeout,timeout
e698083700259a95cf1410a7d49c43e2,timeout,timeout,timeout,2064.11,timeout,timeout,timeout,timeout,memout,550.5,414.46,523.163,timeout,timeout,timeout,269.596,281.854,262.623,timeout,timeout,timeout,timeout
e6f26ac5437f0811591b10c07e16d7b8,663.332,698.737,702.971,1847.63,189.01,238.631,234.023,timeout,1789.22,31.1955,44.8029,544.062,168.141,175.439,94.4119,175.468,175.293,107.396,121.421,408.081,414.128,87.9635
e70ce1f4d5a0d3c54c25a6cf608a3cc3,0.853795,0.852403,0.884107,0.232349,2.04083,1.98701,1.98287,98.8165,memout,26.178,20.4915,117.286,4.03179,4.08541,0.296754,2.37647,2.37894,8.26547,7.90824,3.82003,3.78099,0.283021
e734931681123f76ac2810470cb5dd80,1.52233,1.57267,1.59997,1.89614,0.480727,2.44232,2.4215,3.50984,39.9098,2.69179,1.37207,4.68671,0.080169,1.26177,1.07841,1.09171,1.18428,0.50849,0.642055,0.80223,3.07817,1.0726
e73940c02d71a975ee88ad168e5e0f45,598.393,594.716,598.241,397.464,3.38503,98.3451,98.2713,555.449,508.414,430.95,6.18465,504.537,18.9613,217.151,7.77378,2.20346,2.17084,2.11267,2.89353,27.2856,240.04,6.84748
e7651e7a0948f7f9dcb438f5a986316c,1.8569,1.41959,1.42554,481.661,4.69979,3.77524,3.99142,2330.32,memout,33.4028,61.3593,61.9666,10.4282,10.314,0.914795,4.91075,4.96914,6.79183,4.73856,timeout,timeout,0.859234
e80b44691cd6c61253e494b59aedde04,2084.22,1712.2,1727.27,timeout,225.733,413.4,1094.08,timeout,timeout,timeout,81.799,timeout,timeout,timeout,187.432,3115.07,timeout,115.965,1997.48,timeout,timeout,174.935
e84504ff1561bbc23e918902265aeb91,0.432006,0.457849,0.463351,0.407746,0.073648,0.67325,0.668926,2.15721,67.0386,2.29376,0.706304,0.490905,0.0323,0.377803,0.062642,1.0018,0.96008,0.113801,0.075265,0.252855,0.401937,0.060959
e89650f13c41280d76e6b865c6c6b7b8,0.038956,0.061284,0.063114,0.060206,0.030685,0.078545,0.078811,1.88769,1.95039,0.944607,0.026523,0.062374,0.025572,0.060275,0.059266,0.03289,0.032917,0.034759,0.030596,0.174455,0.057473,0.058311
e9fe4763fd3ed63a8135c1488c63f20b,31.3778,30.9956,32.0263,46.8892,65.9998,68.7078,61.7286,timeout,memout,55.3645,56.5245,53.8767,17.7618,18.4987,153.789,47.6041,48.5821,36.7042,20.0713,32.4775,31.9932,133.37
ea24b3171b9495229451d54c6dcb6d80,0.817902,0.817578,0.866721,0.232712,1.94621,1.97992,2.00149,84.6206,memout,25.9011,20.3985,110.946,4.03817,4.17354,0.305365,2.44763,2.37304,8.68605,8.09221,3.83131,3.93779,0.280101
eabe12aa6407f6d6aa9dc4741f3cd065,1183.19,621.467,628.946,5.29348,5.10025,188.666,188.334,timeout,unknown,630.051,24.0112,518.735,15.3698,15.8693,125.508,94.9665,100.11,3.77978,1.80583,19.3781,19.6806,113.278
ec201844251db6241957ab04e34eb646,timeout,timeout,timeout,timeout,timeout,timeout,timeout,timeout,unknown,timeout,timeout,timeout,timeout,timeout,timeout,timeout,timeout,timeout,timeout,timeout,timeout,timeout
ed01d859ede9764e83d98a93475a9e66,883.776,840.539,844.266,timeout,timeout,timeout,timeout,2658.3,timeout,timeout,timeout,timeout,timeout,timeout,timeout,timeout,2295.2,897.047,1140.56,timeout,timeout,timeout
ed21f23312676da0b9548ea1a26b1b1b,210.001,212.127,213.195,0.909339,0.970364,194.384,194.693,timeout,3003.24,442.384,29.7982,528.846,2.37851,199.068,0.461741,4.30104,4.42174,0.809354,0.565572,0.956182,298.338,0.403975
ee0b9a4e8827535f9eb42b28518629c6,timeout,timeout,timeout,timeout,timeout,timeout,timeout,timeout,timeout,timeout,3532.89,timeout,timeout,timeout,timeout,timeout,timeout,2027.64,1858.28,timeout,timeout,timeout
ee698ac0d6b690c96495f33488f9b31e,256.016,252.488,251.712,73.4045,98.925,75.6889,76.1376,136.7,276.239,116.346,46.3302,233.576,0.789812,62.9086,46.5303,6.79292,6.81691,14.5067,15.2911,5.88072,64.2294,47.1534
eea4f701bd02b6138eceac682da5e19f,689.474,693.134,696.718,1908.9,127.521,643.733,557.653,timeout,590.853,911.794,246.459,550.977,167.978,364.074,215.055,441.847,unknown,166.4,182.34,5.37084,595.933,232.726
eeb05fcbcd99c82b208f34b090e33f84,96.9887,96.2588,95.4142,312.191,1.67968,90.5674,90.597,101.533,26.9291,110.397,1.65433,234.325,0.410578,78.3443,1.51794,1.46451,1.46629,0.661585,0.424595,0.290971,58.9902,1.52768
ef52f4457dbea616f3876b43a9351026,3.34897,2.70061,2.55586,407.942,47.2973,103.21,44.6679,2149.26,memout,473.901,741.977,688.232,6.34393,5.97917,1.46624,2.5563,2.60562,3.82988,3.66311,113.478,159.711,1.62763
ef8404d9aa89de6b3a20a5556775ef57,1045.88,timeout,timeout,2376.65,1799.71,timeout,1096.58,timeout,timeout,timeout,timeout,timeout,timeout,timeout,104.654,timeout,timeout,timeout,timeout,timeout,timeout,118.193
f014fdbf722f4af76dd0b5af86d86bba,timeout,timeout,timeout,timeout,timeout,timeout,timeout,timeout,timeout,timeout,timeout,timeout,timeout,timeout,timeout,timeout,timeout,timeout,timeout,timeout,timeout,timeout
f025d3bd9ecdfa20c28a54d0efb814d2,timeout,timeout,timeout,timeout,timeout,timeout,timeout,timeout,memout,timeout,timeout,timeout,timeout,timeout,timeout,timeout,timeout,timeout,timeout,timeout,timeout,timeout
f0e97ad43f9f617e17f13c612e6c34bc,255.119,161.14,158.111,2173.04,936.4,997.898,594.639,timeout,memout,timeout,1004.95,967.647,timeout,timeout,timeout,timeout,timeout,1918.72,737.699,timeout,timeout,timeout
f0fbfa811b048d6075a9b00970108c3f,timeout,timeout,timeout,timeout,timeout,timeout,timeout,timeout,memout,timeout,timeout,timeout,timeout,timeout,timeout,timeout,timeout,timeout,timeout,timeout,timeout,timeout
f10ce772048a74ecd2e41da8dd0a6d08,timeout,timeout,timeout,timeout,timeout,timeout,timeout,timeout,memout,timeout,timeout,timeout,timeout,timeout,timeout,timeout,timeout,timeout,timeout,timeout,timeout,timeout
f1699c0276c9e2192631a1e87778ac06,601.155,613.686,611.919,5.04545,10.2883,253.011,257.689,timeout,timeout,563.768,22.0326,526.354,timeout,timeout,29.7046,51.4463,timeout,3406.07,7.20479,timeout,timeout,28.6152
f1aa9ec4fcd9c61a520607356c4370aa,12.0993,10.6412,11.8845,7.19027,38.5389,71.2575,35.593,timeout,unknown,394.783,168.237,158.496,18.0952,18.4729,75.1719,timeout,timeout,48.5205,51.4556,40.3454,40.1692,74.955
f2266f800b6d0974ede2a2ff838cd248,timeout,timeout,timeout,timeout,timeout,timeout,timeout,timeout,unknown,timeout,timeout,timeout,timeout,timeout,timeout,timeout,timeout,timeout,timeout,timeout,timeout,timeout
f23e50983d3ed156cc1c8b6a0de1c14d,timeout,timeout,timeout,timeout,timeout,timeout,timeout,unknown,memout,timeout,timeout,timeout,timeout,timeout,timeout,timeout,timeout,timeout,timeout,timeout,timeout,timeout
f24a38d97f04a3e4c81a638ab4cdd75f,timeout,timeout,timeout,timeout,timeout,timeout,timeout,timeout,timeout,timeout,timeout,timeout,3586.48,timeout,timeout,timeout,timeout,timeout,timeout,timeout,timeout,timeout
f30d0233a09f0fb3445bed16b0bcecad,1103.63,645.68,645.594,517.83,18.4197,127.352,126.997,timeout,711.347,485.536,15.9283,518.432,62.9771,260.995,203.828,11.113,11.1842,28.684,1886.96,105.471,717.398,202.942
f33f4a9e026add7f906c21d51a26e4a5,timeout,timeout,timeout,timeout,timeout,622.664,2878.68,timeout,timeout,1262.94,99.5874,944.993,timeout,timeout,235.948,1437,timeout,2439.16,timeout,timeout,timeout,230.684
f367a7637ab0550c49f8d4d1322685e3,timeout,timeout,timeout,timeout,timeout,timeout,timeout,timeout,timeout,timeout,timeout,timeout,timeout,timeout,timeout,timeout,timeout,timeout,timeout,timeout,timeout,timeout
f399512d37e62d9a176a9dbba07c8d25,90.5723,80.9918,74.2233,981.236,399.565,491.754,timeout,timeout,memout,380.606,219.389,239.823,270.129,285.336,590.803,641.643,604.053,214.457,204.731,1409.47,1625.59,1719.75
f58b87dcb4a8f49d2f1b50614920c01b,136.911,134.352,134.381,timeout,timeout,timeout,timeout,227.149,timeout,302.953,timeout,125.556,651.681,135.239,427.536,timeout,506.273,242.367,521.471,303.308,125.395,421.863
f59ba8e11a51c0567188d0ddfcf2370c,563.853,516.593,479.795,2243.7,timeout,timeout,timeout,memout,memout,1047.63,1257.86,1684.99,528.92,557.821,823.186,timeout,timeout,1145.38,3121.52,unknown,timeout,timeout
f63a0826e15a97fa21508e4763b93ccb,1031.59,937.613,921.454,596.027,52.5374,293.046,679.701,timeout,1207.43,906.79,108.997,584.212,110.083,309.306,51.4769,timeout,unknown,75.8225,199.479,247.559,851.533,51.8254
f6860ec4c6a28e9f61295535a8ec4fd2,0.018761,0.04277,0.043154,0.0398,0.030146,0.044851,0.045954,1.6855,1.58665,0.039905,0.029638,0.040075,0.024439,0.038509,0.059029,0.030367,0.029898,0.031479,0.030819,0.239036,0.035732,0.0579
f6870dfcc5e55c428551cf21e89b2002,75.3959,58.8336,60.2662,6.85229,50.2726,65.4776,151.571,timeout,memout,248.616,290.028,351.929,68.3486,67.2423,3.27274,325.707,336.731,150.613,138.485,71.6166,71.8079,3.08568
f6b1ac2b4f9e49f03a20f056eb5929fc,timeout,timeout,timeout,timeout,timeout,timeout,timeout,timeout,memout,timeout,timeout,timeout,timeout,timeout,timeout,timeout,timeout,timeout,timeout,timeout,timeout,timeout
f6ecf9a4f9ee68ca35c21f4d04ab9f04,12.3606,12.693,11.5971,7.14615,24.5704,24.9434,24.6438,timeout,memout,20.4239,17.1402,17.7722,20.618,20.8228,3.41933,22.0587,22.6145,24.2788,20.7045,42.7294,43.9751,3.6452
f8c75ba305f88e2cd5a84ab88cd78ebe,0.981172,1.05064,0.967468,40.2371,4.80478,6.47849,7.59211,971.236,memout,243.924,159.226,187.378,4.35329,4.44328,0.651492,3.99161,4.16211,5.29735,3.14391,10.7473,12.3163,0.663304
f980ce9d0885185589a767b556970122,memout,memout,memout,timeout,timeout,timeout,timeout,timeout,unknown,timeout,timeout,timeout,timeout,timeout,timeout,timeout,timeout,timeout,timeout,timeout,timeout,timeout
f9ee2d20614281972550c70dfd7e0ee5,timeout,timeout,timeout,timeout,timeout,timeout,timeout,timeout,timeout,timeout,timeout,timeout,timeout,timeout,timeout,timeout,timeout,timeout,timeout,timeout,timeout,timeout
fa7e6a3895c51454ecbf95afa8c5ff94,timeout,timeout,timeout,timeout,timeout,timeout,timeout,timeout,timeout,timeout,timeout,timeout,timeout,timeout,timeout,timeout,timeout,timeout,timeout,timeout,timeout,timeout
fadd7804a3c4213d2ae54187fb53f403,1723.26,timeout,timeout,170.135,timeout,235.048,694.303,timeout,timeout,1211.24,110.281,575.656,timeout,timeout,timeout,1210.35,timeout,1648.53,1603.57,timeout,timeout,timeout
fb0b79869095564f22f3b546e055a969,0.039003,0.060655,0.066116,0.045399,1.06803,1.48258,1.50926,4.99798,2.8974,2.3729,0.090466,0.744694,0.036468,0.043722,0.087749,0.110145,0.109963,0.111133,0.115322,0.038161,0.044692,0.090272
fb6087e197e4f1aaa99d5a5afb69c575,timeout,timeout,timeout,timeout,timeout,timeout,timeout,timeout,timeout,timeout,timeout,timeout,timeout,timeout,timeout,timeout,timeout,timeout,timeout,timeout,timeout,timeout
fcab91370d3198d7b38a8fd0f3ea6802,649.738,648.984,649.372,588.439,217.355,199.001,266.358,2514.43,timeout,timeout,timeout,timeout,13.895,213.321,1.04406,timeout,timeout,timeout,1715.61,9.25355,604.313,1.05917
fceb7d40915f4f24443ec9bd28a061e2,4.89959,5.57841,5.49273,7.63018,0.121662,10.4293,10.4547,7.40842,6.02473,4.37795,0.14686,6.98711,0.261764,1.53205,3.30022,1.96229,1.97472,0.223657,0.196529,0.128025,1.48755,3.31787
fcf48964857a1c8f8810a3ef916c2624,1.48301,1.51226,1.50236,2.13244,216.075,16.7486,16.8744,41.9868,45.8197,180.683,3.81984,13.5412,6.02774,0.363711,298.126,63.6485,63.2532,23.2448,23.2679,1.44588,1.47547,298.871
fe1d9e084f92c4d27c44c02a4b456f3d,610.974,617.794,619.863,24.4015,36.7223,42.1173,53.7057,timeout,timeout,233.899,157.234,116.456,35.277,35.5702,105.5,393.049,743.727,20.7795,41.5085,63.2963,63.9401,106.078
fee6900a4566e38644c69e893cbf6e19,0.046796,0.070161,0.070767,0.067873,0.03499,0.092178,0.093085,1.81168,2.47217,2.28266,0.053772,0.077057,0.031357,0.066435,0.063338,0.081244,0.080838,0.036182,0.033859,0.215355,0.054857,0.062365
ff6b7a66855d829213875e7a108978f0,77.2103,59.8907,73.5261,58.7369,104.173,162.987,644.189,timeout,memout,267.831,95.4983,94.4101,185.853,186.39,179.647,76.5656,66.2921,81.3728,40.2314,189.048,201.189,162.857
ffb9da2900447b0035837429cf1d0e50,265.311,160.996,184.526,1635.73,2248.83,1802.99,timeout,memout,memout,434.423,446.723,356.465,98.6145,108.78,396.683,341.367,399.655,299.276,198.18,871.079,936.401,1185.2
