hash,filename,Loandra-P,Loandra-I,Open-WBO-LSU,CPLEX✝,maxino,Open-WBO-OLL,LMHS,MaxHS,QMaxSATuc,Z3✝,QMaxSAT,MaxHS-MSE16,Loandra-S
a2300a0f69241062c9528bbea98555b5,auc-paths/cat_paths_60_130_0000.txt.wcnf.xz,0.71,0.71,3600.0,0.02,0.22,0.37,0.07,0.04,22.81,1927.03,21.06,0.04,0.52
3d8522fbceff3abcb97705a1da71c232,auc-paths/cat_paths_60_130_0001.txt.wcnf.xz,0.66,0.68,3600.0,0.02,0.27,0.69,0.07,0.04,143.42,1382.1,88.68,0.08,1.6
1a6fc3d0dc0ee4760d2afb9246a8941d,auc-paths/cat_paths_60_130_0002.txt.wcnf.xz,0.55,0.55,3600.0,0.02,0.48,0.23,0.06,0.06,208.68,77.9,319.78,0.05,1.05
75f5f3651595a2c0db44e84a5510313f,auc-paths/cat_paths_60_130_0003.txt.wcnf.xz,2.17,2.14,3600.0,0.02,0.58,0.51,0.07,0.04,59.11,0.77,48.02,0.04,1.91
771b7e41076fd29eea49bd95d9b23420,auc-paths/cat_paths_60_140_0000.txt.wcnf.xz,0.59,0.59,3600.0,0.03,0.08,0.57,0.07,0.04,42.81,37.26,30.46,0.04,0.2
6f9c1d2d0800de502cc90c3b34c609c3,auc-paths/cat_paths_60_140_0001.txt.wcnf.xz,18.39,18.36,3600.0,0.02,6.15,14.8,0.07,0.06,883.79,332.89,800.35,0.08,36.87
8808f3ef6ef2557c0852d0242864b1b6,auc-paths/cat_paths_60_140_0002.txt.wcnf.xz,74.54,75.37,3600.0,0.02,4.03,41.31,0.07,0.06,993.28,464.11,914.39,0.08,107.83
0c28fa8e32f8a5e5407132d7680d7bce,auc-paths/cat_paths_60_140_0003.txt.wcnf.xz,13.45,12.96,3600.0,0.02,1.58,2.26,0.08,0.08,2336.87,1745.94,3600.0,0.07,13.16
7b2c05021250bafd07ff7f3143cdcb94,auc-paths/cat_paths_60_150_0000.txt.wcnf.xz,11.55,11.05,3600.0,0.03,3.23,1.31,0.08,0.09,360.09,639.81,377.5,0.13,13.44
4dc0f83dcfe8c46295c936e6fa7ba18c,auc-paths/cat_paths_60_150_0001.txt.wcnf.xz,333.11,336.42,3600.0,0.03,7.48,66.55,0.08,0.08,477.06,3600.0,734.54,0.1,69.12
4b68c0abfff4be56b3481ebbdc46120f,auc-paths/cat_paths_60_150_0002.txt.wcnf.xz,1.93,1.93,3600.0,0.02,0.59,0.33,0.07,0.07,492.56,3600.0,396.55,0.05,8.34
81b586ec75dd436fcaba4f178894a1d4,auc-paths/cat_paths_60_150_0003.txt.wcnf.xz,13.91,14.18,3600.0,0.03,3.03,5.62,0.09,0.07,1757.86,3600.0,1703.98,0.07,16.63
3a1b70d97f69d4661d147c4a66589bd4,auc-paths/cat_paths_60_160_0000.txt.wcnf.xz,9.86,10.29,3600.0,0.03,9.02,7.76,0.09,0.08,3176.7,183.65,2094.39,0.09,7.1
fb4cf5cf5c5d6915f1fe7185cc29492e,auc-paths/cat_paths_60_160_0001.txt.wcnf.xz,21.3,21.24,3600.0,0.03,6.43,14.57,0.1,0.09,1355.05,3600.0,1201.12,0.09,57.72
f420961dfa836150930d8651a7d4321f,auc-paths/cat_paths_60_160_0002.txt.wcnf.xz,3600.0,3600.0,3600.0,0.03,528.85,609.29,0.08,0.13,3600.0,3600.0,3600.0,0.17,3600.0
56228c294e6499ace336b1ac38bdc5e8,auc-paths/cat_paths_60_160_0003.txt.wcnf.xz,1.82,1.82,3600.0,0.03,4.31,3.92,0.09,0.06,3600.0,3600.0,3600.0,0.07,13.99
ec76ec2f92be398b1ec3074ca6e1c939,auc-paths/cat_paths_60_170_0000.txt.wcnf.xz,23.19,22.87,3600.0,0.04,17.31,19.29,0.1,0.23,3600.0,3600.0,3600.0,0.26,39.72
4f04b40aed05d557d08c6b8b8563e89a,auc-paths/cat_paths_60_170_0003.txt.wcnf.xz,16.47,16.43,3600.0,0.03,9.17,11.74,0.1,0.14,1920.7,3600.0,1755.5,0.15,25.28
9a791fff88b602cd48cb00555c428da5,auc-paths/cat_paths_60_170_0004.txt.wcnf.xz,2659.93,2661.8,3600.0,0.03,35.9,390.27,0.09,0.1,3600.0,3600.0,3600.0,0.1,1085.25
43a2e2743d9a4f3c82b9df4bcfb6d0b9,auc-paths/cat_paths_60_170_0005.txt.wcnf.xz,3600.0,3600.0,3600.0,0.02,468.65,1246.43,0.09,0.25,3600.0,3600.0,3600.0,0.26,3600.0
1cabc7f2be5dc39f0b75849025375c52,auc-scheduling/cat_sched_60_160_0000.txt.wcnf.xz,0.15,0.15,498.19,0.04,0.02,0.01,0.23,0.06,15.4,0.29,11.87,0.04,0.02
3137665afaf809741c60693ead7ba9e5,auc-scheduling/cat_sched_60_160_0001.txt.wcnf.xz,0.22,0.23,3600.0,0.05,0.02,0.02,0.36,0.06,2.41,0.54,2.34,0.05,0.02
3c4b4c43c8c5b83246b5073d6049348e,auc-scheduling/cat_sched_60_160_0002.txt.wcnf.xz,0.24,0.24,3600.0,0.26,0.03,0.03,0.37,0.1,2.42,0.71,2.59,0.07,0.04
c3f1d693977d9df2d6437c68611e54ef,auc-scheduling/cat_sched_60_160_0003.txt.wcnf.xz,0.21,0.21,3600.0,0.07,0.02,0.02,0.31,0.07,2.36,0.4,2.51,0.05,0.02
ae6e4f12a7c99c81c08b28cc61117388,auc-scheduling/cat_sched_60_170_0000.txt.wcnf.xz,0.21,0.21,811.25,0.06,0.02,0.02,0.33,0.07,2.6,0.42,2.06,0.05,0.02
212c322fa638555aa927598a1546c599,auc-scheduling/cat_sched_60_170_0001.txt.wcnf.xz,0.26,0.26,867.71,0.06,0.03,0.02,0.37,0.08,1.53,1.14,1.29,0.06,0.03
b6c9f1b49561845d73dadce7181f7cd4,auc-scheduling/cat_sched_60_170_0002.txt.wcnf.xz,0.28,0.28,3600.0,0.05,0.02,0.02,0.4,0.05,2.36,0.49,2.23,0.04,0.02
ad6aaf8b90ad09604b5102f06e6829d8,auc-scheduling/cat_sched_60_170_0003.txt.wcnf.xz,0.36,0.36,3600.0,0.09,0.03,0.02,0.51,0.07,3.93,1.11,2.98,0.06,0.02
eedce1625f9b5fc9f48fa9704421c489,auc-scheduling/cat_sched_60_180_0000.txt.wcnf.xz,0.28,0.29,3600.0,0.08,0.03,0.02,0.44,0.09,2.1,0.39,2.36,0.06,0.02
dc50f106dd52b1159c67185eb0db6382,auc-scheduling/cat_sched_60_180_0001.txt.wcnf.xz,0.21,0.2,3600.0,0.36,0.03,0.02,0.35,0.1,1.23,0.98,1.09,0.07,0.03
b71262bc0114683b5546597bec30dd26,auc-scheduling/cat_sched_60_180_0002.txt.wcnf.xz,0.39,0.39,3600.0,0.06,0.03,0.02,0.56,0.08,4.15,1.8,4.3,0.06,0.03
f470feda97fb68999b2e5bace695b0b2,auc-scheduling/cat_sched_60_180_0003.txt.wcnf.xz,0.27,0.27,3600.0,0.06,0.03,0.02,0.42,0.09,2.54,0.62,2.1,0.06,0.03
5501a07ad874abdf1a7a6ece9db0e7f5,auc-scheduling/cat_sched_60_190_0000.txt.wcnf.xz,0.34,0.34,3600.0,0.09,0.03,0.02,0.49,0.09,1.72,2.74,1.78,0.07,0.03
9b7a20027e53a0a4292ea020a9b2e774,auc-scheduling/cat_sched_60_190_0001.txt.wcnf.xz,0.29,0.29,3600.0,0.06,0.03,0.03,0.46,0.07,1.76,11.45,1.61,0.06,0.04
62dbb52030bdb5811ff34cf8443642d0,auc-scheduling/cat_sched_60_190_0002.txt.wcnf.xz,0.28,0.28,3600.0,0.1,0.04,0.03,0.45,0.11,1.45,6.57,1.74,0.08,0.03
41812b7f9ec339157cb88aff28db8b83,auc-scheduling/cat_sched_60_190_0003.txt.wcnf.xz,0.19,0.19,3600.0,0.05,0.02,0.02,0.32,0.07,2.2,0.37,2.36,0.05,0.02
ea6283c048e89c20acdfa41ade1207c3,auc-scheduling/cat_sched_60_200_0000.txt.wcnf.xz,0.37,0.37,3600.0,0.62,0.04,0.15,0.59,0.14,5.31,13.95,5.96,0.09,0.04
35455f3ab62c1f58138b12ea64e4a50f,auc-scheduling/cat_sched_60_200_0001.txt.wcnf.xz,0.2,0.19,752.7,0.05,0.02,0.02,0.32,0.07,38.3,0.36,39.89,0.05,0.02
a39f5ffbd3de86ba578ad2128b9457eb,auc-scheduling/cat_sched_60_200_0002.txt.wcnf.xz,0.22,0.23,3600.0,0.07,0.03,0.02,0.39,0.13,2.96,1.11,3.15,0.08,0.03
bdc72968defd0205b97a9458244e9103,auc-scheduling/cat_sched_60_200_0003.txt.wcnf.xz,0.23,0.23,3600.0,0.09,0.03,0.02,0.4,0.12,2.54,24.97,2.49,0.08,0.02
0f425a47c1fb5b7cefaed24a57ebeb65,af-synthesis/af-synthesis_stb_50_100_3.wcnf.xz,3600.0,3600.0,328.61,3600.0,1778.23,1651.46,3600.0,2031.85,1081.83,3600.0,866.47,3600.0,2044.29
d2a0e3824f458f963643d90f4e253d64,af-synthesis/af-synthesis_stb_50_100_4.wcnf.xz,3600.0,3600.0,1392.3,3600.0,3600.0,3600.0,3600.0,3600.0,3600.0,3600.0,3600.0,3600.0,3600.0
10538d318bff7e093a5974345f95ff95,af-synthesis/af-synthesis_stb_50_100_9.wcnf.xz,3600.0,3600.0,672.72,3600.0,2955.08,3600.0,3600.0,3600.0,1041.49,3600.0,1033.75,3600.0,3600.0
4d475f6c708f3aa8bd348708f088d032,af-synthesis/af-synthesis_stb_50_120_2.wcnf.xz,3600.0,3600.0,381.89,3600.0,3600.0,3189.81,3600.0,2106.63,551.15,3600.0,623.0,2517.54,3600.0
0440d40d13dab05c23f5bc5b2c7d77ec,af-synthesis/af-synthesis_stb_50_120_3.wcnf.xz,3600.0,3600.0,284.21,3600.0,2782.2,1996.0,3600.0,2286.26,837.81,3600.0,569.31,1700.65,2397.54
dae31c195efb71c9092e6b422d10c89c,af-synthesis/af-synthesis_stb_50_120_4.wcnf.xz,3600.0,3600.0,660.69,3600.0,3600.0,3600.0,3600.0,3600.0,1189.63,3600.0,1325.63,3600.0,3600.0
7b9df1f4265763e2f50e9b9f38b93352,af-synthesis/af-synthesis_stb_50_120_5.wcnf.xz,3600.0,3600.0,360.92,3600.0,2539.57,3600.0,3600.0,3600.0,1093.08,3600.0,1053.24,3600.0,3600.0
07042ec06b195d879ca14c112de2fce7,af-synthesis/af-synthesis_stb_50_120_7.wcnf.xz,3600.0,3600.0,709.67,3600.0,3344.42,2885.31,3600.0,3600.0,1531.46,3600.0,1725.32,3600.0,3600.0
f7f9da5cf24bc5e759e949c66703a71a,af-synthesis/af-synthesis_stb_50_120_9.wcnf.xz,3600.0,3600.0,570.8,3600.0,3600.0,2899.82,3600.0,3600.0,2002.56,3600.0,1520.33,3600.0,3547.64
d9b2fe4aa5cd097aecb518f5f23f9bd6,af-synthesis/af-synthesis_stb_50_140_0.wcnf.xz,3600.0,3600.0,921.06,3600.0,3600.0,3600.0,3600.0,3600.0,1177.66,3600.0,1510.4,3600.0,3600.0
9eb67aaeeb64005c3e2011ba3e10205f,af-synthesis/af-synthesis_stb_50_140_1.wcnf.xz,3600.0,3600.0,558.58,3600.0,3600.0,3600.0,3600.0,3600.0,2763.01,3600.0,3485.23,3600.0,3600.0
3471182ada8ef00252163223650598d9,af-synthesis/af-synthesis_stb_50_140_5.wcnf.xz,3600.0,3600.0,515.0,3600.0,2636.96,1550.21,3600.0,3600.0,1731.65,3600.0,1765.16,3600.0,3600.0
cf5834d6f0c086af7eb414a23e2cd29e,af-synthesis/af-synthesis_stb_50_140_7.wcnf.xz,3600.0,3600.0,908.39,3600.0,3600.0,3600.0,3600.0,3600.0,1398.65,3600.0,2045.12,3600.0,3600.0
7baa6d2674af05c0df4b8bcd94739b93,af-synthesis/af-synthesis_stb_50_140_8.wcnf.xz,3600.0,3600.0,976.42,3600.0,3600.0,3600.0,3600.0,3600.0,2037.14,3600.0,2300.96,3600.0,3600.0
7150620331835163562cf13c7313dc46,af-synthesis/af-synthesis_stb_50_160_1.wcnf.xz,3600.0,3600.0,553.79,3600.0,3512.64,3266.57,3600.0,3600.0,1112.04,3600.0,908.33,3600.0,2677.57
827997a06805e933f93bcbe6b83a5ede,af-synthesis/af-synthesis_stb_50_160_4.wcnf.xz,3600.0,3600.0,496.96,3600.0,3600.0,3600.0,3600.0,3600.0,1315.08,3600.0,1582.21,3600.0,3600.0
af23da80601527f96209db261c152697,af-synthesis/af-synthesis_stb_50_160_5.wcnf.xz,3600.0,3600.0,673.4,3600.0,3600.0,3600.0,3600.0,3600.0,2064.98,3600.0,2835.85,3600.0,3600.0
93306a635fb602ae939464a684c2fb9b,af-synthesis/af-synthesis_stb_50_160_9.wcnf.xz,2660.71,2673.8,187.92,3600.0,1510.94,913.02,3600.0,3499.88,841.72,3600.0,457.18,2798.38,1396.91
d0bfacd6a99ee3f76c2cf40f657e611c,af-synthesis/af-synthesis_stb_50_180_1.wcnf.xz,3600.0,3600.0,2100.67,3600.0,3600.0,3600.0,3600.0,3600.0,3600.0,3600.0,3600.0,3600.0,3600.0
7b17c434772811926a97e42dab2e4e77,af-synthesis/af-synthesis_stb_50_200_0.wcnf.xz,3600.0,3600.0,429.01,3600.0,3600.0,3600.0,3600.0,3600.0,1170.02,3600.0,1741.07,3600.0,3600.0
918a737232c938fa7a847d320856ce67,af-synthesis/af-synthesis_stb_50_200_4.wcnf.xz,3600.0,3600.0,288.55,3600.0,3565.74,3498.34,3600.0,1481.88,766.72,3600.0,649.51,1107.24,3600.0
58688347812a692f7bd3d9e3c623d25d,af-synthesis/af-synthesis_stb_50_200_5.wcnf.xz,3600.0,3600.0,560.93,3600.0,2816.69,1576.6,3600.0,3600.0,880.77,3600.0,1000.4,3600.0,3597.39
3c4a6f9088846f09d5fc468bd2ff001a,af-synthesis/af-synthesis_stb_50_200_6.wcnf.xz,3600.0,3600.0,720.16,3600.0,3600.0,3600.0,3600.0,3600.0,2301.06,3600.0,2829.97,3600.0,3600.0
9334abf9f099aa8712cc9ad7f441291b,af-synthesis/af-synthesis_stb_50_20_8.wcnf.xz,3600.0,3600.0,966.29,3600.0,3600.0,3600.0,3600.0,3600.0,1767.86,3600.0,1963.39,3600.0,3600.0
1384b0c20fedbf265eca47490de80d4b,af-synthesis/af-synthesis_stb_50_40_0.wcnf.xz,3600.0,3600.0,187.89,3600.0,645.88,665.24,3600.0,3600.0,366.35,3600.0,459.5,3600.0,1166.27
4dcd43729ee1967a108f1dfcfda1d0f5,af-synthesis/af-synthesis_stb_50_40_2.wcnf.xz,3600.0,3600.0,329.19,3600.0,2781.33,2076.3,3600.0,3600.0,729.15,3600.0,828.38,3600.0,3600.0
065ab4345ba9f5dd05ab7e2151cb5230,af-synthesis/af-synthesis_stb_50_40_6.wcnf.xz,3600.0,3600.0,564.18,3600.0,3600.0,3600.0,3600.0,3600.0,1727.29,3600.0,1497.54,3600.0,3600.0
d0bde6fc0b04a45958d2fe5969c56bfa,af-synthesis/af-synthesis_stb_50_40_8.wcnf.xz,3600.0,3600.0,362.57,3600.0,3600.0,3226.37,3600.0,3600.0,1861.68,3600.0,890.5,3600.0,3600.0
e2a8ac0364b27dc7e7795395377978c0,af-synthesis/af-synthesis_stb_50_40_9.wcnf.xz,3600.0,3600.0,939.88,3600.0,3600.0,3600.0,3600.0,3600.0,3600.0,3600.0,3275.28,3600.0,3600.0
141289a2a2bc7962e2661f03349346b0,af-synthesis/af-synthesis_stb_50_60_2.wcnf.xz,3600.0,3600.0,330.59,3600.0,3600.0,3600.0,3600.0,3600.0,1474.11,3600.0,1149.21,3600.0,3600.0
1645126bc049f932c6a365aed4073e87,af-synthesis/af-synthesis_stb_50_60_3.wcnf.xz,3270.77,3266.22,248.87,3600.0,2303.83,1670.26,3600.0,3600.0,899.78,3467.47,1150.8,3600.0,2242.97
3dc6a74832ebabb991ee48ed3b65e678,af-synthesis/af-synthesis_stb_50_80_2.wcnf.xz,3498.66,3498.53,162.79,3600.0,1070.67,575.74,2736.89,432.32,461.89,3600.0,508.54,998.69,2030.46
f0b6d6eeb4d920026c4c3b7cdc79d5a5,af-synthesis/af-synthesis_stb_50_80_3.wcnf.xz,3600.0,3600.0,306.52,3600.0,2735.78,2867.21,3600.0,3600.0,788.04,3600.0,763.0,3600.0,3600.0
24bc67bc4af0dae7c91a8c2b4321f3ef,af-synthesis/af-synthesis_stb_50_80_7.wcnf.xz,3600.0,3600.0,594.85,3600.0,3600.0,3600.0,3600.0,3600.0,1370.97,3600.0,1243.07,3600.0,3600.0
bd1b7b6eb6683fac4979cb6254c19af5,af-synthesis/af-synthesis_stb_50_80_8.wcnf.xz,3600.0,3600.0,810.0,3600.0,3600.0,3600.0,3600.0,3600.0,1435.26,3600.0,2025.32,3600.0,3600.0
3d6d56ba4628ec2664370413aa6208a4,biorepair/Stat_vs_Exp_142_12.lp.sm-extracted.wcnf.xz,4.52,4.54,6.6,52.14,1.79,18.73,3.88,4.32,2.93,41.74,8.38,5.27,2.77
1ce38216bd2507bdd8df6c02f84227ba,biorepair/Stat_vs_Exp_151_12.lp.sm-extracted.wcnf.xz,3.77,3.75,5.2,44.36,1.86,18.71,3.81,4.78,2.83,41.7,13.3,5.54,2.62
ce3852be6213c8f34a7f844f3f984e07,biorepair/Stat_vs_Exp_16_12.lp.sm-extracted.wcnf.xz,4.02,4.02,4.98,41.16,1.81,19.36,3.91,4.67,2.86,41.76,7.64,5.26,2.22
3f19e92b875f23d0ff417e1d59052f8f,biorepair/Stat_vs_Exp_176_12.lp.sm-extracted.wcnf.xz,4.73,4.75,2.66,41.88,1.78,19.19,3.79,4.24,2.73,41.6,8.31,5.11,3.3
7af2ae46cdb26e0154266459e0bd332b,biorepair/Stat_vs_Exp_58_12.lp.sm-extracted.wcnf.xz,4.15,4.15,4.47,43.08,1.79,19.27,3.81,4.29,2.72,41.86,7.18,5.35,2.73
7650fa0aa561d4f343ff5aabdd0f2609,biorepair/Stat_vs_Exp_72_12.lp.sm-extracted.wcnf.xz,4.11,4.22,5.97,41.77,1.87,18.66,3.91,4.53,3.09,41.6,9.04,5.29,2.23
2ca58fa373137288efd69880e9c49800,biorepair/heatShock_WT_109_12.lp.sm-extracted.wcnf.xz,3.75,3.75,2.62,39.23,1.73,18.66,3.69,4.07,1.77,41.65,5.49,4.89,2.34
25b5977e67c57737956eb07ad5bf0c69,biorepair/heatShock_WT_121_12.lp.sm-extracted.wcnf.xz,4.43,4.34,3.39,55.34,1.78,19.05,3.75,4.33,2.48,42.2,7.74,5.1,2.74
2028978120c1e2e9e52410a2b67ba8a0,biorepair/heatShock_WT_124_12.lp.sm-extracted.wcnf.xz,4.5,4.49,4.58,45.79,1.74,18.75,3.75,4.17,2.54,42.08,6.98,4.95,2.55
6b6e96c4a91d97e8a5e64bd573110b2e,biorepair/heatShock_WT_134_12.lp.sm-extracted.wcnf.xz,5.16,5.14,4.14,56.14,1.82,18.85,3.84,4.29,2.51,42.26,7.61,5.12,3.57
d687e3b0516a856e079e0b2027e2e8ab,biorepair/heatShock_WT_145_12.lp.sm-extracted.wcnf.xz,4.39,4.39,3.65,43.83,1.74,18.67,3.62,4.07,1.93,41.47,6.44,4.88,2.48
cf5f943ca90f6a9e7a0fb9728cbf3a32,biorepair/heatShock_WT_148_12.lp.sm-extracted.wcnf.xz,4.85,4.85,3.21,44.98,1.7,18.79,3.61,4.11,1.62,41.55,7.57,4.84,3.44
b9af2e34e3df5d4d213ad2f80f5e9a2f,biorepair/heatShock_WT_151_12.lp.sm-extracted.wcnf.xz,3.85,3.87,24.39,64.83,1.88,19.14,3.93,4.59,3.46,42.0,32.68,5.37,2.47
7064d36cf96a789127f30ed5ef40e371,biorepair/heatShock_WT_154_12.lp.sm-extracted.wcnf.xz,4.58,4.59,3.39,50.2,1.76,18.97,3.73,4.2,2.41,41.78,8.31,4.99,3.12
a6a3fdcd411141dbedb1575a4e8d0e8a,biorepair/heatShock_WT_157_12.lp.sm-extracted.wcnf.xz,4.09,4.1,5.13,44.06,1.77,19.99,3.77,4.23,2.51,42.11,5.99,5.01,2.41
72faaeb748c0e7c8558df57bbc345e6f,biorepair/heatShock_WT_161_12.lp.sm-extracted.wcnf.xz,3.89,3.96,2.44,42.62,1.77,21.2,3.73,4.19,2.64,41.56,8.8,4.94,2.32
f3f422fe00b04e8b21e2ba47878b8b00,biorepair/heatShock_WT_165_12.lp.sm-extracted.wcnf.xz,4.73,4.74,5.54,44.58,1.81,18.92,3.86,4.38,2.85,41.86,9.12,5.12,2.84
1bb689802f858ec5c574837a1c02c97a,biorepair/heatShock_WT_175_12.lp.sm-extracted.wcnf.xz,4.31,4.32,3.9,52.43,1.82,18.65,3.84,4.38,2.48,41.83,8.82,5.11,2.83
0dffbcc440f40acab263965a79c2ab6e,biorepair/heatShock_WT_185_12.lp.sm-extracted.wcnf.xz,4.21,4.17,3.46,31.13,1.63,18.57,3.76,3.97,0.62,41.54,8.07,4.78,2.66
dd4b35bc3f35d0644ee6ae659e3e06b1,biorepair/heatShock_WT_192_12.lp.sm-extracted.wcnf.xz,4.53,4.5,4.22,47.67,1.74,18.68,3.62,4.63,1.52,41.42,6.71,5.29,3.07
1835496cf1aa0cb15ea1bd1aec3ef3e6,biorepair/heatShock_WT_196_12.lp.sm-extracted.wcnf.xz,4.51,4.59,4.37,39.65,1.8,19.83,4.01,4.38,2.84,42.82,7.28,5.16,2.62
9c7453a8c0ebd88526cd586aeb951446,biorepair/heatShock_WT_21_12.lp.sm-extracted.wcnf.xz,4.22,4.23,2.56,43.6,1.75,18.76,3.74,4.13,2.68,41.52,8.57,4.94,2.85
9331a8c21208f86add0b0e86d7b831ff,biorepair/heatShock_WT_26_12.lp.sm-extracted.wcnf.xz,4.58,4.6,7.62,40.38,1.77,19.64,3.99,4.32,2.33,42.72,9.17,5.1,2.89
726b13c16e41203e131a15c1558b6533,biorepair/heatShock_WT_28_12.lp.sm-extracted.wcnf.xz,4.63,4.61,12.04,44.94,1.86,19.12,3.88,4.51,3.93,41.69,12.94,5.29,3.17
c4607a11554503c22560a62365c3fd9b,biorepair/heatShock_WT_2_12.lp.sm-extracted.wcnf.xz,4.79,4.66,3.99,40.27,1.75,18.84,3.61,4.22,2.78,41.77,8.0,4.97,2.83
1c9e4fa8d76abaee605e05c9e5292694,biorepair/heatShock_WT_30_12.lp.sm-extracted.wcnf.xz,4.38,4.4,6.87,61.8,1.88,19.89,4.0,4.65,2.95,41.61,12.84,5.41,3.08
5faadcc41c4b4f2af8428ae7c38aede9,biorepair/heatShock_WT_36_12.lp.sm-extracted.wcnf.xz,4.71,4.68,6.52,51.19,1.81,19.82,3.91,4.4,3.44,42.34,7.89,5.11,2.39
d8d7e897f0f207ca8d8e7b08a25f438e,biorepair/heatShock_WT_42_12.lp.sm-extracted.wcnf.xz,5.12,5.11,1.9,42.01,1.72,19.61,3.61,4.07,1.92,41.83,9.07,4.89,3.79
259707ceeda70179de4a56e9012892f0,biorepair/heatShock_WT_43_12.lp.sm-extracted.wcnf.xz,4.68,4.66,3.83,53.43,1.76,18.97,3.79,4.23,1.88,41.82,7.11,4.99,3.25
a81c39a4070e9cdc4804dcc0a6033289,biorepair/heatShock_WT_84_12.lp.sm-extracted.wcnf.xz,4.28,4.3,3.4,41.41,1.74,18.79,3.74,4.13,2.82,41.64,11.18,4.96,2.76
2719a26c20b015fd8bbedbd23ab46e69,haplotyping-pedigrees/ped2.G.recomb10-0.10-10.wcnf.xz,9.4,9.41,47.46,3600.0,17.41,14.67,1505.55,464.21,3343.16,148.26,3600.0,738.02,4.1
3a9559a4ce8aae5e4944e67772f98564,haplotyping-pedigrees/ped2.G.recomb10-0.10-7.wcnf.xz,10.11,10.1,51.7,3600.0,20.52,20.3,3600.0,394.87,3335.97,157.45,3332.95,460.92,4.76
7a112d7adb6d1c1a9658f27c05cafeed,haplotyping-pedigrees/ped2.G.recomb10-0.10-9.wcnf.xz,8.28,8.31,36.75,3600.0,13.27,6.98,409.02,215.9,1694.74,133.83,1603.84,298.73,3.15
b7bc25395e94fcc55a0f9d54164171ec,haplotyping-pedigrees/ped2.G.recomb10-0.20-12.wcnf.xz,14.93,14.8,63.46,3600.0,24.23,82.71,3600.0,1064.93,3600.0,247.43,3600.0,2266.5,7.21
3dcc9d42d8a3fdfb33ae07d28917f2b8,haplotyping-pedigrees/ped2.G.recomb10-0.20-13.wcnf.xz,44.87,45.6,742.44,3600.0,36.32,3600.0,3600.0,3600.0,3600.0,2344.52,3600.0,3600.0,787.52
2105186af003bc114bd8707f33977949,haplotyping-pedigrees/ped2.G.recomb10-0.20-15.wcnf.xz,18.85,18.92,81.37,3600.0,29.69,154.63,3600.0,1227.28,3600.0,237.67,3600.0,2340.1,11.47
fbd3e7f75b6fe039ee8c7256557c66ae,haplotyping-pedigrees/ped3.D.recomb10-0.20-11.wcnf.xz,2.21,2.2,1.11,3600.0,0.63,1.58,52.74,3.87,2.27,14.62,1.21,7.68,0.7
eec7299f4051f6060d9757b7ab76b1cb,haplotyping-pedigrees/ped3.D.recomb10-0.20-12.wcnf.xz,1.77,1.77,0.36,268.13,0.37,0.25,3.46,1.37,0.31,11.64,0.32,1.23,0.26
a5ed9a8c8ebe0068aec51df8d06be6a0,haplotyping-pedigrees/ped3.D.recomb10-0.20-13.wcnf.xz,2.76,2.78,0.71,3600.0,0.98,0.51,32.11,18.01,1.56,12.56,0.95,37.29,0.87
64c446bff507bce082f151b381c5cb24,haplotyping-pedigrees/ped3.D.recomb10-0.20-15.wcnf.xz,3.76,3.7,5.11,3600.0,2.87,2.05,3600.0,118.44,6.82,83.5,2.58,79.66,1.89
ef9ecaccea109c3683d30b1c0f26f2c7,haplotyping-pedigrees/ped3.E.recomb10-0.20-11.wcnf.xz,3.61,3.63,4.16,3600.0,2.42,1.6,165.29,72.56,61.66,37.19,65.96,66.24,0.93
9ed8698fb894b529632ac3d557c7f43b,haplotyping-pedigrees/ped3.E.recomb10-0.20-13.wcnf.xz,3.83,3.86,5.08,3600.0,2.11,2.3,652.85,63.93,50.78,35.74,51.64,65.56,1.33
088cebd9b9bb119ee89c50100ab11839,haplotyping-pedigrees/ped3.E.recomb10-0.20-14.wcnf.xz,7.21,7.16,13.33,3600.0,5.57,15.13,3600.0,635.37,157.27,115.58,108.53,1047.18,2.91
9abeff7f0bdd7eb46259f02f9c47caa9,haplotyping-pedigrees/ped3.F.recomb10-0.01-1.wcnf.xz,1.98,1.99,1.94,3600.0,0.8,0.63,12.59,6.88,14.71,19.96,16.81,8.5,0.47
401cdeaf2fceb1273b62962e3910ef13,haplotyping-pedigrees/ped3.F.recomb10-0.01-2.wcnf.xz,2.2,2.22,2.04,1339.12,0.99,0.51,19.13,10.86,14.34,18.73,18.35,12.22,0.44
39f28530a402005c2f7b09a13c25d28b,haplotyping-pedigrees/ped3.F.recomb10-0.01-3.wcnf.xz,1.89,1.9,1.48,962.57,0.86,0.53,17.5,10.34,13.47,22.71,18.58,9.01,0.5
7919b6f52fcf7d8a0b0f482cb7245088,haplotyping-pedigrees/ped3.F.recomb10-0.01-4.wcnf.xz,2.16,2.17,1.94,3600.0,0.97,0.61,25.82,13.21,10.01,23.32,10.96,17.03,0.56
a17394f17c9838a0dbba21b6be8fb293,haplotyping-pedigrees/ped3.F.recomb10-0.10-10.wcnf.xz,2.68,2.68,2.73,3600.0,1.26,1.29,86.62,34.81,22.66,27.45,17.32,23.91,0.68
b5a9fff54dbffe228f1c0ebfd5529531,haplotyping-pedigrees/ped3.F.recomb10-0.10-6.wcnf.xz,2.82,2.82,2.33,3600.0,1.13,0.75,46.56,15.69,18.78,26.91,13.95,18.48,0.65
42064f2dc1208801dc130055983b81fc,haplotyping-pedigrees/ped3.F.recomb10-0.10-7.wcnf.xz,2.35,2.35,3.04,3600.0,1.62,1.03,185.74,75.44,37.12,29.3,33.4,41.58,0.74
bd0273c636eb442b26e970f35b9bcc69,haplotyping-pedigrees/ped3.F.recomb10-0.10-8.wcnf.xz,2.88,2.87,5.19,3600.0,2.32,2.87,3600.0,69.84,118.67,32.1,95.38,63.15,1.04
9d7a8f910d7d10f7e62b0e8a72c2d50f,haplotyping-pedigrees/ped3.F.recomb10-0.10-9.wcnf.xz,2.2,2.21,2.63,3600.0,1.21,1.35,676.12,48.3,19.03,28.43,13.93,90.61,0.77
b703f2553403a1df7626aeca0398aa1a,haplotyping-pedigrees/ped3.F.recomb10-0.20-12.wcnf.xz,4.39,4.38,85.2,3600.0,4.39,29.33,3600.0,255.74,145.66,66.77,154.55,277.78,2.22
df120158b682580b513f574ad4e3691c,haplotyping-pedigrees/ped3.F.recomb10-0.20-13.wcnf.xz,3.88,3.9,2.29,3600.0,1.31,1.32,3600.0,53.49,11.37,35.02,13.08,85.28,0.99
27b2d520343c86cfc7ab26efffee5312,haplotyping-pedigrees/ped3.F.recomb10-0.20-14.wcnf.xz,3.94,3.93,3.92,3600.0,2.29,3.48,3600.0,110.41,41.33,34.67,48.81,74.79,1.13
a9794a383d963b9f120eeade5bcb7b61,haplotyping-pedigrees/ped3.F.recomb10-0.20-15.wcnf.xz,2.92,2.91,2.53,3600.0,1.42,1.18,188.73,44.42,18.68,34.4,21.26,43.85,0.81
ce8f18b487ea77cfc0b09e8a965a06da,haplotyping-pedigrees/ped3.G.recomb10-0.01-4.wcnf.xz,2.15,2.14,6.95,3600.0,2.46,1.76,44.81,48.22,236.81,31.55,218.8,51.3,0.89
2f0310d5067b160c0733af8e08e1fdac,haplotyping-pedigrees/ped3.G.recomb10-0.01-5.wcnf.xz,2.0,2.01,6.04,3600.0,1.78,1.65,134.23,44.3,224.75,30.96,180.64,44.92,0.8
741cadccc2cb2be3a6ed5a2bb54467ba,haplotyping-pedigrees/ped3.G.recomb10-0.10-10.wcnf.xz,3.43,3.43,10.34,3600.0,3.18,27.47,3600.0,95.8,381.49,49.03,375.01,88.11,1.76
48b40342c9c5849817e32a1b5b39bbda,haplotyping-pedigrees/ped3.G.recomb10-0.10-6.wcnf.xz,3.3,3.29,9.46,3600.0,2.73,4.52,800.76,83.63,539.09,45.09,541.2,69.91,1.19
47915ddef66b9b759cb20d8147effa88,haplotyping-pedigrees/ped3.G.recomb10-0.10-7.wcnf.xz,3.41,3.39,6.87,3600.0,2.61,2.1,116.95,98.15,463.36,42.85,480.01,89.83,1.05
91a768efab6bb7dd2f44cf86f2c86329,haplotyping-pedigrees/ped3.G.recomb10-0.10-8.wcnf.xz,2.59,2.6,5.87,3600.0,2.13,1.66,70.96,42.95,245.45,42.96,287.67,79.81,0.93
44c13299d11e835dbe6bcb647ad1a98a,haplotyping-pedigrees/ped3.G.recomb10-0.10-9.wcnf.xz,3.36,3.37,9.79,3600.0,3.52,2.09,1299.96,146.01,834.04,45.64,916.18,183.82,1.37
b50047c31396a27d761702758abfacda,haplotyping-pedigrees/ped3.G.recomb10-0.20-11.wcnf.xz,13.95,13.75,57.04,3600.0,32.1,3600.0,3600.0,3600.0,3097.34,3600.0,3600.0,3600.0,22.29
a38411ecf22cd6e576deb79714f1adb5,haplotyping-pedigrees/ped3.G.recomb10-0.20-14.wcnf.xz,4.77,4.78,15.92,3600.0,4.45,121.1,3600.0,553.68,1439.32,72.93,1200.44,416.84,2.78
5feb29db8ebedd4a748463cc99d31527,rna-alignment/k100-13-99.rna.pre.wcnf.xz,3600.0,3600.0,578.6,3600.0,3600.0,3600.0,3600.0,3600.0,85.2,3600.0,80.42,3600.0,3600.0
8886741fdd59270e9a54709417863afd,rna-alignment/k100-14-38.rna.pre.wcnf.xz,3600.0,3600.0,157.31,3600.0,3600.0,3600.0,3600.0,3600.0,45.94,3600.0,40.15,3600.0,3600.0
1cbf9638aa795d237dcf7524fc927b1d,rna-alignment/k100-18-95.rna.pre.wcnf.xz,3600.0,3600.0,441.7,3600.0,3600.0,3600.0,3600.0,3600.0,87.19,883.76,87.6,3600.0,3600.0
bac09980858f395205804547cacdfe79,rna-alignment/k100-2-14.rna.pre.wcnf.xz,3600.0,3600.0,392.4,3600.0,3600.0,3600.0,3600.0,3600.0,94.97,3600.0,89.23,3600.0,3600.0
7d2126f63db3f28608ad007214667ffd,rna-alignment/k100-20-63.rna.pre.wcnf.xz,3600.0,3600.0,264.42,3600.0,3600.0,3600.0,3600.0,3600.0,63.03,3600.0,70.57,3600.0,3600.0
9df98c54867bf7f9f2b684a98e1d9a27,rna-alignment/k100-3-96.rna.pre.wcnf.xz,3600.0,3600.0,270.06,3600.0,3600.0,3600.0,3600.0,3600.0,76.74,3600.0,66.73,3600.0,3600.0
15c75d633ab3faef4fd2fa6bbc6c9103,rna-alignment/k100-35-86.rna.pre.wcnf.xz,3600.0,3600.0,317.2,3600.0,3600.0,3600.0,3600.0,3600.0,115.68,3600.0,116.52,3600.0,3600.0
9fd4630213e26c9a7e96eb6b993f27cd,rna-alignment/k100-38-60.rna.pre.wcnf.xz,3600.0,3600.0,242.93,3600.0,3600.0,3600.0,3600.0,3600.0,57.92,3600.0,59.45,3600.0,3600.0
e490e19c03a1aa7c5ef4b01a56b12902,rna-alignment/k100-39-93.rna.pre.wcnf.xz,3600.0,3600.0,454.22,3600.0,3600.0,3600.0,3600.0,3600.0,82.54,3600.0,75.83,3600.0,3600.0
7ab3037ef8bb3723858640e6ff445002,rna-alignment/k100-40-52.rna.pre.wcnf.xz,3600.0,3600.0,241.52,3600.0,3600.0,3600.0,3600.0,3600.0,59.17,3600.0,66.17,3600.0,3600.0
a4acb8303f8bf13924cf476d2098d428,rna-alignment/k100-42-56.rna.pre.wcnf.xz,3600.0,3600.0,310.15,3600.0,3600.0,3600.0,3600.0,3600.0,57.48,3600.0,53.18,3600.0,3600.0
67e5a978154e8e88ec8acd72424b0b99,rna-alignment/k100-42-96.rna.pre.wcnf.xz,3600.0,3600.0,358.41,3600.0,3600.0,3600.0,3600.0,3600.0,63.31,3600.0,74.73,3600.0,3600.0
8951ad51269668f77526f75ddc8f8b0f,rna-alignment/k100-71-84.rna.pre.wcnf.xz,3600.0,3600.0,251.35,3600.0,3600.0,3600.0,3600.0,3600.0,46.03,3600.0,45.86,3600.0,3600.0
c8f894f14f9e0a9da76385548e5e9bb6,rna-alignment/k100-73-76.rna.pre.wcnf.xz,3600.0,3600.0,464.91,3600.0,3600.0,3600.0,3600.0,3600.0,84.51,3600.0,86.58,3600.0,3600.0
013b2325253ce790c592a7543740f20f,rna-alignment/k50-10-36.rna.pre.wcnf.xz,82.39,81.41,3.36,3600.0,20.52,30.81,1503.29,975.74,1.76,1522.3,1.74,679.95,46.77
fb741041f475fca0ddc8aa5595a72c36,rna-alignment/k50-13-59.rna.pre.wcnf.xz,119.95,120.53,2.2,3600.0,10.4,8.5,493.83,347.5,1.35,3.01,1.21,221.67,34.49
b51ad08ddc17020a772047011d52ba9e,rna-alignment/k50-17-24.rna.pre.wcnf.xz,98.43,101.86,2.8,3600.0,7.55,15.98,809.91,137.4,1.35,2.92,1.07,122.81,21.98
91cb13948c158c67bd7164806d6e57fb,rna-alignment/k50-18-51.rna.pre.wcnf.xz,68.77,66.48,2.52,3600.0,8.38,10.87,1011.94,353.46,0.98,584.07,1.39,207.67,41.1
b7cdc74b139309fbae658b23294247af,rna-alignment/k50-21-38.rna.pre.wcnf.xz,76.96,78.39,2.3,3600.0,14.87,17.58,704.05,299.56,1.3,3.11,1.27,308.71,90.46
28153be6b0701d186b46d5b16f588639,rna-alignment/k50-21-88.rna.pre.wcnf.xz,75.57,75.39,2.28,3600.0,13.1,22.02,445.23,175.59,1.65,2.81,1.63,119.29,19.27
b2d328862e80ba8eb1d883f744553bb9,rna-alignment/k50-23-49.rna.pre.wcnf.xz,406.79,404.84,1.85,3600.0,63.04,23.1,507.74,133.71,1.55,3.56,1.35,60.36,213.82
dddf4fe0af19269dc8efc4387e5d7ef8,rna-alignment/k50-28-88.rna.pre.wcnf.xz,141.32,143.13,2.32,3600.0,20.77,22.29,781.45,128.01,1.64,3600.0,1.42,125.32,27.88
5980259a11962f43eb4aeb98d116b908,rna-alignment/k50-31-81.rna.pre.wcnf.xz,127.17,130.85,2.35,3600.0,35.69,19.16,309.9,82.19,1.11,859.79,1.17,31.46,56.92
443ac93eb8a6a11c24979732f9c9d7d7,rna-alignment/k50-32-66.rna.pre.wcnf.xz,119.37,115.68,2.52,3600.0,27.18,24.43,497.52,1634.59,1.72,486.07,1.68,579.36,48.74
d9ee7a1e53062a5932141c987c6cb758,rna-alignment/k50-34-90.rna.pre.wcnf.xz,151.43,148.69,4.01,3600.0,27.64,14.96,371.45,524.26,1.28,1983.73,1.21,256.44,45.11
9417a4a6d719239d4c4f074bc79e69ee,rna-alignment/k50-37-46.rna.pre.wcnf.xz,232.2,232.72,3.59,3600.0,30.93,19.37,483.13,403.69,2.14,34.47,1.77,260.38,48.85
bc22b137d503fb5c73b3eb4e2d57f728,rna-alignment/k50-4-57.rna.pre.wcnf.xz,29.46,29.42,1.53,832.92,9.42,19.26,324.88,260.14,1.02,2.24,0.74,127.2,16.36
26e94fe842737fda1db4084545c56612,rna-alignment/k50-43-45.rna.pre.wcnf.xz,115.03,118.01,3.16,3600.0,22.36,38.56,1384.62,2287.3,1.35,1089.96,1.28,595.58,46.75
09c8b1e2d074d82e47c343260922391f,rna-alignment/k50-6-31.rna.pre.wcnf.xz,231.53,230.96,3.01,3600.0,43.71,26.49,1216.03,839.11,1.83,3600.0,1.96,697.3,51.69
feba89b89d06f7bcdbad0ef6c18c83eb,rna-alignment/k50-67-90.rna.pre.wcnf.xz,175.3,177.62,3.97,3600.0,24.0,35.49,793.06,2687.25,1.72,14.41,1.92,2117.02,68.55
aee82bf8908f10b2d520eb5e191a843d,rna-alignment/k50-77-83.rna.pre.wcnf.xz,53.08,54.67,1.88,3600.0,14.71,17.59,679.19,409.63,1.27,2.64,1.15,307.03,18.12
183bae33ebd29dec8bbead161b32c42c,rna-alignment/k50-82-94.rna.pre.wcnf.xz,100.04,100.54,3.11,3600.0,9.5,26.21,351.34,506.33,1.33,492.43,1.28,326.48,29.55
7f2f5194f51535299ab38ca1e187a2e8,rna-alignment/k50-88-89.rna.pre.wcnf.xz,168.19,167.53,2.88,3600.0,19.83,29.36,566.03,301.2,1.31,3.53,1.35,139.75,29.69
66d6a18e6f8e91e2c3ede529eebeabe2,rna-alignment/tmosaic-tob-chim.pre.wcnf.xz,0.89,1.14,0.87,0.48,0.23,0.57,3600.0,1.02,0.22,1.21,0.2,0.98,0.6
a0d2df42b6edc689c6019caee81678ad,rna-alignment/tmosaic-tob-yel.pre.wcnf.xz,0.11,0.11,0.17,0.11,0.11,0.13,42.68,1.33,0.07,0.25,0.07,1.6,0.07
4dab8663acbf38ddf6fa15842e6ce866,maxcut/MANN_a45.clq.wcnf.xz,3600.0,3600.0,3600.0,3600.0,3600.0,3600.0,3600.0,3600.0,3600.0,3600.0,3600.0,3600.0,3600.0
da877331cd32856eaf50189f39be46ee,maxcut/MANN_a81.clq.wcnf.xz,3600.0,3600.0,3600.0,3600.0,3600.0,3600.0,3600.0,3600.0,3600.0,3600.0,3600.0,3600.0,3600.0
6027eb9739cf9804dcd571e826ed2cd6,maxcut/MANN_a9.clq.wcnf.xz,3600.0,3600.0,3600.0,3600.0,3600.0,3600.0,3600.0,3600.0,3600.0,3600.0,3600.0,3600.0,3600.0
65c8001abf1bb4af094a5a5f803f38af,maxcut/hamming10-2.clq.wcnf.xz,3600.0,3600.0,3600.0,3600.0,3600.0,3600.0,3600.0,3600.0,3600.0,3600.0,3600.0,3600.0,3600.0
6c86df2894fc6a31ff2b089ffcac47d5,maxcut/hamming6-2.clq.wcnf.xz,3600.0,3600.0,3600.0,3600.0,3600.0,3600.0,3600.0,3600.0,3600.0,3600.0,3600.0,3600.0,3600.0
02d6a3b37db5b0e8f47b15776a0832f8,maxcut/hamming8-2.clq.wcnf.xz,3600.0,3600.0,3600.0,3600.0,3600.0,3600.0,3600.0,3600.0,3600.0,3600.0,3600.0,3600.0,3600.0
746a5b011e3a9e797959f3f63b655777,maxcut/johnson8-2-4.clq.wcnf.xz,3195.84,3179.25,556.81,5.51,3600.0,3365.52,3600.0,5.21,447.03,3600.0,634.25,13.53,3600.0
d7203f59c5747fc33489b670d4f6148f,maxcut/p_hat300-1.clq.wcnf.xz,1234.4,1231.19,1876.89,2.88,402.34,369.41,106.53,3.72,127.78,3600.0,146.37,11.06,1806.8
f7cb3c0719892d6ed8ea2ebe10749eb8,maxcut/p_hat300-2.clq.wcnf.xz,3600.0,3600.0,3600.0,23.47,3600.0,3600.0,3600.0,29.43,3600.0,3600.0,3600.0,115.8,3600.0
e05d168a54778616762aa4e644e2e091,maxcut/p_hat300-3.clq.wcnf.xz,3600.0,3600.0,3600.0,3600.0,3600.0,3600.0,3600.0,2761.97,3600.0,3600.0,3600.0,3600.0,3600.0
277306ad2c524800f52474a8c2689299,maxcut/p_hat500-1.clq.wcnf.xz,3600.0,3600.0,3600.0,6.29,3600.0,3600.0,3600.0,6.97,2868.82,3600.0,2850.21,10.94,3600.0
048305a4e7292470c2349cb944b61264,maxcut/p_hat500-3.clq.wcnf.xz,3600.0,3600.0,3600.0,3600.0,3600.0,3600.0,3600.0,3600.0,3600.0,3600.0,3600.0,3600.0,3600.0
f5ffc1e76ce02d3a2dfc245698ac2c8c,maxcut/p_hat700-1.clq.wcnf.xz,3600.0,3600.0,3600.0,4.39,3600.0,3600.0,294.6,4.82,807.77,3600.0,593.69,8.89,3600.0
1962b49da8d1404e963747f867dbf2b1,maxcut/p_hat700-2.clq.wcnf.xz,3600.0,3600.0,3600.0,50.16,3600.0,3600.0,3600.0,183.96,3600.0,3600.0,3600.0,619.84,3600.0
31f28297d7c99f3ba6713058c784e1c2,maxcut/p_hat700-3.clq.wcnf.xz,3600.0,3600.0,3600.0,3132.97,3600.0,3600.0,3600.0,2204.53,3600.0,3600.0,3600.0,3600.0,3600.0
43ce494e97d7879d81f458c2e88707eb,maxcut/san1000.clq.wcnf.xz,3600.0,3600.0,3600.0,28.53,3600.0,3600.0,3600.0,149.38,3600.0,3600.0,3600.0,249.5,3600.0
086462012c48bf94b561c261a2729eba,maxcut/san200_0.7_1.clq.wcnf.xz,3600.0,3600.0,3600.0,3600.0,3600.0,3600.0,3600.0,1578.16,3600.0,3600.0,3600.0,3600.0,3600.0
64fe5568dc0cff898c7696b6fde99c1c,maxcut/san200_0.7_2.clq.wcnf.xz,3600.0,3600.0,3600.0,1301.47,3600.0,3600.0,3600.0,952.1,3600.0,3600.0,3600.0,3600.0,3600.0
e4824e72f6877e36fe3269ba3e63c516,maxcut/san200_0.9_2.clq.wcnf.xz,3600.0,3600.0,3600.0,3600.0,3600.0,3600.0,3600.0,3600.0,3600.0,3600.0,3600.0,3600.0,3600.0
bea796ffd93e7c1445994173b1757a1f,maxcut/san200_0.9_3.clq.wcnf.xz,3600.0,3600.0,3600.0,3600.0,3600.0,3600.0,3600.0,3600.0,3600.0,3600.0,3600.0,3600.0,3600.0
9a3269469ede0c2f9274abcb79555f82,maxcut/san400_0.5_1.clq.wcnf.xz,3600.0,3600.0,3600.0,15.83,3600.0,3600.0,3600.0,13.99,3600.0,3600.0,3600.0,45.0,3600.0
3e1cbcc3c662ffea43538faea8eb92bf,maxcut/sanr200_0.7.clq.wcnf.xz,3600.0,3600.0,3600.0,617.43,3600.0,3600.0,3600.0,540.36,3600.0,3600.0,3600.0,984.64,3600.0
61394be9827fc71d9919a0c7b50b175c,maxcut/sanr200_0.9.clq.wcnf.xz,3600.0,3600.0,3600.0,3600.0,3600.0,3600.0,3600.0,3600.0,3600.0,3600.0,3600.0,3600.0,3600.0
b232b910dc2696aeb87b919543f44775,maxcut/sanr400_0.5.clq.wcnf.xz,3600.0,3600.0,3600.0,31.76,3600.0,3600.0,3600.0,28.41,3600.0,3600.0,3600.0,108.8,3600.0
b5b0b01070b7cfb149f2ae98818d2460,maxcut/sanr400_0.7.clq.wcnf.xz,3600.0,3600.0,3600.0,1161.09,3600.0,3600.0,3600.0,598.2,3600.0,3600.0,3600.0,1383.01,3600.0
ff9bec75dd67d2c77dab40428e9acae8,maxcut/t3g3-5555.spn.wcnf.xz,0.01,0.01,3600.0,0.46,2.73,3.53,1.13,0.58,2.42,371.29,1.72,0.63,9.26
ebde3d299ecde8b2166f239075267ede,maxcut/t4g3-6666.spn.wcnf.xz,16.49,15.91,3600.0,3.13,3600.0,3600.0,6.6,3.69,767.65,3600.0,661.61,9.42,3600.0
c2af11e3670dbd476619f5edd1737e12,maxcut/t5g3-7777.spn.wcnf.xz,3600.0,3600.0,3600.0,10.42,3600.0,3600.0,137.73,15.21,3600.0,3600.0,3600.0,30.87,3600.0
9904c48e705da35a12945e6f52b271fa,maxcut/t6g3-8888.spn.wcnf.xz,3600.0,3600.0,3600.0,78.35,3600.0,3600.0,2713.3,78.91,3600.0,3600.0,3600.0,343.17,3600.0
82c4e460326eb2d9a78659c1df1dd5e5,maxcut/t7g3-9999.spn.wcnf.xz,3600.0,3600.0,3600.0,2784.26,3600.0,3600.0,3600.0,922.35,3600.0,3600.0,3600.0,2118.75,3600.0
8fa3495c60f54e544d77a6462301f71b,csg/CSG140-140-46.wcnf.xz,2.45,2.31,3600.0,3600.0,4.97,0.87,8.16,11.11,4.05,53.48,2.77,14.1,0.97
3f1f434cb98fb79966f667ced531ad0d,csg/CSG140-140-6.wcnf.xz,3600.0,3600.0,3600.0,3600.0,167.22,2137.37,26.48,24.69,193.34,1631.27,153.28,28.85,3600.0
591438f7eb97135499f3fda335307def,csg/CSG150-150-55.wcnf.xz,375.61,368.23,3600.0,3600.0,50.84,145.18,18.52,18.93,176.49,1145.79,124.25,22.83,331.24
766c02ca3b5bce43027cca99807d8cdd,csg/CSG40-40-95.wcnf.xz,3600.0,3600.0,0.3,1.28,0.05,0.02,0.15,0.16,0.09,1.06,0.15,0.18,0.02
c4aeebd4eaf526052b5efe7284083913,csg/CSG60-60-88.wcnf.xz,0.16,0.16,19.51,6.48,0.18,0.07,0.51,0.55,0.07,3.69,0.07,0.66,0.07
d46b43970860bc73fd550df5b3fd7dd7,csg/CSGNaive140-140-0.wcnf.xz,2.25,2.25,3600.0,3600.0,5.0,7.24,8.18,11.16,2.01,54.7,1.95,14.15,1.41
4a2e71bc2e4a949785befe83f811bce1,csg/CSGNaive140-140-6.wcnf.xz,3600.0,3600.0,3600.0,3600.0,199.21,3600.0,26.2,25.23,132.79,964.41,127.54,28.08,3600.0
64d1c392d5c860691ab2b06ebb614f62,csg/CSGNaive150-150-55.wcnf.xz,793.71,794.54,3600.0,3600.0,48.48,688.06,17.62,20.81,154.1,1404.04,154.51,24.78,718.95
11dc387ba0011fff3185b37ef188ad1a,csg/CSGNaive60-60-53.wcnf.xz,0.16,0.16,92.34,233.04,0.2,0.07,0.55,0.59,0.11,3.84,0.12,0.69,0.07
fa34dfbb2a37c42ff5b90599346674b1,csg/CSGNaive70-70-91.wcnf.xz,0.24,0.36,63.17,253.68,0.29,0.09,0.71,0.82,0.1,5.63,0.1,1.01,0.1
aea9c8a623c49be4cc7891a6cc0f73d0,hs-timetabling/BrazilInstance1.xml.wcnf.xz,3600.0,3600.0,3600.0,3600.0,3600.0,3600.0,3600.0,3600.0,3600.0,3600.0,3600.0,3600.0,3600.0
64f0b64f0470368037824092394df3fe,hs-timetabling/BrazilInstance2.xml.wcnf.xz,3600.0,3600.0,3600.0,3600.0,3600.0,3600.0,3600.0,3600.0,3600.0,3600.0,3600.0,3600.0,3600.0
5c8e2b1ca0c3fd0267e266ab6acaf1b8,hs-timetabling/BrazilInstance4.xml.wcnf.xz,3600.0,3600.0,3600.0,3600.0,3600.0,3600.0,3600.0,3600.0,3600.0,3600.0,3600.0,3600.0,3600.0
a9c98e116504b85319672f5f416c3837,hs-timetabling/BrazilInstance5.xml.wcnf.xz,3600.0,3600.0,3600.0,3600.0,3600.0,3600.0,3600.0,3600.0,3600.0,3600.0,3600.0,3600.0,3600.0
df5497c587c0f3fef709c41ccecebcae,hs-timetabling/BrazilInstance6.xml.wcnf.xz,3600.0,3600.0,3600.0,3600.0,3600.0,3600.0,3600.0,3600.0,3600.0,3600.0,3600.0,3600.0,3600.0
6822ca2cc37207e6b3f88d94d3210c74,hs-timetabling/BrazilInstance7.xml.wcnf.xz,3600.0,3600.0,3600.0,3600.0,3600.0,3600.0,3600.0,3600.0,3600.0,3600.0,3600.0,3600.0,3600.0
8fe9a66e9e7587c41a27823e0d548079,hs-timetabling/FinlandArtificialSchool.xml.wcnf.xz,3600.0,3600.0,3600.0,3600.0,3600.0,3600.0,2618.1,1975.7,3600.0,3600.0,3600.0,3600.0,3600.0
7d31d11c57cf85b89474076c8293abcf,hs-timetabling/FinlandCollege.xml.wcnf.xz,3600.0,3600.0,3600.0,3600.0,3600.0,3600.0,3600.0,3600.0,3600.0,3600.0,3600.0,3600.0,3600.0
6fdbc1683b13c889c4dd44cd7b4ae0b5,hs-timetabling/FinlandHighSchool.xml.wcnf.xz,3600.0,3600.0,3600.0,3600.0,3600.0,3600.0,3600.0,3600.0,3600.0,3600.0,3600.0,3600.0,3600.0
e06918db36a26edf2cd4c46e386043f6,hs-timetabling/FinlandSecondarySchool.xml.wcnf.xz,3600.0,3600.0,3600.0,3600.0,3600.0,3600.0,3600.0,3600.0,3600.0,3600.0,3600.0,3600.0,3600.0
270e9aac9f63ed1f37da698a0bbc07f9,hs-timetabling/GreeceThirdHighSchoolPatras2010.xml.wcnf.xz,1771.57,1756.53,3600.0,3600.0,3600.0,3600.0,95.75,613.13,3600.0,2563.97,3600.0,2727.16,3600.0
4bcbd8862bb9b5a06133d0c2289ed908,hs-timetabling/ItalyInstance1.xml.wcnf.xz,254.09,252.1,1826.91,3600.0,809.46,769.26,518.97,719.8,1915.93,768.12,1809.41,224.51,2270.73
4774f189878eb33d53d29cda34e728f8,hs-timetabling/ItalyInstance4.xml.wcnf.xz,3600.0,3600.0,3600.0,3600.0,3600.0,3600.0,3600.0,3600.0,3600.0,3600.0,3600.0,3600.0,3600.0
92679c0014e18ad14f4264ef2305a7cb,hs-timetabling/SouthAfricaLewitt2009.xml.wcnf.xz,3600.0,3600.0,3600.0,3600.0,3600.0,3600.0,3600.0,2273.0,3600.0,3600.0,3600.0,2040.03,3600.0
aa35b2efa48005d10c329819ba3a506e,lisbon-wedding/lisbon-wedding-1-18.wcnf.xz,3600.0,3600.0,3600.0,3600.0,145.92,3600.0,3600.0,3600.0,3600.0,3600.0,3600.0,3600.0,3600.0
524b2c384626eccac11398c9513c08ae,lisbon-wedding/lisbon-wedding-10-17.wcnf.xz,110.09,109.52,3600.0,3600.0,3600.0,2060.71,3600.0,3600.0,3600.0,1797.7,3600.0,3600.0,3600.0
38517a0ed43ce0aff6d19f310cfd567e,lisbon-wedding/lisbon-wedding-10-18.wcnf.xz,3600.0,3600.0,3600.0,3600.0,3600.0,3600.0,3600.0,3600.0,3600.0,3600.0,3600.0,3600.0,3600.0
e7e553dcfc89f575a2167eaf22d2c940,lisbon-wedding/lisbon-wedding-10-19.wcnf.xz,3600.0,3600.0,3600.0,3600.0,3600.0,3600.0,3600.0,3600.0,3600.0,3600.0,3600.0,3600.0,3600.0
07bf5be206faaffa8a1cd8fbc580f9ca,lisbon-wedding/lisbon-wedding-2-18.wcnf.xz,3600.0,3600.0,3600.0,3600.0,145.7,3600.0,3600.0,3600.0,3600.0,3600.0,3600.0,3600.0,3600.0
98acd3873cae90a1a07409ada0862436,lisbon-wedding/lisbon-wedding-3-17.wcnf.xz,3363.36,3351.6,3600.0,3600.0,65.3,316.61,3600.0,3600.0,3600.0,3600.0,3600.0,3600.0,288.18
5480c6eea887e886047292b05e9b9d65,lisbon-wedding/lisbon-wedding-4-17.wcnf.xz,3600.0,3600.0,3600.0,3600.0,3600.0,3600.0,3600.0,3600.0,3600.0,3600.0,3600.0,3600.0,3600.0
c5eecffbb6d5619ace9a570d48d9d241,lisbon-wedding/lisbon-wedding-4-18.wcnf.xz,278.46,283.08,3600.0,3600.0,34.03,88.1,3600.0,3600.0,3600.0,3600.0,3600.0,3600.0,317.31
8862b1682d137638ce3c10b4f577358c,lisbon-wedding/lisbon-wedding-4-19.wcnf.xz,3600.0,3600.0,3600.0,3600.0,3600.0,3600.0,3600.0,3600.0,3600.0,3600.0,3600.0,3600.0,3600.0
580ab85fb784d743de3c0f9c3ed2bb39,lisbon-wedding/lisbon-wedding-5-17.wcnf.xz,425.75,420.44,3600.0,3600.0,205.98,349.53,3600.0,3600.0,3600.0,3600.0,3600.0,3600.0,1330.29
c03177eb76ae8d58838f08a6aa714842,lisbon-wedding/lisbon-wedding-5-18.wcnf.xz,113.74,114.49,3600.0,3600.0,532.14,105.49,3600.0,3600.0,3600.0,3600.0,3600.0,3600.0,2201.37
062615a558dd4880fad3a2fc600a7d91,lisbon-wedding/lisbon-wedding-5-19.wcnf.xz,3600.0,3600.0,3600.0,3600.0,3600.0,3294.68,3600.0,3600.0,3600.0,3600.0,3600.0,3600.0,3600.0
cd5a2dc0dd0121b5819597dd7c98031c,lisbon-wedding/lisbon-wedding-6-17.wcnf.xz,138.97,132.66,3600.0,3600.0,855.53,75.9,3600.0,3600.0,3600.0,3600.0,3600.0,3600.0,2016.62
101147af33ef38e79141585fb9edd068,lisbon-wedding/lisbon-wedding-6-18.wcnf.xz,498.76,496.99,3600.0,3600.0,919.07,2568.46,3600.0,3600.0,3600.0,3600.0,3600.0,3600.0,497.63
b09dd34e45bcdb8678a417c2374eec8f,lisbon-wedding/lisbon-wedding-6-19.wcnf.xz,3600.0,3600.0,3600.0,3600.0,3600.0,3600.0,3600.0,3600.0,3600.0,3600.0,3600.0,3600.0,3600.0
858f17a28f7e44c1432b6887c0f27e19,lisbon-wedding/lisbon-wedding-7-17.wcnf.xz,3600.0,3600.0,3600.0,3600.0,3600.0,3600.0,3600.0,3600.0,3600.0,3600.0,3600.0,3600.0,3600.0
248b1e8a2957fa99a988bddeaedd6524,lisbon-wedding/lisbon-wedding-7-18.wcnf.xz,3600.0,3600.0,3600.0,3600.0,3600.0,3600.0,3600.0,3600.0,3600.0,3600.0,3600.0,3600.0,3600.0
ca527d9b4fd26daddd82ace0cfa0f16e,lisbon-wedding/lisbon-wedding-7-19.wcnf.xz,3600.0,3600.0,3600.0,3600.0,3600.0,3600.0,3600.0,3600.0,3600.0,3600.0,3600.0,3600.0,3600.0
1c3897d3da22a5c41e5c901ebd188080,lisbon-wedding/lisbon-wedding-8-17.wcnf.xz,3600.0,3600.0,3600.0,3600.0,3600.0,3600.0,3600.0,3600.0,3600.0,3600.0,3600.0,3600.0,3600.0
b317d0153b0133e93d7f95ff7204f541,lisbon-wedding/lisbon-wedding-8-18.wcnf.xz,3600.0,3600.0,3600.0,3600.0,3600.0,3600.0,3600.0,3600.0,3600.0,3600.0,3600.0,3600.0,3600.0
f5d4a9e397b493e18160e9b0b797c16b,lisbon-wedding/lisbon-wedding-8-19.wcnf.xz,3600.0,3600.0,3600.0,3600.0,3600.0,3600.0,3600.0,3600.0,3600.0,3600.0,3600.0,3600.0,3600.0
f514a7cbe7bfaecef9e0a28f509165d6,lisbon-wedding/lisbon-wedding-9-17.wcnf.xz,3600.0,3600.0,3600.0,3600.0,3600.0,3600.0,3600.0,3600.0,3600.0,3600.0,3600.0,3600.0,3600.0
34519d4da3de2d9377578bd380ef842e,lisbon-wedding/lisbon-wedding-9-18.wcnf.xz,3600.0,3600.0,3600.0,3600.0,3600.0,3600.0,3600.0,3600.0,3600.0,3600.0,3600.0,3600.0,3600.0
ec86eb6edc23530ec5104366213a4597,lisbon-wedding/lisbon-wedding-9-19.wcnf.xz,3600.0,3600.0,3600.0,3600.0,3600.0,3600.0,3600.0,3600.0,3600.0,3600.0,3600.0,3600.0,3600.0
4f46e0d7327c13ad72e8665efca9d417,metro/inst10.lp.sm-extracted.wcnf.xz,1.57,1.6,2.44,58.38,0.92,3.4,4.34,2.17,3.48,9.99,3.84,2.01,4.88
fde6eebf311ab252f08e606ef12f2eb1,metro/inst13.lp.sm-extracted.wcnf.xz,3.21,3.19,4.97,43.2,1.4,6.52,6.79,3.15,5.03,16.97,4.71,2.97,6.71
18180f60a1299a0c40b1bd242c7e8d54,metro/inst2.lp.sm-extracted.wcnf.xz,0.78,0.78,0.94,33.0,0.77,1.64,14.02,6.5,1.55,4.77,1.62,7.2,1.73
be3c1ff3d6f0396c76f40cb36e11efba,metro/inst22.lp.sm-extracted.wcnf.xz,7.11,7.21,8.13,222.59,5.93,29.06,55.07,39.53,8.98,69.08,8.35,21.96,22.59
20aaa2eb9e8178b5bd5f03bbc96b1b09,metro/metro_8_8_5_20_10_6_500_1_0.lp.sm-extracted.wcnf.xz,9.61,9.58,30.49,1973.85,11.1,18.25,3600.0,204.03,42.89,46.71,26.92,206.39,30.34
856540b1277e2ca1f6a9736e20532ce7,metro/metro_8_8_5_20_10_6_500_1_1.lp.sm-extracted.wcnf.xz,119.39,117.8,76.54,3600.0,78.5,202.76,3600.0,558.39,73.47,440.55,75.47,420.11,360.35
53a038f7a0d7ce2c526a3dececa99948,metro/metro_8_8_5_20_10_6_500_1_2.lp.sm-extracted.wcnf.xz,74.76,74.71,32.86,2897.43,84.17,148.05,2160.18,291.63,46.71,300.91,51.82,268.12,323.23
f42ff850de91b7073d2832c1056746e0,metro/metro_8_8_5_20_10_6_500_1_3.lp.sm-extracted.wcnf.xz,2822.4,2827.36,506.36,3600.0,891.62,2529.33,3600.0,3600.0,1021.39,3600.0,603.4,3600.0,3600.0
9afcc41c21ac2443b1fb7efda6c0d2d7,metro/metro_8_8_5_20_10_6_500_1_5.lp.sm-extracted.wcnf.xz,140.16,146.48,165.03,3600.0,121.77,666.18,1048.26,677.08,252.13,1372.95,216.8,576.59,627.01
2b483212bbbdad1dc01738fe16ce9d7a,metro/metro_8_8_5_20_10_6_500_1_7.lp.sm-extracted.wcnf.xz,12.81,12.45,25.36,1300.79,9.82,33.18,825.42,84.85,50.43,70.37,60.41,81.77,59.26
2a16351b3bd1ec6bc8f525301eb3d0a8,metro/metro_8_8_5_20_10_6_500_1_9.lp.sm-extracted.wcnf.xz,63.3,60.4,82.76,3600.0,67.29,124.62,3600.0,573.66,149.58,306.68,189.64,505.87,193.25
39250e93204c19c0248e9247e007e229,metro/metro_9_8_7_22_10_6_500_1_1.lp.sm-extracted.wcnf.xz,7.57,7.58,12.39,969.1,5.5,22.37,301.27,51.95,17.46,37.22,15.84,57.51,30.45
a6a55b1ca15106193b2fe0c9f229bb07,metro/metro_9_8_7_22_10_6_500_1_2.lp.sm-extracted.wcnf.xz,4.61,4.79,14.14,3194.9,5.13,31.65,175.34,21.76,14.3,55.33,13.85,24.49,22.59
32c418220e8e237d62fe04f3e9feff86,metro/metro_9_8_7_22_10_6_500_1_3.lp.sm-extracted.wcnf.xz,2.08,2.12,3.95,161.9,1.77,5.67,72.67,21.03,9.29,19.0,4.96,17.31,6.83
c6a03469fc336410865f8577bc8fc46a,metro/metro_9_8_7_22_10_6_500_1_4.lp.sm-extracted.wcnf.xz,2.89,2.93,7.86,162.1,1.43,10.54,38.51,12.9,16.66,20.96,9.29,8.43,11.64
61baac0c508b47694dbe1bcb5eb88d9c,metro/metro_9_8_7_22_10_6_500_1_7.lp.sm-extracted.wcnf.xz,4.67,4.63,19.3,908.19,4.78,16.74,789.72,47.02,15.15,30.09,22.04,45.64,24.06
7be20a42385b105474d229e1f427657a,metro/metro_9_8_7_22_10_6_500_1_9.lp.sm-extracted.wcnf.xz,1.95,1.94,3.72,789.79,1.25,4.68,47.34,20.2,7.2,14.34,6.47,14.75,5.25
ac31a192d9d8db30cc2807e42d65081c,metro/metro_9_8_7_30_10_6_500_1_0.lp.sm-extracted.wcnf.xz,6.87,7.03,28.36,2491.16,5.9,26.98,72.74,47.6,32.9,64.24,36.69,36.65,21.81
af1d5ad8d3b24dbf052a47856f691779,metro/metro_9_8_7_30_10_6_500_1_3.lp.sm-extracted.wcnf.xz,14.34,14.29,42.29,3600.0,14.28,58.38,144.44,58.48,43.57,94.14,41.45,35.1,49.97
4deaa9ff8bcccf89c0b82c3ebcf7dd52,metro/metro_9_8_7_30_10_6_500_1_5.lp.sm-extracted.wcnf.xz,17.64,17.76,107.15,3600.0,24.56,83.99,3600.0,299.53,99.61,123.44,67.26,241.76,95.64
463772c12f730c6d89ccf37ad0c2676b,metro/metro_9_8_7_30_10_6_500_1_6.lp.sm-extracted.wcnf.xz,6.74,6.77,21.06,3007.08,6.39,38.78,150.16,31.8,37.24,70.04,46.89,34.38,35.96
4673c4790262b6cf9249fef8f62f6fe1,metro/metro_9_8_7_30_10_6_500_1_7.lp.sm-extracted.wcnf.xz,26.03,26.37,70.04,3600.0,20.18,139.95,949.06,128.87,51.33,130.36,49.79,99.73,80.62
f3b2464354ebfca4e904b6e9b3bcda14,metro/metro_9_8_7_30_10_6_500_1_8.lp.sm-extracted.wcnf.xz,89.54,89.66,111.81,3600.0,49.62,428.51,3600.0,466.09,204.38,571.24,113.24,388.12,238.77
df4d6b9a2e5d6a59ce64c9c4088f232c,metro/metro_9_8_7_30_10_6_500_1_9.lp.sm-extracted.wcnf.xz,14.65,14.6,65.69,3600.0,15.76,112.42,315.48,98.16,77.87,207.02,76.3,111.64,119.29
d2c422cccf0033b2b4f451c748b22688,metro/metro_9_9_10_35_13_7_500_2_1.lp.sm-extracted.wcnf.xz,5.59,5.58,29.79,2726.16,3.82,34.91,47.24,31.07,12.41,67.6,36.62,23.69,19.76
2327cf2c65477ffdfba4286e2f0b4b8e,metro/metro_9_9_10_35_13_7_500_2_2.lp.sm-extracted.wcnf.xz,7.64,7.63,41.88,923.94,7.34,59.27,324.08,75.51,38.88,85.69,30.96,58.12,41.24
c3e7db201323c1d5c45e03a5955516b5,metro/metro_9_9_10_35_13_7_500_2_4.lp.sm-extracted.wcnf.xz,15.63,15.66,44.71,3600.0,8.26,69.79,224.49,44.22,32.99,120.82,35.58,41.51,51.48
a8cdd3b60255e0fb59dca9aeec6bbdd1,metro/metro_9_9_10_35_13_7_500_2_6.lp.sm-extracted.wcnf.xz,3.53,3.51,9.86,815.4,2.0,16.26,37.79,9.45,7.83,48.41,14.82,10.42,11.03
b93cbcf826114f1e1a49b192f4771e3a,metro/metro_9_9_10_35_13_7_500_2_7.lp.sm-extracted.wcnf.xz,50.18,50.34,131.2,3600.0,36.83,210.99,1048.71,324.64,129.15,192.25,116.02,361.23,142.73
73292360dae2a45637ba7d2776656743,metro/metro_9_9_10_35_13_7_500_2_9.lp.sm-extracted.wcnf.xz,4.72,4.7,13.32,182.16,2.79,16.18,107.8,29.3,14.12,65.1,15.9,31.25,18.67
94f24ea4e95319c6f1b943ae2e50aec9,miplib/normalized-mps-v2-20-10-bm23.opb.msat.wcnf.xz,2.1,2.1,1.93,3600.0,3.11,2.11,15.85,10.13,3.33,2.97,2.65,11.54,2.76
6a6babd7858ec042648566c8d943fabe,miplib/normalized-mps-v2-20-10-cracpb1.opb.msat.wcnf.xz,3600.0,3600.0,3600.0,3600.0,3600.0,3600.0,3600.0,3600.0,3600.0,3600.0,3600.0,3600.0,3600.0
6cb1974005578750c1a19699d6a41c03,miplib/normalized-mps-v2-20-10-l152lav.opb.msat.wcnf.xz,3600.0,3600.0,3600.0,3600.0,3600.0,3600.0,3600.0,3600.0,3600.0,3600.0,3600.0,3600.0,3600.0
578b2296b450683d1c96fc07ec9db0b4,miplib/normalized-mps-v2-20-10-lp4l.opb.msat.wcnf.xz,3600.0,3600.0,3600.0,3600.0,3600.0,3600.0,3600.0,3600.0,3600.0,3600.0,3600.0,3600.0,3600.0
c262bc482422bc3c3366cc2bea2ec411,miplib/normalized-mps-v2-20-10-lseu.opb.msat.wcnf.xz,126.84,127.28,58.44,3600.0,143.56,75.76,3600.0,419.74,123.88,2800.13,98.12,625.82,110.45
ee93efd679628ada0c79367cd40cc355,miplib/normalized-mps-v2-20-10-mod008.opb.msat.wcnf.xz,3600.0,3600.0,3600.0,3600.0,3600.0,3600.0,3600.0,3600.0,3600.0,3600.0,3600.0,3600.0,3600.0
045525530451be86407c4b107569a1c9,miplib/normalized-mps-v2-20-10-mod010.opb.msat.wcnf.xz,3600.0,3600.0,3600.0,3600.0,3600.0,3600.0,3600.0,3600.0,3600.0,3600.0,3600.0,3600.0,3600.0
273e69a36eb8d831069836758e553381,miplib/normalized-mps-v2-20-10-p0033.opb.msat.wcnf.xz,0.03,0.03,0.4,1.12,0.02,0.03,0.27,0.29,0.12,0.15,0.11,0.48,0.07
cf80cbbca39a93e3c65153a86e3df27c,miplib/normalized-mps-v2-20-10-p0040.opb.msat.wcnf.xz,0.01,0.01,3600.0,0.03,0.0,0.01,0.02,0.02,0.06,0.07,0.08,0.02,0.0
1cddf88bec21bf2e834eec646c609991,miplib/normalized-mps-v2-20-10-p0201.opb.msat.wcnf.xz,401.59,401.17,1527.09,373.93,264.23,220.18,3600.0,306.44,8.77,3600.0,6.59,336.34,154.98
5011f6dd3fb71aed46c6d6d42513a83a,miplib/normalized-mps-v2-20-10-p0548.opb.msat.wcnf.xz,3600.0,3600.0,3600.0,3600.0,3600.0,3600.0,3600.0,3600.0,3600.0,3600.0,3600.0,3600.0,3600.0
c4a436e4eb1d94843bbea68a54579aab,miplib/normalized-mps-v2-20-10-sentoy.opb.msat.wcnf.xz,3600.0,3600.0,3600.0,3600.0,3600.0,3600.0,3600.0,3600.0,3600.0,3600.0,3600.0,3600.0,3600.0
49b60ada38d1f69cdaad87705611f144,planning/driverlog02bc.wcsp.wcnf.xz,0.19,0.18,2.49,46.03,0.2,0.17,2.26,0.5,7.45,1.66,8.83,0.53,0.16
8a151c2486bff57fc880575d3108d9f6,planning/driverlog02c.wcsp.wcnf.xz,0.16,0.16,0.36,248.98,0.16,0.13,2.24,0.49,10.32,1.51,16.39,0.67,0.13
493212ef0a1ac7aad5c9df2f6cdd9a73,planning/driverlog02cc.wcsp.wcnf.xz,0.22,0.5,32.96,71.94,0.17,0.22,2.32,0.4,0.69,2.31,0.78,0.44,0.18
c8f468edf3d7681d024d653f6b86dd6a,planning/driverlog04ac.wcsp.wcnf.xz,0.11,0.11,0.33,55.75,0.1,0.06,0.64,0.23,7.17,1.37,17.61,0.47,0.09
02cf91f9b012007cfcf0d0718b018f5f,planning/driverlog04bc.wcsp.wcnf.xz,0.13,0.17,6.3,48.41,0.11,0.08,0.57,0.22,6.18,1.5,6.26,0.35,0.1
5c234356f803d0b132a60ce9c9666aa4,planning/driverlog04cc.wcsp.wcnf.xz,0.18,0.19,27.3,51.65,0.12,0.17,0.54,0.23,2.42,1.71,2.45,0.4,0.15
190c95b307f61fc57d9f7d9fb1598de8,planning/driverlog05ac.wcsp.wcnf.xz,0.27,0.27,0.64,79.65,0.21,0.12,11.64,1.37,1.41,2.35,1.24,1.16,0.14
3f003685fa63e82f387e9de8b791afd2,planning/driverlog05bc.wcsp.wcnf.xz,0.25,0.26,2.8,162.37,0.25,0.14,5.33,1.46,0.92,2.86,0.8,1.21,0.17
190c95b307f61fc57d9f7d9fb1598de8,planning/driverlog05c.wcsp.wcnf.xz,0.27,0.27,0.64,79.63,0.21,0.12,11.59,1.37,1.44,3.19,1.22,1.12,0.15
25344542bbfa62486cd6edccd9141cdf,planning/driverlog08ac.wcsp.wcnf.xz,0.48,0.46,0.69,1363.53,0.48,0.26,5.2,1.28,3.0,4.46,3.31,1.55,0.33
25344542bbfa62486cd6edccd9141cdf,planning/driverlog08c.wcsp.wcnf.xz,0.46,0.46,0.69,1364.26,0.47,0.26,5.22,1.28,3.03,4.42,3.3,1.56,0.33
e3f1497052721b75b7ae749012044dde,planning/driverlog08cc.wcsp.wcnf.xz,0.68,0.68,92.37,441.45,0.53,0.64,4.61,1.14,1.63,6.18,1.47,1.75,0.58
981431654d6618d316d474f6472e81d3,planning/driverlog09.wcsp.wcnf.xz,0.48,0.48,0.22,1880.25,0.33,0.23,1.5,0.71,0.73,4.92,0.69,0.86,0.35
b127a13db855a5661f6eb3f73435b637,planning/driverlogs03.wcsp.wcnf.xz,0.06,0.06,0.07,7.67,0.04,0.02,1.54,0.35,1.04,0.53,1.23,0.38,0.02
91f7350bd8f0ce02f06d8336f16e2b12,planning/driverlogs06.wcsp.wcnf.xz,0.06,0.06,0.07,0.76,0.03,0.03,0.22,0.1,2.02,0.58,2.42,0.18,0.02
b63ce5de1f500bd7884f155981f36c21,planning/logistics01bc.wcsp.wcnf.xz,0.02,0.02,1.31,0.06,0.01,0.01,0.04,0.03,4.73,0.23,3.46,0.03,0.01
5990f99034956374784c480ea2c37699,planning/logistics01c.wcsp.wcnf.xz,0.02,0.02,0.25,0.06,0.01,0.01,0.04,0.03,0.65,0.23,0.77,0.04,0.01
ff0770500ec5770493ce8d8cd6ab5932,planning/logistics01cc.wcsp.wcnf.xz,0.02,0.02,15.41,0.07,0.01,0.01,0.05,0.03,2.47,0.25,1.49,0.1,0.01
43254461d8fceca99d6b0cdb14d31a01,planning/satellite01ac.wcsp.wcnf.xz,0.05,0.05,0.03,2.29,0.03,0.02,0.24,0.08,0.03,0.51,0.03,0.1,0.02
0f66836fe12a2d282e2e390b9beacdfa,planning/satellite01bc.wcsp.wcnf.xz,0.05,0.05,0.11,2.06,0.03,0.02,0.24,0.07,0.04,0.51,0.03,0.11,0.02
43254461d8fceca99d6b0cdb14d31a01,planning/satellite01cc.wcsp.wcnf.xz,0.05,0.05,0.03,2.29,0.03,0.02,0.45,0.08,0.03,0.51,0.03,0.1,0.02
e2d3ddf0c8fab54e7ac6303b07cf3d16,planning/satellite02ac.wcsp.wcnf.xz,0.81,0.8,0.71,590.25,1.02,0.83,25.63,2.57,0.8,4.45,0.88,2.69,0.7
3b2586dcda4f002098d96b854e372dc0,planning/satellite02bc.wcsp.wcnf.xz,0.78,0.78,2.3,548.47,0.5,0.64,13.8,1.89,1.01,4.2,1.22,2.63,0.59
a15369c0d8802329b055cddf49e9d7e1,planning/zenotravel02ac.wcsp.wcnf.xz,0.03,0.03,0.02,0.2,0.02,0.01,0.08,0.05,0.01,0.32,0.02,0.06,0.01
94084e933693119601d86c6b47df6abc,planning/zenotravel02bc.wcsp.wcnf.xz,0.03,0.03,0.02,0.2,0.02,0.01,0.08,0.05,0.02,0.33,0.01,0.06,0.01
a15369c0d8802329b055cddf49e9d7e1,planning/zenotravel02c.wcsp.wcnf.xz,0.03,0.03,0.02,0.2,0.02,0.01,0.09,0.05,0.01,0.32,0.02,0.06,0.01
6ebbfb407a6d8929346b00a211ed529e,planning/zenotravel02cc.wcsp.wcnf.xz,3600.0,3600.0,0.5,0.2,0.02,0.01,0.08,0.05,0.05,0.33,0.04,0.06,0.02
cebe6f3e3e6e5bd362ab38942adf1c91,planning/zenotravel04bc.wcsp.wcnf.xz,0.11,0.11,0.13,1.19,0.08,0.03,0.65,0.26,0.12,1.05,0.12,0.3,0.03
f5587be7723bdd9e54379da82be1340a,planning/zenotravel04c.wcsp.wcnf.xz,0.11,0.11,0.08,1.19,0.08,0.03,0.68,0.26,0.07,1.07,0.1,0.55,0.03
f8ca4cc7c652bb5d84dfdbb8cfd8f707,planning/zenotravel04cc.wcsp.wcnf.xz,0.15,0.15,3.21,1.25,0.1,0.08,0.58,0.25,0.14,1.17,0.22,0.44,0.06
bf312e3713f08c2baff18d90037798e9,railway-transport/bf2030fvcons.wcnf.xz,1315.03,1328.75,1098.01,3600.0,207.28,1384.32,286.84,211.8,324.89,1210.5,379.35,241.8,293.94
f22a9b93914330eb63ccccd293d632be,railway-transport/bf2030fvslack.wcnf.xz,3600.0,3600.0,3600.0,3600.0,3600.0,3600.0,3600.0,3600.0,3600.0,3600.0,3600.0,3600.0,3600.0
38753c1a62e0be2d25c69358042f95c8,railway-transport/d4.wcnf.xz,3600.0,3600.0,3600.0,3600.0,3600.0,3600.0,3600.0,3600.0,3600.0,3600.0,3600.0,3600.0,3600.0
87addd650617278b6acc426d9b0c0113,railway-transport/dp43.wcnf.xz,13.21,13.2,80.07,3600.0,15.18,5.54,56.58,75.41,29.29,160.6,28.3,50.76,7.3
ae9f667f8c9e86649c7b57aee0a1b945,railway-transport/f2030.wcnf.xz,3600.0,3600.0,2038.68,3600.0,3600.0,3600.0,3600.0,3600.0,739.95,3600.0,749.83,3600.0,3600.0
00f99472b0fb1e4bfb9d46770fe01301,railway-transport/p15.wcnf.xz,3.32,2.68,11.8,3600.0,4.28,56.3,85.84,73.45,9.31,25.36,17.37,67.73,3.23
f025d3bd9ecdfa20c28a54d0efb814d2,railway-transport/pesp_18Min.wcnf.xz,3600.0,3600.0,3600.0,3600.0,3600.0,3600.0,3600.0,3600.0,3600.0,3600.0,3600.0,3600.0,3600.0
ec201844251db6241957ab04e34eb646,railway-transport/pesp_5min.wcnf.xz,3600.0,3600.0,1068.31,3600.0,3600.0,3600.0,3600.0,3600.0,1195.05,3600.0,1161.26,3600.0,3600.0
e663d06d76208c5e2c8766771ab8fdfc,railway-transport/r11.wcnf.xz,3600.0,3600.0,3600.0,3600.0,3600.0,3600.0,3600.0,3600.0,3600.0,3600.0,3600.0,3600.0,3600.0
5d52d65c2811cffad7ff845745a6844b,railway-transport/we.wcnf.xz,3600.0,3600.0,3600.0,3600.0,3600.0,3600.0,3600.0,3600.0,3600.0,3600.0,3600.0,3600.0,3600.0
dba3af5b4fb143b01fe017337feeee9f,railway-transport/wg2.wcnf.xz,3600.0,3600.0,3600.0,3600.0,3600.0,3600.0,3600.0,3600.0,3600.0,3600.0,3600.0,3600.0,3600.0
0c5d25c07e5ffa4cfb69ae4bcc04e22a,shiftdesign/limits-10-10_data-1_inst-005_60m.sm-extracted.wcnf.xz,8.1,8.12,5.39,3600.0,7.36,54.58,1433.37,578.04,54.93,343.42,54.5,725.07,5.25
d1e959b466ed4e49a52b581a52a09201,shiftdesign/limits-10-10_data-1_inst-010_30m.sm-extracted.wcnf.xz,60.57,60.81,86.17,3600.0,91.95,714.58,3600.0,3600.0,1496.94,3600.0,1093.04,3600.0,36.1
972f97a058e82efe6805cb3486312522,shiftdesign/limits-10-10_data-1_inst-018_60m.sm-extracted.wcnf.xz,19.28,19.35,10.96,3600.0,14.08,90.43,3600.0,2676.57,218.8,744.83,222.39,2388.31,8.8
9a426a5d289c2fffa9467697db84871d,shiftdesign/limits-10-10_data-1_inst-031_60m.sm-extracted.wcnf.xz,2.31,2.31,1.27,11.97,1.86,10.37,173.88,2.17,0.62,66.91,8.65,1.77,0.89
e6ef94271d01959389bdddad7ef37097,shiftdesign/limits-10-10_data-1_inst-044_30m.sm-extracted.wcnf.xz,62.14,62.49,148.94,3600.0,762.78,751.53,3600.0,3600.0,3600.0,3600.0,3148.1,3600.0,80.92
e3ca50a406aedb241d3cfdcfc434b6d6,shiftdesign/limits-10-10_data-1_inst-045_30m.sm-extracted.wcnf.xz,88.9,91.16,22.28,3600.0,1594.28,707.37,3600.0,3516.65,1084.4,2589.97,586.55,3600.0,163.97
44d5e3253a430f4842aa779e0acb3b39,shiftdesign/limits-10-10_data-1_inst-048_60m.sm-extracted.wcnf.xz,9.48,9.47,5.84,1092.72,6.83,42.59,740.91,212.58,41.18,281.73,23.54,390.93,3.95
a6cd9adecfea5b0972eaeebf12f0b053,shiftdesign/limits-10-10_data-1_inst-056_60m.sm-extracted.wcnf.xz,15.76,15.4,8.97,3600.0,10.77,90.08,2861.13,718.52,705.84,742.25,115.24,978.25,7.86
2c0fe3c39fc6efacb360c77d2bee4a36,shiftdesign/limits-10-10_data-1_inst-059_30m.sm-extracted.wcnf.xz,48.58,48.69,42.08,3600.0,684.71,726.95,3600.0,3600.0,3600.0,2342.05,873.46,3600.0,87.14
f820b3b9e4046df6adb06a95d58435dc,shiftdesign/limits-10-10_data-1_inst-060_60m.sm-extracted.wcnf.xz,12.55,12.38,9.86,3339.64,10.39,84.98,1618.6,343.29,79.4,248.21,83.84,532.01,10.66
e629764d4ae5a074c77aef2aa3b24512,shiftdesign/limits-10-10_data-1_inst-068_30m.sm-extracted.wcnf.xz,23.02,23.09,12.48,3600.0,25.8,263.96,3600.0,2953.81,232.96,1373.78,195.28,3515.17,25.83
32121c43a1215f505d9d05c8b4427fff,shiftdesign/limits-10-10_data-1_inst-071_30m.sm-extracted.wcnf.xz,51.96,52.06,27.12,3600.0,420.6,258.73,3600.0,3600.0,3600.0,1484.69,739.27,3600.0,41.95
e8affbe0b062aa3511c09e6a91385397,shiftdesign/limits-10-10_data-1_inst-078_60m.sm-extracted.wcnf.xz,10.64,10.78,6.4,2410.96,9.47,47.34,1485.35,559.54,106.05,324.77,87.52,456.04,8.7
709174bf329f05a418fd3a43aca28b2b,shiftdesign/limits-10-10_data-1_inst-081_60m.sm-extracted.wcnf.xz,2.78,2.79,1.31,9.49,1.94,16.86,196.1,2.2,0.63,84.53,10.5,1.77,0.89
a4be9417598f5ca461d86d0a4b2ae834,shiftdesign/limits-10-10_data-1_inst-084_30m.sm-extracted.wcnf.xz,70.5,70.74,214.56,3600.0,309.79,496.49,3600.0,3600.0,3600.0,3600.0,3600.0,3600.0,61.34
0811236bb8caab03731d83df9d3e06c2,shiftdesign/limits-10-10_data-1_inst-099_60m.sm-extracted.wcnf.xz,4.63,4.61,2.29,42.12,3.57,41.81,614.56,3.92,1.09,183.31,19.86,3.39,1.6
6a4e745b45d492f69717520470a74f02,shiftdesign/limits-10-10_data-1_inst-102_30m.sm-extracted.wcnf.xz,57.67,57.81,169.31,3600.0,439.91,643.72,3600.0,3600.0,3600.0,3600.0,2702.73,3600.0,46.6
aee9c9d01331af32fd4e39558c781a67,shiftdesign/limits-10-10_data-1_inst-112_60m.sm-extracted.wcnf.xz,9.53,9.67,5.16,3578.11,10.95,62.83,1216.15,425.43,46.25,319.29,56.45,500.55,12.5
4ea846302b22435b4e2aa23a73016cd1,shiftdesign/limits-10-10_data-1_inst-122_30m.sm-extracted.wcnf.xz,65.22,65.79,55.69,3600.0,860.86,847.34,3600.0,3600.0,3600.0,3600.0,2041.71,3600.0,94.28
4308ad0af1e6fc97749725f382decd08,shiftdesign/limits-10-10_data-1_inst-137_30m.sm-extracted.wcnf.xz,45.32,45.14,40.27,3600.0,929.42,499.31,3600.0,3600.0,3600.0,2606.57,787.54,3600.0,76.02
c1ef12a99fa9bbf9f0d746b9b4f118d6,shiftdesign/limits-10-10_data-1_inst-182_30m.sm-extracted.wcnf.xz,70.87,71.02,136.97,3600.0,185.24,568.73,3600.0,3600.0,2332.97,3600.0,3600.0,3600.0,43.77
0445cc6f6483420c0fe82e214560b208,shiftdesign/limits-10-10_data-1_inst-182_60m.sm-extracted.wcnf.xz,23.77,24.03,36.34,3600.0,15.64,86.48,3600.0,3600.0,3600.0,747.64,173.28,2135.54,13.6
2317637f0240928ed9a60206585393eb,spot5/1401.wcsp.dir.wcnf.xz,3600.0,3600.0,3600.0,243.3,3600.0,3600.0,3600.0,3600.0,1091.33,3600.0,1181.17,3600.0,3600.0
6ac7c5e6d741b5f51d747d97a4167581,spot5/1401.wcsp.log.wcnf.xz,3600.0,3600.0,3600.0,3600.0,3600.0,3600.0,3600.0,3600.0,3600.0,3600.0,3600.0,3600.0,3600.0
49cb202611d9b899d9340115147e8c5a,spot5/1403.wcsp.dir.wcnf.xz,3600.0,3600.0,1645.03,3600.0,3600.0,3600.0,3600.0,3600.0,1986.78,3600.0,2262.86,3600.0,3600.0
fe5b4ed0c8739fa6a058dceb75bce2de,spot5/1403.wcsp.log.wcnf.xz,3600.0,3600.0,3600.0,3600.0,3600.0,3600.0,3600.0,3600.0,3600.0,3600.0,3600.0,3600.0,3600.0
3e28b995805dafa9103914f1c6248d76,spot5/1405.wcsp.dir.wcnf.xz,3600.0,3600.0,3600.0,3600.0,3600.0,3600.0,3600.0,3600.0,1816.06,3600.0,1998.74,3600.0,3600.0
9bb155542219893b71728c1b0eaa1fea,spot5/1405.wcsp.log.wcnf.xz,3600.0,3600.0,3600.0,3600.0,3600.0,3600.0,3600.0,3600.0,3600.0,3600.0,3600.0,3600.0,3600.0
6c21d2b79e0e46dbe28380d68f50426d,spot5/1407.wcsp.dir.wcnf.xz,3600.0,3600.0,3600.0,3600.0,3600.0,3600.0,3600.0,3600.0,2005.74,3600.0,2072.15,3600.0,3600.0
7d454d8e8d22c154b16fb61bdc42a421,spot5/1502.wcsp.log.wcnf.xz,0.01,0.01,0.16,0.04,0.0,0.0,0.01,0.02,0.07,0.06,0.08,0.02,0.01
e54f7870f786604f42efddf6d5727f22,spot5/1504.wcsp.dir.wcnf.xz,3.32,3.29,184.42,25.95,0.81,1.85,3600.0,3600.0,3.82,16.84,4.75,3600.0,18.43
690657d7e28c9218e7e635bd7f312eb6,spot5/1504.wcsp.log.wcnf.xz,11.0,10.77,201.13,3600.0,16.51,48.13,3600.0,3600.0,8.71,39.25,9.08,3600.0,11.46
54fc55bea19f6c0bc4a7d8acda750d9d,spot5/1506.wcsp.dir.wcnf.xz,3600.0,3600.0,3600.0,3600.0,3600.0,3600.0,3600.0,3600.0,296.26,3600.0,207.94,3600.0,3600.0
8a7f87b14b5c792cc2ee4c418e823544,spot5/1506.wcsp.log.wcnf.xz,3600.0,3600.0,3600.0,3600.0,3600.0,3600.0,3600.0,3600.0,1052.28,3600.0,938.42,3600.0,3600.0
c52d36f9be5909ba9396a26dea3f4e65,spot5/28.wcsp.log.wcnf.xz,3600.0,3600.0,540.85,3600.0,3600.0,3600.0,3600.0,3600.0,1174.0,3600.0,1214.39,3600.0,3600.0
42ac1dff83f73a95edcf654a22cc2ee6,spot5/29.wcsp.dir.wcnf.xz,0.01,0.01,0.02,0.03,0.01,0.01,0.97,0.11,0.1,0.08,0.11,0.11,0.0
b221121b37596d5fc5257721b9f3b3e1,spot5/29.wcsp.log.wcnf.xz,0.01,0.01,0.03,0.25,0.01,0.01,0.86,0.25,0.11,0.08,0.1,0.36,0.0
169e6d5fdaba9c59c2a2ad26173e5b2c,spot5/404.wcsp.dir.wcnf.xz,0.02,0.02,0.08,0.04,0.02,0.01,8.94,0.06,0.04,0.1,0.03,0.05,0.01
2d0383be79385bfdd645adba918dc110,spot5/404.wcsp.log.wcnf.xz,0.02,0.02,0.09,0.87,0.02,0.02,6.7,0.27,0.04,0.1,0.04,0.29,0.01
8852245879a90f61363840faaa48ae34,spot5/408.wcsp.log.wcnf.xz,0.09,0.09,281.16,191.43,0.16,19.66,3600.0,14.01,0.42,1.83,0.38,15.47,0.15
b46eca6a01764a2347a0de2546fd6c29,spot5/412.wcsp.dir.wcnf.xz,0.22,0.22,40.24,0.24,0.14,0.27,3600.0,4.67,3.23,4.23,3.2,5.61,0.14
0a69617c66d460738aba7bf3ad9ae42e,spot5/414.wcsp.dir.wcnf.xz,0.28,0.29,68.55,1.02,0.14,0.37,3600.0,25.47,9.4,1.67,8.81,28.86,0.14
2bf57f01109323418b9f39467ec465a0,spot5/414.wcsp.log.wcnf.xz,0.27,0.27,157.02,3600.0,0.25,126.11,3600.0,1146.19,15.61,1.8,16.99,327.08,0.73
6f0b275ff2e8c4c2f24118627d692bc9,spot5/42.wcsp.dir.wcnf.xz,2.33,2.33,3.05,0.05,0.76,1.51,3600.0,4.3,8.41,5.99,10.41,4.0,3.45
6377649fe06d7104b55ffb0f54dd4cb5,spot5/5.wcsp.log.wcnf.xz,3600.0,3600.0,2087.07,3600.0,3600.0,3600.0,3600.0,3600.0,85.68,3600.0,61.85,3600.0,3600.0
65e3a953f21de9c5185c1a7e2f9c8b82,spot5/503.wcsp.dir.wcnf.xz,0.01,0.01,0.31,0.04,0.01,0.01,0.6,0.08,0.25,0.1,0.27,0.14,0.01
ab64cbca0256d4577a4f5cef550865c8,spot5/503.wcsp.log.wcnf.xz,0.01,0.01,0.34,1.32,0.01,0.01,0.29,0.16,0.31,0.11,0.32,0.16,0.01
1d7ea16c872a01c8b490decb6f2862fe,spot5/505.wcsp.dir.wcnf.xz,0.05,0.05,74.68,0.14,0.07,0.06,342.83,1.67,2.19,0.52,1.88,2.93,0.04
0afa09c6759b84023b50edebbcc731f8,spot5/505.wcsp.log.wcnf.xz,0.06,0.06,75.67,3600.0,0.06,1.65,350.85,3600.0,2.78,1.85,2.54,3371.55,0.06
ca5746f6276371f5bd48584ccbf220a5,spot5/507.wcsp.dir.wcnf.xz,0.17,0.29,123.05,0.34,0.1,0.21,3600.0,8.98,3.96,1.3,3.69,15.82,0.06
8f1d07826fdb1f438770b993c6d3ccb5,spot5/507.wcsp.log.wcnf.xz,0.16,0.16,150.69,3600.0,0.16,651.23,3600.0,3600.0,6.27,1.3,5.2,2676.72,0.3
462a716d881a9cd50aebf23edeeb93dd,spot5/509.wcsp.dir.wcnf.xz,0.33,0.34,805.3,0.66,0.68,0.44,3600.0,74.19,8.75,1.65,7.8,79.65,0.15
cdc529fd887f2530bac345ca0ccf6b71,spot5/509.wcsp.log.wcnf.xz,0.27,0.27,740.92,3600.0,0.23,12.05,3600.0,3600.0,14.53,2.66,15.87,519.12,0.36
758a8ba280100e7bb33e601aad2e25aa,spot5/54.wcsp.dir.wcnf.xz,0.02,0.02,0.02,0.02,0.01,0.01,0.39,0.06,0.01,0.06,0.01,0.07,0.01
605c49b18fa2a8f4de1f7bd435e9bf68,spot5/54.wcsp.log.wcnf.xz,0.01,0.01,0.02,0.5,0.01,0.01,0.54,0.19,0.02,0.07,0.02,0.35,0.02
e944738ce704d9331bbfef5503718b94,spot5/8.wcsp.dir.wcnf.xz,0.0,0.0,0.0,0.01,0.01,0.0,0.01,0.0,0.0,0.04,0.0,0.0,0.0
a8ae58acea3a2b3a484315df87ee8d68,spot5/8.wcsp.log.wcnf.xz,0.01,0.0,0.0,0.01,0.01,0.0,0.01,0.01,0.0,0.03,0.0,0.0,0.0
430cbb01c9b78b15ecfaad5f8b37c651,staff-scheduling/instance1.wcnf.xz,0.07,0.07,0.16,52.93,0.12,0.07,4.55,1.87,0.39,0.46,0.45,3.64,0.09
85e2266b47180a3aaf47da7ecad0e98d,staff-scheduling/instance10.wcnf.xz,3600.0,3600.0,3600.0,3600.0,3600.0,3600.0,3600.0,3600.0,3600.0,3600.0,3600.0,3600.0,3600.0
4fd740aacb62ade1ce0533d085921bbb,staff-scheduling/instance11.wcnf.xz,3600.0,3600.0,3600.0,3600.0,3600.0,3600.0,3600.0,3600.0,3600.0,3600.0,3600.0,3600.0,3600.0
6c30a756f6e657222caf23960a6d869e,staff-scheduling/instance12.wcnf.xz,3600.0,3600.0,3600.0,3600.0,3600.0,3600.0,3600.0,3600.0,3600.0,3600.0,3600.0,3600.0,3600.0
b84af991183c740e291dcb278e30898c,staff-scheduling/instance2.wcnf.xz,1615.12,1612.35,404.43,3600.0,2060.26,3437.55,3600.0,3600.0,3600.0,3600.0,2201.02,3600.0,1166.2
a358422334ecff3d68f76cb4b407d968,staff-scheduling/instance3.wcnf.xz,3600.0,3600.0,3600.0,3600.0,3600.0,3600.0,3600.0,3600.0,3600.0,3600.0,3600.0,3600.0,3600.0
1cdf581be351b306c301fa401dc59e4b,staff-scheduling/instance4.wcnf.xz,3600.0,3600.0,3600.0,2798.99,3600.0,3600.0,3600.0,3600.0,3600.0,3600.0,3600.0,3600.0,3600.0
a4b4290a3a72433438ff800cffdb8657,staff-scheduling/instance5.wcnf.xz,3600.0,3600.0,3600.0,3600.0,3600.0,3600.0,3600.0,3600.0,3600.0,3600.0,3600.0,3600.0,3600.0
801baeeeca67651bbafa359146de6282,staff-scheduling/instance6.wcnf.xz,3600.0,3600.0,3600.0,3600.0,3600.0,3600.0,3600.0,3600.0,3600.0,3600.0,3600.0,3600.0,3600.0
55a3feaba9504fa559b27f9de00a1242,staff-scheduling/instance7.wcnf.xz,3600.0,3600.0,3600.0,3600.0,3600.0,3600.0,3600.0,3600.0,3600.0,3600.0,3600.0,3600.0,3600.0
aabd00400139b816eff5b73816ae92b9,staff-scheduling/instance8.wcnf.xz,3600.0,3600.0,3600.0,3600.0,3600.0,3600.0,3600.0,3600.0,3600.0,3600.0,3600.0,3600.0,3600.0
f5b3b7a814f34a4379ff25d5d86b602a,staff-scheduling/instance9.wcnf.xz,3600.0,3600.0,3600.0,3600.0,3600.0,3600.0,3600.0,3600.0,3600.0,3600.0,3600.0,3600.0,3600.0
d3e3462a058f125f60d33a634aebcf5a,timetabling/EA06.lp.sm-extracted.wcnf.xz,47.32,46.21,3600.0,3600.0,14.9,66.6,32.89,26.68,32.55,832.28,45.92,27.48,53.54
e06be8ef619bc8addba1e8b43ec9be28,timetabling/EA08.lp.sm-extracted.wcnf.xz,252.26,252.49,3600.0,3600.0,262.58,178.59,89.56,98.77,86.55,3600.0,158.38,104.49,230.2
2729b4ee46b388d1e603e04ca375bb2d,timetabling/EA10.lp.sm-extracted.wcnf.xz,27.02,26.88,249.3,3600.0,22.59,65.9,21.71,21.71,59.76,497.22,153.51,22.98,47.79
8498c4be11bb8263dadc62681074cbed,timetabling/EA12.lp.sm-extracted.wcnf.xz,70.03,69.95,40.45,3600.0,77.26,59.75,96.28,67.43,30.13,2131.79,58.4,61.36,64.63
ef482bc163ad890444a02e5d106e5eff,timetabling/Udine1.lp.sm-extracted.wcnf.xz,259.91,267.08,3600.0,3600.0,3600.0,3600.0,88.07,121.03,1694.4,3600.0,3600.0,98.73,1522.73
075228a0e5a1f06ef54ae095dfda7c2e,timetabling/Udine2.lp.sm-extracted.wcnf.xz,204.69,202.66,3600.0,3600.0,1477.71,1018.9,321.57,185.7,263.39,3600.0,1420.34,240.93,416.5
e1a2323129e7e24f0d8bde1e762c7f3c,timetabling/Udine3.lp.sm-extracted.wcnf.xz,83.76,84.84,2871.5,3600.0,1446.44,1046.33,43.1,46.85,391.06,3089.36,1444.77,49.15,245.63
47c0f11aba0de15643f696eac0e368e1,timetabling/Udine4.lp.sm-extracted.wcnf.xz,42.44,42.01,84.99,3600.0,75.38,55.08,3600.0,2206.81,57.71,1135.05,59.06,1881.17,41.99
7c3dd8c861096b17bb628b557209eef9,timetabling/Udine5.lp.sm-extracted.wcnf.xz,197.54,194.36,2521.65,3600.0,2395.48,1337.69,82.58,89.59,448.0,3600.0,1635.53,97.89,656.97
1b0e7ed382086d57265e512aae437527,timetabling/Udine6.lp.sm-extracted.wcnf.xz,92.18,92.75,297.5,3600.0,199.6,164.13,63.51,66.19,53.04,3048.81,81.32,68.25,96.75
2f2c5faec469a9f84a341ca5e6df870d,timetabling/Udine7.lp.sm-extracted.wcnf.xz,102.86,103.16,3600.0,3600.0,188.23,372.74,70.59,76.09,44.52,3600.0,125.19,76.61,120.99
bada74394d69862b430f26724e88d041,timetabling/Udine9.lp.sm-extracted.wcnf.xz,138.01,138.16,547.7,3600.0,403.95,254.67,258.22,106.99,324.26,3600.0,393.42,130.46,189.77
8efa7a51b0fa03e3bc6960e373420ef6,timetabling/comp01.wcnf.xz,3600.0,3600.0,3600.0,3600.0,3600.0,3600.0,3600.0,3600.0,3600.0,3600.0,3600.0,3600.0,3600.0
87b46cab3872871f34db889c0aadf10c,timetabling/comp02.wcnf.xz,3600.0,3600.0,3600.0,3600.0,3600.0,3600.0,3600.0,3600.0,2781.35,3600.0,3600.0,3600.0,3600.0
a807719200c34381e16e261c254e39f3,timetabling/comp03.wcnf.xz,3600.0,3600.0,3600.0,3600.0,3600.0,3600.0,3600.0,3600.0,3600.0,3600.0,3600.0,3600.0,3600.0
8cb608ba474959bc2df153daade887ee,timetabling/comp04.wcnf.xz,6.11,6.05,8.67,3600.0,7.73,1.53,79.99,71.27,4.59,40.19,7.63,61.74,2.18
f95eebacb86f26c92e4156f76c75fbfc,timetabling/comp05.wcnf.xz,3600.0,3600.0,3600.0,3600.0,3600.0,3600.0,3600.0,3600.0,3600.0,3600.0,3600.0,3600.0,3600.0
9c6bfec02ba69e7ef1a01b7535114619,timetabling/comp06.wcnf.xz,226.04,223.71,3600.0,3600.0,65.78,31.97,3600.0,3600.0,548.83,312.46,2123.84,3600.0,106.18
bd7a5a2ba07091279a45c26574681714,timetabling/comp07.wcnf.xz,3600.0,3600.0,3600.0,3600.0,3600.0,2753.76,3600.0,3600.0,1682.16,3600.0,3600.0,3600.0,3600.0
9ef80d5957873c6a5365fb31916a483c,timetabling/comp08.wcnf.xz,4.46,4.48,13.33,3600.0,12.99,2.01,56.76,66.42,6.53,67.08,14.46,69.4,3.73
60eb29f31cde680016fdbe676e1c7d4a,timetabling/comp09.wcnf.xz,3600.0,3600.0,3600.0,3600.0,3600.0,3600.0,3600.0,3600.0,3600.0,3600.0,2783.2,3600.0,3600.0
16ff3e04b17befaaba55e9d5a3149476,timetabling/comp10.wcnf.xz,118.05,117.16,557.03,3600.0,138.22,108.53,45.09,68.69,104.03,168.7,412.87,87.66,50.32
e435cd54ca71c981648d68ee08a027f0,timetabling/comp12.wcnf.xz,3600.0,3600.0,3600.0,3600.0,3600.0,3600.0,3600.0,3600.0,3600.0,3600.0,3600.0,3600.0,3600.0
701180562cf182c300be0e17603bf498,timetabling/comp13.wcnf.xz,10.91,10.9,88.23,3600.0,15.71,8.97,3149.91,1096.84,92.4,150.14,64.33,846.66,8.2
f44a9dd1813da9146aa9b3b7b91f9196,timetabling/comp14.wcnf.xz,9.72,9.72,26.98,3600.0,15.87,4.72,1371.16,261.32,25.47,102.23,21.0,324.34,4.96
d871fb15dcc14f69e8287646cebfce78,timetabling/comp16.wcnf.xz,17.01,16.97,21.23,3600.0,31.9,3.09,933.68,276.03,9.75,138.71,20.77,370.1,8.79
f0fbcabc029cb1624a4ffe2c6d8b3914,timetabling/comp17.wcnf.xz,231.19,232.38,3600.0,3600.0,227.05,129.43,3600.0,3600.0,1352.69,1048.6,2452.82,3600.0,161.05
46be167120b72a026eb14b41feda2142,timetabling/comp18.wcnf.xz,3600.0,3600.0,3600.0,3600.0,3600.0,3600.0,3600.0,3600.0,3600.0,3600.0,3600.0,3600.0,3600.0
06b8e615ccf14edeec7de4db3e91fe84,timetabling/comp19.wcnf.xz,623.12,616.75,33.19,3600.0,112.12,2263.83,3600.0,3600.0,33.13,3600.0,23.18,3600.0,121.14
d2a4c50e14df04f202f7fb76d5c7f13c,timetabling/comp20.wcnf.xz,711.88,715.69,3600.0,3600.0,211.22,83.39,1585.32,2281.53,792.54,459.53,3600.0,1505.85,223.45
7af24842dfb577e805381e4e75888407,timetabling/comp21.wcnf.xz,3600.0,3600.0,3600.0,3600.0,3600.0,3600.0,3600.0,3600.0,3600.0,3600.0,3600.0,3600.0,3600.0
0838b1db476b937daea04b35b16cfa53,timetabling/dds1.wcnf.xz,42.22,41.66,464.91,3600.0,45.87,22.65,3600.0,1981.64,227.97,855.0,725.94,1308.24,32.08
a052ae1d1cbf07510267b81974b94899,timetabling/dds4.wcnf.xz,3600.0,3600.0,3600.0,3600.0,3600.0,3600.0,3600.0,3600.0,3600.0,3600.0,3600.0,3600.0,3600.0
637f547dbe68822a3573cf8c966e276c,timetabling/test2.wcnf.xz,44.24,44.03,3600.0,3600.0,39.52,41.54,165.97,98.69,160.6,84.31,1074.47,82.19,55.42
9de195fd532b5f3b59148dd5bc1cc4b1,timetabling/test4.wcnf.xz,3600.0,3600.0,3600.0,3600.0,3600.0,3600.0,3600.0,3600.0,3600.0,3600.0,3600.0,3600.0,3600.0
892c84ffee0fd88576ac1958b792889b,warehouses/cap101.wcsp.wcnf.xz,12.6,12.62,3600.0,0.08,3600.0,3600.0,0.64,0.15,1684.49,3600.0,1797.24,0.07,3600.0
f12650c147656ae5dbd2d7446f7de308,warehouses/cap102.wcsp.wcnf.xz,3600.0,3600.0,3600.0,0.08,3600.0,3600.0,0.64,0.15,3600.0,3600.0,3600.0,0.07,3600.0
babb10a91114400b785a87b1a55d60cc,warehouses/cap111.wcsp.wcnf.xz,3600.0,3600.0,3600.0,0.16,3600.0,3600.0,2.26,1.45,3600.0,3600.0,3600.0,0.13,3600.0
d17aff68faaabd81271dd6945dd37c79,warehouses/cap112.wcsp.wcnf.xz,3600.0,3600.0,3600.0,0.15,3600.0,3600.0,2.25,1.45,3600.0,3600.0,3600.0,0.14,3600.0
babb10a91114400b785a87b1a55d60cc,warehouses/cap121.wcsp.wcnf.xz,3600.0,3600.0,3600.0,0.15,3600.0,3600.0,2.26,1.45,3600.0,3600.0,3600.0,0.13,3600.0
d17aff68faaabd81271dd6945dd37c79,warehouses/cap122.wcsp.wcnf.xz,3600.0,3600.0,3600.0,0.16,3600.0,3600.0,2.24,1.45,3600.0,3600.0,3600.0,0.13,3600.0
babb10a91114400b785a87b1a55d60cc,warehouses/cap131.wcsp.wcnf.xz,3600.0,3600.0,3600.0,0.16,3600.0,3600.0,2.25,1.45,3600.0,3600.0,3600.0,0.13,3600.0
d17aff68faaabd81271dd6945dd37c79,warehouses/cap132.wcsp.wcnf.xz,3600.0,3600.0,3600.0,0.16,3600.0,3600.0,2.24,1.45,3600.0,3600.0,3600.0,0.14,3600.0
1886a56531a3f88b26c15f38d92618e3,warehouses/cap61.wcsp.wcnf.xz,0.33,0.32,3600.0,0.06,3600.0,3140.91,0.32,0.07,28.73,30.57,45.17,0.04,0.29
c9534ba465ae742fe74c5c94c39318a6,warehouses/cap62.wcsp.wcnf.xz,5.94,5.81,3600.0,0.06,3600.0,3600.0,0.32,0.07,75.89,3600.0,96.9,0.04,112.65
1886a56531a3f88b26c15f38d92618e3,warehouses/cap71.wcsp.wcnf.xz,0.32,0.32,3600.0,0.06,3600.0,3163.25,0.32,0.07,27.93,30.72,44.71,0.04,0.29
c9534ba465ae742fe74c5c94c39318a6,warehouses/cap72.wcsp.wcnf.xz,5.88,5.72,3600.0,0.06,3600.0,3600.0,0.32,0.07,80.74,3600.0,95.58,0.04,112.58
892c84ffee0fd88576ac1958b792889b,warehouses/cap81.wcsp.wcnf.xz,12.49,12.51,3600.0,0.08,3600.0,3600.0,0.64,0.15,1700.8,3600.0,1783.31,0.07,3600.0
f12650c147656ae5dbd2d7446f7de308,warehouses/cap82.wcsp.wcnf.xz,3600.0,3600.0,3600.0,0.08,3600.0,3600.0,0.63,0.15,3600.0,3600.0,3600.0,0.07,3600.0
892c84ffee0fd88576ac1958b792889b,warehouses/cap91.wcsp.wcnf.xz,12.61,12.46,3600.0,0.08,3600.0,3600.0,0.64,0.15,1710.48,3600.0,1791.56,0.07,3600.0
f12650c147656ae5dbd2d7446f7de308,warehouses/cap92.wcsp.wcnf.xz,3600.0,3600.0,3600.0,0.08,3600.0,3600.0,0.63,0.15,3600.0,3600.0,3600.0,0.07,3600.0
782e8c8c5112a96ef3006841b6345409,warehouses/warehouse0.wcsp.wcnf.xz,0.01,0.91,0.14,0.01,0.0,0.01,0.01,0.01,0.04,0.08,0.03,0.01,0.0
98f16f7abdc2024a77243845a9493400,warehouses/warehouse1.wcsp.wcnf.xz,93.82,93.74,3600.0,0.03,15.15,42.95,0.1,0.04,3.54,3600.0,4.42,0.03,141.67
788f86f1c1e1ff507f84fb004f92f224,BTBNSL/Rounded_BTWBNSL_AbaloneTWBound_4.wcnf.xz,3600.0,3600.0,3600.0,3600.0,3600.0,3600.0,3600.0,1637.55,3600.0,3600.0,3600.0,1524.07,3600.0
22a6e529de030b0300959b42433cfd62,BTBNSL/Rounded_BTWBNSL_Abalone_TWBound_3.wcnf.xz,3600.0,3600.0,3600.0,3600.0,3600.0,3600.0,3600.0,594.84,3600.0,3600.0,3600.0,613.42,3600.0
7ddd25e7ac77fdfa2479621e116beec1,BTBNSL/Rounded_BTWBNSL_Flag.BIC_TWBound_3.wcnf.xz,3600.0,3600.0,3600.0,3600.0,3600.0,3600.0,3600.0,2502.11,3600.0,3600.0,3600.0,2161.39,3600.0
19f6fe588a49959692e178dd496746fd,BTBNSL/Rounded_BTWBNSL_Flag.BIC_TWBound_4.wcnf.xz,3600.0,3600.0,3600.0,3600.0,3600.0,3600.0,3600.0,2652.05,3600.0,3600.0,3600.0,2844.14,3600.0
b5c8559b2b2f35ecf9372eef4b6aed71,BTBNSL/Rounded_BTWBNSL_Heart.BIC_TWBound_3.wcnf.xz,3600.0,3600.0,3600.0,3600.0,3600.0,3600.0,3600.0,127.92,3600.0,3600.0,3600.0,163.83,3600.0
780b572ab0e3a7204189f4d455c520de,BTBNSL/Rounded_BTWBNSL_Heart.BIC_TWBound_4.wcnf.xz,3600.0,3600.0,3600.0,3600.0,3600.0,3600.0,3600.0,89.64,3600.0,3600.0,3600.0,129.92,3600.0
c37cd856c69e8b1ae9979b0285aea35e,BTBNSL/Rounded_BTWBNSL_Horse.BIC_TWBound_3.wcnf.xz,3600.0,3600.0,3600.0,3600.0,3600.0,3600.0,3600.0,508.21,3600.0,3600.0,3600.0,449.29,3600.0
ddd4d222ed1f50940505168809ef2eaf,BTBNSL/Rounded_BTWBNSL_Horse.BIC_TWBound_4.wcnf.xz,3600.0,3600.0,3600.0,3600.0,3600.0,3600.0,3600.0,275.12,3600.0,3600.0,3600.0,455.73,3600.0
b508d50132165bc18a8b2ad06fc23816,BTBNSL/Rounded_BTWBNSL_Housing_TWBound_3.wcnf.xz,3600.0,3600.0,3600.0,3600.0,3600.0,3600.0,3600.0,3600.0,3600.0,3600.0,3600.0,3600.0,3600.0
04a0127d98199d62b3604b9d323e561c,BTBNSL/Rounded_BTWBNSL_Housing_TWBound_4.wcnf.xz,3600.0,3600.0,3600.0,3600.0,3600.0,3600.0,3600.0,3600.0,3600.0,3600.0,3600.0,3600.0,3600.0
4fa57a996cb097c98a969a43ee1cea0e,BTBNSL/Rounded_BTWBNSL_Voting_TWBound_3.wcnf.xz,3600.0,3600.0,3600.0,3600.0,3600.0,3600.0,3600.0,3600.0,3600.0,3600.0,3600.0,3600.0,3600.0
b9cababe2185e90aca4f74219bbbf180,BTBNSL/Rounded_BTWBNSL_Voting_TWBound_4.wcnf.xz,3600.0,3600.0,3600.0,3600.0,3600.0,3600.0,3600.0,3600.0,3600.0,3600.0,3600.0,3600.0,3600.0
4af3fc3687bb22fbddc7142952f088a6,BTBNSL/Rounded_BTWBNSL_Water_1000_1_2.scores_TWBound_3.wcnf.xz,3600.0,3600.0,3600.0,3600.0,3600.0,3600.0,3600.0,241.45,339.03,3600.0,468.71,265.37,3600.0
b288319ad020d45a817ae9140816d6a1,BTBNSL/Rounded_BTWBNSL_Water_1000_1_2.scores_TWBound_4.wcnf.xz,3600.0,3600.0,3600.0,3600.0,3600.0,3600.0,3600.0,273.2,407.54,3600.0,333.92,354.65,3600.0
37608ca7d951057f4dcbb46966986a2e,BTBNSL/Rounded_BTWBNSL_Wine_TWBound_4.wcnf.xz,3600.0,3600.0,3600.0,3600.0,3600.0,3600.0,1426.52,67.21,561.42,3600.0,477.81,136.07,3600.0
c6fddd907a439d8fb8bd435908ba9e8e,BTBNSL/Rounded_BTWBNSL_Zoo_TWBound_3.wcnf.xz,3600.0,3600.0,3600.0,3600.0,161.41,47.98,3600.0,34.29,4.56,3600.0,4.66,28.19,3600.0
906ec5b4d896a68cd2ca99fcf1c03a3f,BTBNSL/Rounded_BTWBNSL_adult15N_TWBound_3.wcnf.xz,3600.0,3600.0,3600.0,3600.0,3600.0,3600.0,3600.0,998.53,3600.0,3600.0,3600.0,925.84,3600.0
e8d2a9987e8ff9942f691a24d416105a,BTBNSL/Rounded_BTWBNSL_adult15N_TWBound_4.wcnf.xz,3600.0,3600.0,3600.0,3600.0,3600.0,3600.0,3600.0,617.77,3600.0,3600.0,3600.0,994.71,3600.0
72317f16454273a0c1f32b9541f89194,BTBNSL/Rounded_BTWBNSL_alarm_100_1_3.scores_TWBound_3.wcnf.xz,3600.0,3600.0,3600.0,3600.0,3600.0,3600.0,3600.0,3600.0,3600.0,3600.0,3600.0,3600.0,3600.0
3e71614d6e601b44437710df520b674f,BTBNSL/Rounded_BTWBNSL_alarm_100_1_3.scores_TWBound_4.wcnf.xz,3600.0,3600.0,3600.0,3600.0,3600.0,3600.0,3600.0,3600.0,3600.0,3600.0,3600.0,3600.0,3600.0
e924d981728de583d29d4d5eda80579c,BTBNSL/Rounded_BTWBNSL_asia_10000_1_3.scores_TWBound_4.wcnf.xz,3600.0,3600.0,3600.0,494.35,104.5,3600.0,4.57,1.65,8.88,3600.0,7.4,1.81,3600.0
f4b968bdfbb0b1449307eba526a0cd77,BTBNSL/Rounded_BTWBNSL_asia_1000_1_3.scores_TWBound_3.wcnf.xz,38.5,38.98,3600.0,208.81,3.04,62.19,0.94,0.65,2.29,3600.0,2.63,0.73,43.69
c79295cda29c1dd20d4c979107f3d2ca,BTBNSL/Rounded_BTWBNSL_asia_1000_1_3.scores_TWBound_4.wcnf.xz,317.75,323.43,3600.0,283.09,2.73,77.99,1.24,0.59,2.35,3600.0,1.97,0.79,30.6
b8547b888b98bdf2ca74f5b55052dfa9,BTBNSL/Rounded_BTWBNSL_asia_100_1_3.scores_TWBound_3.wcnf.xz,0.03,0.03,229.18,4.03,0.02,0.04,0.07,6.53,0.18,0.57,0.21,13.83,0.03
1f6ead6b9aeadd1213f746fd093e035f,BTBNSL/Rounded_BTWBNSL_asia_100_1_3.scores_TWBound_4.wcnf.xz,0.03,0.03,239.33,8.77,0.02,0.04,0.07,10.09,0.19,19.03,0.19,14.45,3600.0
0c0a29fa0592bda0bdc60af531d271ae,BTBNSL/Rounded_BTWBNSL_hailfinder_10000_1_3.scores_TWBound_3.wcnf.xz,3600.0,3600.0,3600.0,3600.0,3600.0,3600.0,3600.0,3600.0,3600.0,3600.0,3600.0,3600.0,3600.0
a8f2daae616987d2129b273f32e8128e,BTBNSL/Rounded_BTWBNSL_hailfinder_10000_1_3.scores_TWBound_4.wcnf.xz,3600.0,3600.0,3600.0,3600.0,3600.0,3600.0,3600.0,3600.0,3600.0,3600.0,3600.0,3600.0,3600.0
e64772b2c607a633ca1ab7b6ba4dc648,BTBNSL/Rounded_BTWBNSL_hailfinder_1000_1_3.scores_TWBound_3.wcnf.xz,3600.0,3600.0,3600.0,3600.0,3600.0,3600.0,3600.0,3600.0,3600.0,3600.0,3600.0,3600.0,3600.0
df8695b71c7c5fa0103bc96a7266ac68,BTBNSL/Rounded_BTWBNSL_hailfinder_1000_1_3.scores_TWBound_4.wcnf.xz,3600.0,3600.0,3600.0,3600.0,3600.0,3600.0,3600.0,3600.0,3077.21,3600.0,3349.29,3600.0,3600.0
35a64ecdbceeb21432983b5865ea408c,BTBNSL/Rounded_BTWBNSL_hailfinder_100_1_3.scores_TWBound_3.wcnf.xz,56.72,57.52,3600.0,3600.0,13.84,147.44,24.09,25.69,19.62,3600.0,19.36,24.05,147.48
edf764cbd2546441238943fc22f37bef,BTBNSL/Rounded_BTWBNSL_hailfinder_100_1_3.scores_TWBound_4.wcnf.xz,151.0,209.68,3600.0,3600.0,15.1,124.13,24.52,22.77,18.45,2440.93,17.74,27.81,128.36
8d432e52a94c23183af3dc8390077cdc,BTBNSL/Rounded_BTWBNSL_insurance_1000_1_3.scores_TWBound_3.wcnf.xz,3600.0,3600.0,3600.0,3600.0,3600.0,3600.0,3600.0,747.78,3244.27,3600.0,3209.52,868.48,3600.0
d26c31141ecd7d50a6b542582ec1b539,BTBNSL/Rounded_BTWBNSL_insurance_1000_1_3.scores_TWBound_4.wcnf.xz,3600.0,3600.0,3600.0,3600.0,3600.0,3600.0,3600.0,616.94,3600.0,3600.0,3600.0,697.84,3600.0
78b5b92b4e2c9bb356a9a20b2f59399b,BTBNSL/Rounded_BTWBNSL_insurance_100_1_3.scores_TWBound_3.wcnf.xz,3600.0,3600.0,3600.0,3600.0,3600.0,3600.0,3600.0,1265.27,313.66,3600.0,271.17,751.16,3600.0
014e3ff106e4304553aabccf5d4ffad1,BTBNSL/Rounded_BTWBNSL_insurance_100_1_3.scores_TWBound_4.wcnf.xz,3600.0,3600.0,3600.0,3600.0,863.11,190.85,1311.66,101.43,34.25,3600.0,32.53,101.8,3600.0
a92ada2ee45c6b56af7bb743b20c40a1,causal-discovery/causal_Adult_6_30162.wcnf.xz,3600.0,3600.0,3600.0,3600.0,31.56,3600.0,145.05,21.84,36.5,3600.0,48.94,28.77,3600.0
d8fb078600eabeb25f9d2b584c40721a,causal-discovery/causal_Alarm_7_1000.wcnf.xz,3600.0,3600.0,3600.0,3600.0,1598.21,3600.0,1077.29,358.03,2614.2,3600.0,1066.61,283.48,3600.0
4092d332781d0ada9223479eacde1409,causal-discovery/causal_Autos_8_159.wcnf.xz,3600.0,3600.0,3600.0,3600.0,3600.0,3600.0,3600.0,3600.0,3600.0,3600.0,3600.0,3600.0,3600.0
14e87c9348f754a4f30aabbedf68a574,causal-discovery/causal_Bands_6_277.wcnf.xz,3600.0,3600.0,3600.0,3600.0,280.98,3600.0,385.25,102.46,174.67,3600.0,243.95,107.57,3600.0
d950e6880d0b3cc39ff01566e2e46838,causal-discovery/causal_Epigenetics_7_72228.wcnf.xz,3600.0,3600.0,3600.0,3600.0,122.19,3600.0,74.38,63.83,210.86,3600.0,146.65,77.29,3600.0
7e92fb4fdb60648330cf4b116a3263ef,causal-discovery/causal_Flag_10_194.wcnf.xz,1698.33,1762.02,3600.0,3600.0,2617.43,1258.84,3600.0,3600.0,3600.0,3600.0,3600.0,3600.0,1090.01
95ad4eacfe84ba732ca9079cb702e8ca,causal-discovery/causal_Heart_10_212.wcnf.xz,1117.6,1309.53,3600.0,3600.0,2305.16,878.22,3600.0,3600.0,3079.42,3600.0,3335.33,3600.0,794.15
a64e931e7201c672e271582a99c59b04,causal-discovery/causal_Horse_9_300.wcnf.xz,61.64,67.13,3600.0,3600.0,414.19,387.76,3600.0,3600.0,908.34,1273.17,1846.02,3600.0,214.4
4515bfdc874f644ed81e05cdefc6f740,causal-discovery/causal_Image_7_2310.wcnf.xz,3600.0,3600.0,3600.0,3600.0,555.53,3600.0,3600.0,828.71,401.39,3600.0,541.01,925.79,3600.0
41aeaeb23a31b83c06dc74bc48bb523c,causal-discovery/causal_Imports_6_205.wcnf.xz,3600.0,3600.0,3600.0,3600.0,119.78,3600.0,144.02,93.49,233.17,3600.0,158.83,84.04,3600.0
fb205d98e896ca988c2abbc55d4d90cc,causal-discovery/causal_Letter_7_20000.wcnf.xz,3600.0,3600.0,3600.0,3600.0,1023.87,3600.0,3600.0,574.48,1628.43,3600.0,764.22,604.55,3600.0
bbfa812e89cecdb844b2608f8e2a54ae,causal-discovery/causal_Link_10_1000.wcnf.xz,225.51,228.02,3600.0,3600.0,3600.0,623.0,3600.0,3600.0,3600.0,2077.47,3187.96,3600.0,574.7
f673ca32dbcf097d0496443945d46a93,causal-discovery/causal_LungCancer_8_27.wcnf.xz,3600.0,3600.0,3600.0,3600.0,586.09,3600.0,910.54,409.52,2650.91,3600.0,1756.09,705.42,3600.0
335a7ae56e954944a708fa78fa6471ba,causal-discovery/causal_Mildew_6_100.wcnf.xz,3600.0,3600.0,3600.0,3600.0,74.92,3600.0,24.81,25.37,111.51,3600.0,125.21,22.43,3600.0
7ac312f397bce6cf6d60adf12ea6cef2,causal-discovery/causal_Mildew_8_1000.wcnf.xz,3600.0,3600.0,3600.0,3600.0,2741.5,3600.0,1801.89,435.32,2631.03,3600.0,3600.0,418.43,3600.0
9fe93a00f24e9af4c2b379bcdf5ed799,causal-discovery/causal_Mildew_9_10000.wcnf.xz,29.42,30.55,3600.0,3600.0,306.48,128.84,1006.61,3600.0,2040.65,422.7,889.15,3600.0,94.64
e364f204818d51cad7169c292724d2e2,causal-discovery/causal_Mushroom_7_1000.wcnf.xz,3600.0,3600.0,3600.0,3600.0,1163.64,3600.0,3600.0,423.09,544.04,3600.0,727.38,421.03,3600.0
ff4b39446e22fc970748e14c62ca0941,causal-discovery/causal_Parkinsons_6_195.wcnf.xz,3600.0,3600.0,3600.0,3600.0,16.08,1384.78,81.74,31.66,36.25,3600.0,38.76,41.07,1090.37
01867ce616494c946cf13cdbaf714329,causal-discovery/causal_Pigs_6_1000.wcnf.xz,3600.0,3600.0,3600.0,3600.0,1136.41,3600.0,2718.22,1193.39,773.2,3600.0,830.75,885.13,3600.0
f5bf60d600d8464bf332d3facc7bd413,causal-discovery/causal_Pigs_6_10000.wcnf.xz,3600.0,3600.0,3600.0,3600.0,131.02,3600.0,3135.98,3600.0,131.78,3600.0,152.2,3600.0,90.62
a7bfec4b7cb4211c60fa9c59a9f9d2c5,causal-discovery/causal_Sensors_7_5456.wcnf.xz,3600.0,3600.0,3600.0,3600.0,27.64,3600.0,240.94,56.05,116.49,3600.0,83.1,63.39,3600.0
e2f00de0e485b8c578e1415d089e7828,causal-discovery/causal_Spectf_10_267.wcnf.xz,109.03,107.56,3600.0,3600.0,1382.86,497.36,1735.93,3600.0,276.65,1298.88,289.24,3600.0,471.32
9895ed8949cbe11204152f3db5f66733,causal-discovery/causal_Statlog_7_752.wcnf.xz,3600.0,3600.0,3600.0,3600.0,1031.46,3600.0,1488.07,390.99,2419.0,3600.0,772.97,423.06,3600.0
bcc94b58c9b70d646b5c8052175ab431,causal-discovery/causal_SteelPlates_6_1941.wcnf.xz,45.79,44.69,3600.0,3600.0,16.09,52.82,32.85,19.71,32.81,3600.0,27.83,21.5,76.11
aed6e9e6ee8b35b075298d7288a624d0,causal-discovery/causal_Voting_7_435.wcnf.xz,3600.0,3600.0,3600.0,3600.0,97.21,3600.0,308.38,103.66,100.76,3600.0,64.97,101.71,3600.0
8d4b3b967dd9362d19bfe95dcaf35539,causal-discovery/causal_Water_10_1000.wcnf.xz,269.23,273.01,3600.0,3600.0,3600.0,781.32,3600.0,3600.0,3600.0,3600.0,3600.0,3600.0,747.64
5beb9de54b304880a86d17ea7bf208f2,causal-discovery/causal_Water_7_10000.wcnf.xz,3600.0,3600.0,3600.0,3600.0,82.09,3600.0,386.68,187.96,105.17,3600.0,186.77,201.21,3600.0
011a30b4b55c4239c7c71c9b98a49e28,causal-discovery/causal_Water_7_380.wcnf.xz,3600.0,3600.0,3600.0,3600.0,372.49,3600.0,184.31,118.81,650.27,3600.0,305.31,134.91,3600.0
9a51b5fa7e620f557a98ead5032bcd24,causal-discovery/causal_Wine_8_178.wcnf.xz,3600.0,3600.0,3600.0,3600.0,709.21,3600.0,275.72,165.23,623.98,3600.0,554.01,161.48,3600.0
faff294038c4d46dcb29f25e59db005e,causal-discovery/causal_asia_10_100.wcnf.xz,4.96,5.03,3600.0,3600.0,6.74,14.98,89.68,140.14,20.53,169.76,22.01,115.53,8.45
88f5c28d1b5169e6006974ef79c15be9,causal-discovery/causal_asia_8_10000.wcnf.xz,3600.0,3600.0,3600.0,3600.0,3600.0,3600.0,3600.0,3600.0,3600.0,3600.0,3600.0,3600.0,3600.0
e1b16b06bbce9e3a1907a29f78b45e88,causal-discovery/causal_carpo_8_1000.wcnf.xz,3600.0,3600.0,3600.0,3600.0,3600.0,3600.0,3600.0,3600.0,3600.0,3600.0,3600.0,3600.0,3600.0
83711ddf9361a4442be2e15ae8df664c,causal-discovery/causal_hailfinder_8_10000.wcnf.xz,1099.39,1316.48,3600.0,3600.0,901.43,3365.89,3600.0,3600.0,450.35,3600.0,557.67,3600.0,1321.08
aecae0135d92afd0fcd7ea7358a74b6b,causal-discovery/causal_insurance_8_10000.wcnf.xz,3600.0,3600.0,3600.0,3600.0,451.08,3600.0,1940.98,762.76,3149.13,3600.0,1682.74,734.3,3600.0
6be4fb2b959efcc30e8def677277e8c7,causal-discovery/causal_insurance_9_100.wcnf.xz,3600.0,3600.0,3600.0,3600.0,3600.0,3600.0,3600.0,3600.0,3600.0,3600.0,3600.0,3600.0,3600.0
15b24f4309d37ba8c741afe825d48817,correlation-clustering/Rounded_CorrelationClustering_Ecoli_BINARY_N240_D0.200.wcnf.xz,3600.0,3600.0,3600.0,3600.0,3600.0,3600.0,3600.0,3600.0,3600.0,3600.0,3600.0,3600.0,3600.0
adbbf4c9d5ceb26339fb9651d0433d49,correlation-clustering/Rounded_CorrelationClustering_Ecoli_BINARY_N260_D0.200.wcnf.xz,3600.0,3600.0,3600.0,3600.0,3600.0,3600.0,3600.0,3600.0,3600.0,3600.0,3600.0,3600.0,3600.0
e5546850fc1ed1f1fffaf32879072aa2,correlation-clustering/Rounded_CorrelationClustering_Ecoli_BINARY_N280_D0.200.wcnf.xz,3600.0,3600.0,3600.0,3600.0,3600.0,3600.0,3600.0,3600.0,3600.0,3600.0,3600.0,3600.0,3600.0
55fce4899d3acc21a0eabf21b98184fd,correlation-clustering/Rounded_CorrelationClustering_Ecoli_BINARY_N300_D0.200.wcnf.xz,3600.0,3600.0,3600.0,3600.0,3600.0,3600.0,3600.0,3600.0,3600.0,3600.0,3600.0,3600.0,3600.0
243c6067d0546a4f09210897f7ae5a10,correlation-clustering/Rounded_CorrelationClustering_Ionosphere_BINARY_N200_D0.200.wcnf.xz,3600.0,3600.0,3600.0,3600.0,3600.0,3600.0,309.29,1581.68,3600.0,3600.0,3600.0,1011.62,3600.0
61f451030c35d588056e7e4c2b7356ff,correlation-clustering/Rounded_CorrelationClustering_Ionosphere_BINARY_N220_D0.200.wcnf.xz,3600.0,3600.0,3600.0,3600.0,3600.0,3600.0,629.03,3600.0,3600.0,3600.0,3600.0,3600.0,3600.0
171be8881c2d05b9b9c1dd9963f6a558,correlation-clustering/Rounded_CorrelationClustering_Ionosphere_BINARY_N240_D0.200.wcnf.xz,3600.0,3600.0,3600.0,3600.0,3600.0,3600.0,575.66,3064.78,3600.0,3600.0,3600.0,3600.0,3600.0
a8921c4790ae0e37d348d1884123b47a,correlation-clustering/Rounded_CorrelationClustering_Ionosphere_BINARY_N260_D0.200.wcnf.xz,3600.0,3600.0,3600.0,3600.0,3600.0,3600.0,749.28,3600.0,3600.0,3600.0,3600.0,3600.0,3600.0
19aa76ad81cf5ea98ede53690836f46e,correlation-clustering/Rounded_CorrelationClustering_Ionosphere_BINARY_N280_D0.200.wcnf.xz,3600.0,3600.0,3600.0,3600.0,3600.0,3600.0,1193.28,3600.0,3600.0,3600.0,3600.0,3600.0,3600.0
9b6a035cb7ee49abd407c6f8193fe66a,correlation-clustering/Rounded_CorrelationClustering_Ionosphere_BINARY_N300_D0.200.wcnf.xz,3600.0,3600.0,3600.0,3600.0,3600.0,3600.0,1587.55,3600.0,3600.0,3600.0,3600.0,3600.0,3600.0
4244c2c99cadfe241b3c7b166d0d2346,correlation-clustering/Rounded_CorrelationClustering_Orl_BINARY_N200_D0.200.wcnf.xz,10.46,3600.0,3600.0,3600.0,14.9,2381.9,9.35,73.61,595.89,2228.29,1039.07,78.99,22.3
c9a12b6cc844fe78f22cdad2338f9fef,correlation-clustering/Rounded_CorrelationClustering_Orl_BINARY_N220_D0.200.wcnf.xz,10.33,3600.0,3600.0,3600.0,26.21,3600.0,16.89,95.8,1158.89,1356.82,3600.0,104.28,25.65
8af08f6da489c61079642ff05011e8f5,correlation-clustering/Rounded_CorrelationClustering_Orl_BINARY_N240_D0.200.wcnf.xz,14.9,3600.0,3600.0,3600.0,36.0,3600.0,17.45,117.02,2123.62,3600.0,2602.02,120.69,39.16
72be20712e5d3b6242bc05198cc32475,correlation-clustering/Rounded_CorrelationClustering_Orl_BINARY_N300_D0.200.wcnf.xz,71.04,79.51,3600.0,3600.0,101.23,3600.0,44.54,230.83,3600.0,3600.0,3600.0,250.7,155.27
2d4b17dbd6243c91f22cb13b8b0516eb,correlation-clustering/Rounded_CorrelationClustering_Orl_BINARY_N340_D0.200.wcnf.xz,140.21,194.46,3600.0,3600.0,200.54,1682.43,72.4,348.34,3600.0,796.8,3600.0,360.3,315.45
2ffd8981f87cd0dfc955c91552f85033,correlation-clustering/Rounded_CorrelationClustering_Protein2_BINARY_N300.wcnf.xz,3600.0,3600.0,3600.0,3600.0,3600.0,3600.0,218.21,506.34,3600.0,3600.0,3600.0,652.92,3600.0
3ccca0e6f0a513aab1f4e54a782c6496,correlation-clustering/Rounded_CorrelationClustering_Protein2_BINARY_N320.wcnf.xz,3600.0,3600.0,3600.0,3600.0,3600.0,3600.0,359.3,566.56,3600.0,3600.0,3600.0,586.96,3600.0
ab1e234d44c33a3cd6f787d4b13f0c28,correlation-clustering/Rounded_CorrelationClustering_Protein2_BINARY_N340.wcnf.xz,3600.0,3600.0,3600.0,3600.0,3600.0,3600.0,313.23,655.56,3600.0,3600.0,3600.0,643.24,3600.0
bf6a04da86a2a0ebe1d8c2fcfa048b2a,correlation-clustering/Rounded_CorrelationClustering_Protein2_BINARY_N360.wcnf.xz,3600.0,3600.0,3600.0,3600.0,3600.0,3600.0,520.74,917.92,3600.0,3600.0,3600.0,987.47,3600.0
9e2cc912c32cfef19389b276af579fe7,correlation-clustering/Rounded_CorrelationClustering_Protein3_BINARY_N300.wcnf.xz,3600.0,3600.0,3600.0,3600.0,3600.0,3600.0,145.17,230.74,3600.0,3600.0,3600.0,173.25,3600.0
0a65f5ba838d9dea01cc45af85c961af,correlation-clustering/Rounded_CorrelationClustering_Protein3_BINARY_N320.wcnf.xz,3600.0,3600.0,3600.0,3600.0,3600.0,3600.0,237.11,377.68,3600.0,3600.0,3600.0,294.57,3600.0
fb3a46b45d2829ce8bc12bf8681ae379,correlation-clustering/Rounded_CorrelationClustering_Protein3_BINARY_N340.wcnf.xz,3600.0,3600.0,3600.0,3600.0,3600.0,3600.0,267.38,341.57,3600.0,3600.0,3600.0,370.49,3600.0
4e1fd2b2333a05fea6afe54f5ba094d7,correlation-clustering/Rounded_CorrelationClustering_Protein3_BINARY_N380.wcnf.xz,3600.0,3600.0,3600.0,3600.0,3600.0,3600.0,479.24,725.58,3600.0,3600.0,3600.0,901.97,3600.0
249c752477b082cb19fb65bef1be8309,correlation-clustering/Rounded_CorrelationClustering_Protein4_BINARY_N200.wcnf.xz,3600.0,3600.0,3600.0,3600.0,3600.0,3600.0,17.48,26.58,3600.0,3600.0,3600.0,31.7,3600.0
c50729a5536dd1fced30aadb820b1d27,correlation-clustering/Rounded_CorrelationClustering_Protein4_BINARY_N220.wcnf.xz,3600.0,3600.0,3600.0,3600.0,3600.0,3600.0,24.24,49.04,3600.0,3600.0,3600.0,35.82,3600.0
833bb563feb8866b92e902a8cd35f8ed,correlation-clustering/Rounded_CorrelationClustering_Protein4_BINARY_N260.wcnf.xz,3600.0,3600.0,3600.0,3600.0,3600.0,3600.0,100.89,143.73,3600.0,3600.0,3600.0,214.36,3600.0
0cc4ca9d1da768c5ddf7d3675c9041e6,correlation-clustering/Rounded_CorrelationClustering_Protein4_BINARY_N280.wcnf.xz,3600.0,3600.0,3600.0,3600.0,3600.0,3600.0,247.14,318.5,3600.0,3600.0,3600.0,266.63,3600.0
d64420d035ac515a3bcb7dc11f724120,correlation-clustering/Rounded_CorrelationClustering_Protein4_BINARY_N300.wcnf.xz,3600.0,3600.0,3600.0,3600.0,3600.0,3600.0,366.89,314.65,3600.0,3600.0,3600.0,375.59,3600.0
ef039d87fa8995f50913d18833bcca12,correlation-clustering/Rounded_CorrelationClustering_Protein4_BINARY_N340.wcnf.xz,3600.0,3600.0,3600.0,3600.0,3600.0,3600.0,860.01,960.44,3600.0,3600.0,3600.0,711.23,3600.0
180edf6d00b40911ae9fb36c0f7ebfd7,correlation-clustering/Rounded_CorrelationClustering_Protein4_BINARY_N360.wcnf.xz,3600.0,3600.0,3600.0,3600.0,3600.0,3600.0,753.44,743.24,3600.0,3600.0,3600.0,787.32,3600.0
cbbac1eda938459e98a8b7d03fcfe741,correlation-clustering/Rounded_CorrelationClustering_Protein4_BINARY_N380.wcnf.xz,3600.0,3600.0,3600.0,3600.0,3600.0,3600.0,956.94,1793.62,3600.0,3600.0,3600.0,995.47,3600.0
b090ac6140df360c7e32e91df0e49111,correlation-clustering/Rounded_CorrelationClustering_Vowel_BINARY_N700_D0.200.wcnf.xz,3600.0,3600.0,3600.0,3600.0,3600.0,3600.0,3600.0,3600.0,3600.0,3600.0,3600.0,3600.0,3600.0
ef501af5ca08f9c0791647f9c67dbc61,correlation-clustering/Rounded_CorrelationClustering_Vowel_BINARY_N720_D0.200.wcnf.xz,3600.0,3600.0,3600.0,3600.0,3600.0,3600.0,3600.0,3600.0,3600.0,3600.0,3600.0,3600.0,3600.0
617bb0a67f87765c22fc6b96b34c15cd,correlation-clustering/Rounded_CorrelationClustering_Vowel_BINARY_N760_D0.200.wcnf.xz,3600.0,3600.0,3600.0,3600.0,3600.0,3600.0,3600.0,3600.0,3600.0,3600.0,3600.0,3600.0,3600.0
cf208672468ad29b854709a6750edca4,correlation-clustering/Rounded_CorrelationClustering_Vowel_BINARY_N800_D0.200.wcnf.xz,3600.0,3600.0,3600.0,3600.0,3600.0,3600.0,3600.0,3600.0,3600.0,3600.0,3600.0,3600.0,3600.0
b7ff548ea99260508a0faed6a43371d9,min-width/MinWidthCB_milan_200_12_1k_10s_1t_10.wcnf.xz,3600.0,3600.0,3600.0,3600.0,15.22,47.94,3600.0,3600.0,29.75,3600.0,27.97,3600.0,3600.0
581330e5a46e330a49cbdd5dcbdee457,min-width/MinWidthCB_milan_200_12_1k_10s_1t_12.wcnf.xz,3600.0,3600.0,3600.0,3600.0,3600.0,3600.0,3600.0,3600.0,505.28,3600.0,542.81,3600.0,3600.0
1039e957a0852b12fa471524785e600c,min-width/MinWidthCB_milan_200_12_1k_10s_2t_10.wcnf.xz,0.61,0.61,3600.0,3600.0,0.73,1.1,0.98,0.51,3.39,0.78,2.5,0.55,0.49
91039769e9ec33be9eef14a4b9e94afa,min-width/MinWidthCB_milan_200_12_1k_4s_1t_4.wcnf.xz,0.06,0.06,3600.0,2.48,0.08,0.1,0.34,0.19,0.52,0.34,0.62,0.21,0.05
dd65bb1059709abfceeb8e4bbc8f8fec,min-width/MinWidthCB_milan_200_12_1k_4s_2t_4.wcnf.xz,0.07,0.07,3600.0,1.79,0.07,0.08,0.14,0.08,0.54,0.3,0.4,0.1,0.03
3d933eaeb8271d64bb04c2c07fa0bd1c,min-width/MinWidthCB_mitdbsample_300_43_1k_15s_1t_15.wcnf.xz,3600.0,3600.0,3600.0,3600.0,3600.0,3600.0,3600.0,3600.0,3600.0,3600.0,3600.0,3600.0,3600.0
144d6b4fc1c93f7d13d8b28c288068d7,min-width/MinWidthCB_mitdbsample_300_43_1k_15s_2t_15.wcnf.xz,3600.0,3600.0,3600.0,3600.0,3600.0,3600.0,3600.0,3600.0,3600.0,3600.0,3600.0,3600.0,3600.0
f69a0805763b3b5a8872549a907ac635,min-width/MinWidthCB_mitdbsample_300_43_1k_3s_1t_3.wcnf.xz,3600.0,3600.0,3600.0,6.51,3600.0,3600.0,3600.0,3600.0,356.36,3600.0,374.33,3600.0,3600.0
4010aff91e857c2038c9065b34721553,min-width/MinWidthCB_mitdbsample_300_43_1k_3s_1t_5.wcnf.xz,3600.0,3600.0,3600.0,3600.0,3600.0,3600.0,3600.0,3600.0,3600.0,3600.0,3600.0,3600.0,3600.0
d116cf66d258be048b2b7014cdad8752,min-width/MinWidthCB_mitdbsample_300_43_1k_3s_2t_3.wcnf.xz,3600.0,3600.0,3600.0,112.81,3600.0,3600.0,3600.0,3600.0,435.66,3600.0,489.86,3600.0,3600.0
ea7ca793335faa9e984b1b8ccbdf01fc,min-width/MinWidthCB_mitdbsample_300_43_1k_3s_2t_5.wcnf.xz,3600.0,3600.0,3600.0,3600.0,3600.0,3600.0,3600.0,3600.0,3600.0,3600.0,3600.0,3600.0,3600.0
dd7311b9c47a5b50aba30b7ee808e07b,min-width/MinWidthCB_mitdbsample_300_43_1k_6s_1t_6.wcnf.xz,3600.0,3600.0,3600.0,3600.0,3600.0,3600.0,3600.0,3600.0,3600.0,3600.0,3600.0,3600.0,3600.0
c0d648fa8c5cc1633874aecc15080408,min-width/MinWidthCB_mitdbsample_300_43_1k_6s_2t_6.wcnf.xz,3600.0,3600.0,3600.0,3600.0,3600.0,3600.0,3600.0,3600.0,3600.0,3600.0,3600.0,3600.0,3600.0
2478bfc753b099f2ff177bcac6863b3c,min-width/MinWidthCB_mitdbsample_300_43_1k_6s_2t_8.wcnf.xz,3600.0,3600.0,3600.0,3600.0,3600.0,3600.0,3600.0,3600.0,3600.0,3600.0,3600.0,3600.0,3600.0
52d64d5017bbd6418b5c3de5096fd8b9,min-width/MinWidthCB_mitdbsample_300_64_1k_15s_1t_15.wcnf.xz,3600.0,3600.0,3600.0,3600.0,3600.0,3600.0,3600.0,3600.0,3600.0,3600.0,3600.0,3600.0,3600.0
367ecb8d6f0989f245bd764cbd940064,min-width/MinWidthCB_mitdbsample_300_64_1k_15s_1t_17.wcnf.xz,3600.0,3600.0,3600.0,3600.0,3600.0,3600.0,3600.0,3600.0,3600.0,3600.0,3600.0,3600.0,3600.0
9526c0a6261fecbe422397600a198e5a,min-width/MinWidthCB_mitdbsample_300_64_1k_15s_2t_15.wcnf.xz,3600.0,3600.0,3600.0,3600.0,3600.0,3600.0,3600.0,3600.0,3600.0,3600.0,3600.0,3600.0,3600.0
e11cb1e6b4516cb7c42e38b5f9ff5ce4,min-width/MinWidthCB_mitdbsample_300_64_1k_15s_2t_17.wcnf.xz,3600.0,3600.0,3600.0,3600.0,3600.0,3600.0,3600.0,3600.0,3600.0,3600.0,3600.0,3600.0,3600.0
4349d805544a2ff99e6eaee1c28dfe88,min-width/MinWidthCB_mitdbsample_300_64_1k_15s_3t_17.wcnf.xz,3600.0,3600.0,3600.0,3600.0,3600.0,3600.0,3600.0,3600.0,3600.0,3600.0,3600.0,3600.0,3600.0
30d0a8d5c2147d6f0d68c05f9be29774,min-width/MinWidthCB_mitdbsample_300_64_1k_3s_1t_5.wcnf.xz,3600.0,3600.0,3600.0,3600.0,3600.0,3600.0,3600.0,3600.0,2473.56,3600.0,2320.66,3600.0,3600.0
a9334b6d83c1c9d67919b10b507a70a9,min-width/MinWidthCB_mitdbsample_300_64_1k_3s_2t_5.wcnf.xz,3600.0,3600.0,3600.0,3600.0,3600.0,3600.0,3600.0,3600.0,3600.0,3600.0,3600.0,3600.0,3600.0
d93d1cddeff963cab5286b46ce50b3af,min-width/MinWidthCB_mitdbsample_300_64_1k_3s_3t_3.wcnf.xz,3600.0,3600.0,3600.0,41.47,3600.0,3600.0,3600.0,3600.0,3600.0,3600.0,3600.0,3600.0,3600.0
6731a8f383da59c9db7411abe4ffd697,min-width/MinWidthCB_mitdbsample_300_64_1k_3s_3t_5.wcnf.xz,3600.0,3600.0,3600.0,3600.0,3600.0,3600.0,3600.0,3600.0,3600.0,3600.0,3600.0,3600.0,3600.0
75dd3a4b1cf3610e019dd10d3cb64d74,min-width/MinWidthCB_mitdbsample_300_64_1k_6s_1t_8.wcnf.xz,3600.0,3600.0,3600.0,3600.0,3600.0,3600.0,3600.0,3600.0,3600.0,3600.0,3600.0,3600.0,3600.0
96ecd418d2d7fff953e9f8690887b881,min-width/MinWidthCB_mitdbsample_300_64_1k_6s_2t_6.wcnf.xz,3600.0,3600.0,3600.0,3600.0,3600.0,3600.0,3600.0,3600.0,3600.0,3600.0,3600.0,3600.0,3600.0
e28b6540e1bc051a92be438cd16dcedb,min-width/MinWidthCB_mitdbsample_300_64_1k_6s_3t_6.wcnf.xz,3600.0,3600.0,3600.0,3600.0,3600.0,3600.0,3600.0,3600.0,3600.0,3600.0,3600.0,3600.0,3600.0
ce4210448f81151e94dd0c31be619bf3,min-width/MinWidthCB_mitdbsample_300_64_1k_6s_3t_8.wcnf.xz,3600.0,3600.0,3600.0,3600.0,3600.0,3600.0,3600.0,3600.0,3600.0,3600.0,3600.0,3600.0,3600.0
2f7aa14199c3959039c67ecb1eab5c15,min-width/MinWidthCB_power_1000_24_1k_10s_1t_12.wcnf.xz,3600.0,3600.0,3600.0,3600.0,3600.0,3600.0,3600.0,3600.0,3600.0,3600.0,3600.0,3600.0,3600.0
5d0e1ab31cb6de1f56613e1efe7718ba,min-width/MinWidthCB_power_1000_24_1k_20s_1t_20.wcnf.xz,3600.0,3600.0,3600.0,3600.0,3600.0,3600.0,3600.0,3600.0,3600.0,3600.0,3600.0,3600.0,3600.0
ebc8bf3021f62b69fe935c2037f9fac8,min-width/MinWidthCB_power_1000_24_1k_20s_2t_20.wcnf.xz,3600.0,3600.0,3600.0,3600.0,3600.0,3600.0,3600.0,3600.0,3600.0,3600.0,3600.0,3600.0,3600.0
fb85a9b2e2b1fa7abde9b00c73b0f8ea,min-width/MinWidthCB_power_1000_24_1k_20s_2t_22.wcnf.xz,3600.0,3600.0,3600.0,3600.0,3600.0,3600.0,3600.0,3600.0,3600.0,3600.0,3600.0,3600.0,3600.0
e01a070bcde686aa5f865aa151636c47,min-width/MinWidthCB_power_1000_24_1k_50s_1t_50.wcnf.xz,3600.0,3600.0,3600.0,3600.0,3600.0,3600.0,3600.0,3600.0,3600.0,3600.0,3600.0,3600.0,3600.0
f4ede81958b17dd3d3d8bff5c8685a32,min-width/MinWidthCB_power_1000_24_1k_50s_1t_52.wcnf.xz,3600.0,3600.0,3600.0,3600.0,3600.0,3600.0,3600.0,3600.0,3600.0,3600.0,3600.0,3600.0,3600.0
58b3e0c41946c03d17b727fad5871d7c,min-width/MinWidthCB_power_1000_24_1k_50s_2t_50.wcnf.xz,3600.0,3600.0,3600.0,3600.0,3600.0,3600.0,3600.0,3600.0,3600.0,3600.0,3600.0,3600.0,3600.0
a7cd7dd9afc312344342672973bb20b7,min-width/MinWidthCB_power_1000_24_1k_50s_2t_52.wcnf.xz,3600.0,3600.0,3600.0,3600.0,3600.0,3600.0,3600.0,3600.0,3600.0,3600.0,3600.0,3600.0,3600.0
785b8ca328e9bb071a5c9ebd31c60b5d,relational-inference/ar-1.wcnf.xz,4.17,4.44,3600.0,2.48,50.42,3600.0,85.44,2.75,3600.0,82.03,3600.0,3.11,9.93
904f32d315ae7de10e3e9b9b0c1159f2,relational-inference/ar-2.wcnf.xz,3600.0,3600.0,3600.0,18.77,3600.0,3600.0,555.38,102.86,3600.0,2259.21,3600.0,121.27,3600.0
dd0b0480ef3f988ef4c941035c98e63e,relational-inference/ar-3.wcnf.xz,0.74,0.71,3600.0,1.0,76.93,42.37,1.7,0.9,3600.0,60.78,3600.0,0.95,19.24
0f1c52389db20638ea273317523fa709,relational-inference/pa-1.wcnf.xz,30.18,30.2,3600.0,3600.0,163.87,28.49,757.39,221.02,3600.0,2372.09,3600.0,223.12,22.99
fcfeb7a452588be4899f26214fa8e23e,relational-inference/pa-2.wcnf.xz,2089.84,2088.33,3600.0,3600.0,1816.12,379.85,3600.0,531.06,3600.0,3600.0,3600.0,833.8,295.97
8d50d71fc2445bbed796b9a48dfd72fa,relational-inference/pa-3.wcnf.xz,1124.81,1124.35,3600.0,3600.0,2365.67,601.53,3600.0,3600.0,3600.0,3600.0,3600.0,3467.02,359.32
ea49ec4c183e647851408976bea44146,relational-inference/rc-1.wcnf.xz,19.13,19.01,3600.0,17.37,453.16,132.62,10.96,1.67,3600.0,531.72,3600.0,1.42,112.78
bf916f1f3d6a25890392025b7d961299,relational-inference/rc-2.wcnf.xz,18.05,18.18,3600.0,17.28,491.5,132.68,11.0,1.7,3600.0,531.74,3600.0,1.62,110.13
8196f734cfc1d9b20fd8d66250dbfcfd,abstraction-refinement/downcast-antlr.wcnf.xz,786.43,786.38,3600.0,3600.0,801.73,300.7,2436.49,926.93,3600.0,3600.0,3600.0,1127.52,275.31
f5fd19c23123f0fc6a6cf1761857f6c9,abstraction-refinement/downcast-avrora.wcnf.xz,2104.81,2097.3,3600.0,3600.0,350.7,88.29,3600.0,549.8,3600.0,1615.09,3600.0,594.53,59.56
66774e068193921877f8a93f9a2d8898,abstraction-refinement/downcast-hsqldb.wcnf.xz,3600.0,3600.0,2322.69,3600.0,682.23,239.81,3600.0,1886.22,2186.88,3600.0,2346.55,2602.78,264.89
e1547aa230a63ccb1daa4b5965ae4d56,abstraction-refinement/downcast-pmd.wcnf.xz,3564.35,3564.37,3600.0,3600.0,866.7,122.49,3600.0,1288.15,3600.0,3600.0,3600.0,1938.63,312.97
b1dd4ee6e5b74c18a2f0cc4162f8e2c8,abstraction-refinement/downcast-xalan.wcnf.xz,849.1,850.3,3600.0,3600.0,601.64,175.55,2114.29,671.82,3600.0,3600.0,3600.0,693.01,96.44
d8bb463adb0c353c7847c10e95e0f420,abstraction-refinement/polysite-avrora.wcnf.xz,328.17,329.26,3600.0,3600.0,259.79,101.53,1253.31,672.37,2042.2,1957.84,2660.79,1025.51,111.56
3af7aabfe4b7c5d7a48d8ea44f6fab68,abstraction-refinement/polysite-bloat.wcnf.xz,3600.0,3600.0,3600.0,3600.0,1220.13,168.03,3600.0,3361.7,3600.0,3600.0,3600.0,3600.0,501.37
5336f6907d534868103be83673bcd912,abstraction-refinement/polysite-hsqldb.wcnf.xz,2562.51,2562.81,1276.04,3600.0,1369.16,154.29,3600.0,1147.55,1229.48,3600.0,1293.22,1552.62,122.0
8d1dee34d8af87b9467f950d6852277b,abstraction-refinement/polysite-lusearch.wcnf.xz,224.9,225.07,3600.0,3600.0,294.37,19.97,554.26,425.34,3600.0,2284.68,3600.0,409.87,43.25
67cf2d223a65ca171740b40c2dab1511,abstraction-refinement/polysite-pmd.wcnf.xz,2234.44,2230.6,3600.0,3600.0,1049.48,192.7,3311.03,1104.88,3600.0,3600.0,3600.0,1464.2,232.66
6793f4fbcc2f6a236b32663d633f4c6d,abstraction-refinement/polysite-xalan.wcnf.xz,3600.0,3600.0,3600.0,3600.0,2258.13,3600.0,3600.0,1570.54,3600.0,3600.0,3600.0,1684.95,3600.0
d79e2e0e200066bf6e8a6154cc99b0e0,frb/frb10-6-1.wcnf.xz,0.04,0.04,0.01,0.05,0.01,0.1,0.06,0.01,4.24,0.97,0.01,0.01,0.01
19e6346cc2b0a949f07b62c1fcc6b83b,frb/frb10-6-2.wcnf.xz,0.05,0.05,0.01,0.06,0.01,0.03,0.08,0.02,4.24,0.64,0.01,0.02,0.0
ec87cc470307a2728399904c16596f27,frb/frb10-6-3.wcnf.xz,0.05,0.05,0.01,0.07,0.01,0.06,0.08,0.02,3.27,0.81,0.01,0.02,0.01
d4a38e821299b9075cd64c21a9d1e6a9,frb/frb10-6-4.wcnf.xz,0.04,0.04,0.01,0.06,0.01,0.06,0.07,0.02,3.37,0.77,0.01,0.02,0.01
e092a130051ae337def7eb3ca8a9bc30,frb/frb15-9-1.wcnf.xz,2.31,2.28,0.06,0.43,0.31,144.63,0.54,0.14,1.63,2421.27,0.06,0.16,0.18
3d8f64784e4e772d2ff2226585387762,frb/frb15-9-2.wcnf.xz,1.49,1.51,0.07,0.74,3.9,417.04,0.44,0.1,1.79,3600.0,0.07,0.15,0.19
287e43071e8cf5070a23a7aa88cc2d09,frb/frb15-9-3.wcnf.xz,1.07,1.08,0.08,0.29,1.27,58.8,0.68,0.17,1.54,3600.0,0.07,0.19,1.55
1757d1cd2251cb120fa3e269fa779c37,frb/frb15-9-4.wcnf.xz,7.03,7.03,0.09,0.9,0.78,123.44,0.54,0.18,1.15,3600.0,0.05,0.15,0.09
8d82b423ef1ee9d046d3b3cbe1defd12,frb/frb15-9-5.wcnf.xz,2.49,2.45,0.09,0.37,0.68,217.37,2.35,0.02,1.07,3600.0,0.07,0.04,0.18
5165ad4e1f485661eb231bcff1b97a78,frb/frb20-11-1.wcnf.xz,675.72,679.35,0.17,2.53,23.26,3600.0,10.43,0.05,26.89,3600.0,0.13,0.12,5.85
9c90e68e486e8867f821d55955a5570f,frb/frb20-11-2.wcnf.xz,3122.75,3122.32,0.24,12.18,79.87,3600.0,1.95,0.11,13.17,3600.0,0.12,0.18,137.56
f1d208e046069fb93c3f3c79f322c459,frb/frb20-11-3.wcnf.xz,205.63,206.6,0.3,16.03,15.37,3600.0,4.96,0.63,48.37,3600.0,0.21,0.5,154.65
87f22a7af6d1af9295c6d084d52a4ffd,frb/frb20-11-4.wcnf.xz,561.84,568.95,0.17,17.31,13.82,3600.0,9.28,0.98,27.44,3600.0,0.15,0.58,5.89
bf90a020e7c621c04804534b982cfac8,frb/frb20-11-5.wcnf.xz,285.2,289.14,0.19,8.3,19.38,3600.0,3.45,0.21,11.44,3600.0,0.21,0.35,528.56
55f50b9908a39aa99b2c5522e8c9e54d,frb/frb25-13-1.wcnf.xz,3600.0,3600.0,1.19,152.99,3600.0,3600.0,471.14,0.23,60.2,3600.0,3.02,0.21,231.09
26a2177c107e895ae6fb3e1df3fb44bb,frb/frb25-13-2.wcnf.xz,3600.0,3600.0,0.78,255.07,3600.0,3600.0,151.59,0.1,49.76,3600.0,0.94,1.41,3600.0
49b506eb6facc91f1b3fbe8d9a0afccf,frb/frb25-13-3.wcnf.xz,3600.0,3600.0,1.13,629.03,339.68,3600.0,22.86,0.2,51.34,3600.0,1.57,0.17,449.96
824b278c9f8d2b995c72b8345ab457fc,frb/frb25-13-4.wcnf.xz,3600.0,3600.0,0.7,1046.58,3600.0,3600.0,37.65,0.35,30.17,3600.0,1.26,1.33,1952.91
b5c413ccb06b89486f881e6a315b519b,frb/frb25-13-5.wcnf.xz,3600.0,3600.0,2.56,152.36,3600.0,3600.0,57.0,19.17,27.51,3600.0,1.21,7.76,3600.0
a5fe876ac0c4c2dc71cef8020c7b27ec,frb/frb30-15-1.wcnf.xz,3600.0,3600.0,4.8,3600.0,3600.0,3600.0,1669.32,15.78,146.21,3600.0,4.49,228.2,3600.0
d6a2d2a9e770592455b6eae84087adbb,frb/frb30-15-2.wcnf.xz,3600.0,3600.0,6.79,3600.0,3600.0,3600.0,3203.22,0.84,215.67,3600.0,2.65,0.8,3600.0
bd9f49654d64f72a326142ec3645445d,frb/frb30-15-3.wcnf.xz,3600.0,3600.0,5.76,3600.0,3600.0,3600.0,3007.48,0.54,146.53,3600.0,3.42,0.8,3600.0
f18dd17fea25d13db0e7f70116109148,frb/frb30-15-4.wcnf.xz,3600.0,3600.0,5.16,2586.36,3600.0,3600.0,847.91,11.51,173.55,3600.0,4.19,19.03,3600.0
0e95e6993460ca4c4056e46635efd541,frb/frb30-15-5.wcnf.xz,3600.0,3600.0,4.22,3511.87,3600.0,3600.0,260.98,0.27,202.58,3600.0,4.65,0.22,3600.0
43c1973119675bedbb40171e1a5c1d3e,frb/frb35-17-1.wcnf.xz,3600.0,3600.0,13.64,3600.0,3600.0,3600.0,3600.0,4.72,753.71,3600.0,28.27,4.93,3600.0
f4776df3bb1f9ec3a78537cf07c93c43,frb/frb35-17-2.wcnf.xz,3600.0,3600.0,77.51,3600.0,3600.0,3600.0,3600.0,69.81,1807.09,3600.0,26.98,72.25,3600.0
5228befbc2606466e431ead441f00ac2,frb/frb35-17-3.wcnf.xz,3600.0,3600.0,5.85,3600.0,3600.0,3600.0,3600.0,634.23,348.49,3600.0,10.56,765.17,3600.0
c6fae7559f97452d534767d3c58d1386,frb/frb35-17-4.wcnf.xz,3600.0,3600.0,10.86,3600.0,3600.0,3600.0,3600.0,4.49,1372.42,3600.0,13.07,12.49,3600.0
30079d67972554a3c357f00694c3c10a,frb/frb35-17-5.wcnf.xz,3600.0,3600.0,57.97,3600.0,3600.0,3600.0,3600.0,6.41,1030.73,3600.0,37.73,6.5,3600.0
b0b2c24d80989c836e59ca5d8f769b4c,frb/frb40-19-1.wcnf.xz,3600.0,3600.0,27.09,3600.0,3600.0,3600.0,3600.0,15.62,2158.47,3600.0,13.82,23.67,3600.0
967dfff189a71cd2518d36a093953e57,frb/frb40-19-2.wcnf.xz,3600.0,3600.0,64.15,3600.0,3600.0,3600.0,3600.0,42.03,2401.08,3600.0,29.19,42.6,3600.0
26e72f06828c3e5b538a622d2719c8b1,frb/frb40-19-3.wcnf.xz,3600.0,3600.0,802.0,3600.0,3600.0,3600.0,3600.0,254.93,3600.0,3600.0,165.75,3600.0,3600.0
9247315767c75bcb5f040be8880822a2,frb/frb40-19-4.wcnf.xz,3600.0,3600.0,215.48,3600.0,3600.0,3600.0,3600.0,290.51,3600.0,3600.0,552.56,289.8,3600.0
299ed05f7b19f79cebff6547e38e7c82,frb/frb40-19-5.wcnf.xz,3600.0,3600.0,24.04,3600.0,3600.0,3600.0,3600.0,91.83,3600.0,3600.0,208.84,91.72,3600.0
b688abb30c52d1658d943698ed57b2f1,css-refactoring/amazon.wcnf.xz,22.8,24.39,3600.0,1164.28,22.04,103.31,3600.0,3600.0,322.07,3600.0,328.1,3600.0,26.92
5eeedd461e8a8462a1c80644293fd2bd,css-refactoring/archlinux.wcnf.xz,0.08,0.09,43.97,2.7,0.11,0.09,15.82,3.6,2.26,1.56,2.64,1.62,0.07
26fcd89b956d7e76eb3d1d49a3d56490,css-refactoring/dblp.wcnf.xz,0.66,0.68,3600.0,52.83,1.4,1.84,3600.0,616.91,26.64,17.72,23.05,534.13,0.83
1682f989fd0e1f94ea32171d8a21ff5e,css-refactoring/ebay.wcnf.xz,9.64,7.32,3600.0,744.68,12.65,21.44,3600.0,3600.0,321.73,517.39,330.17,3600.0,11.17
e58dfc6f221686dd4313f6840ba76c4d,css-refactoring/facebook1.wcnf.xz,2.29,2.23,3600.0,221.69,3.32,3.06,3600.0,1172.35,23.33,50.34,23.36,989.87,2.22
cb72f3f0638c4fea014911a7085b35b6,css-refactoring/github.wcnf.xz,16.8,18.15,3600.0,3600.0,38.66,41.31,3600.0,3600.0,986.54,1807.83,1051.89,3600.0,20.67
f87ee170541f4a557babdde7ae752269,css-refactoring/guardian.wcnf.xz,12.49,13.03,3600.0,2763.14,21.25,30.76,3600.0,3600.0,3600.0,1053.71,3600.0,3600.0,15.77
cdf036414a30bd56c675e6eb85f2734f,css-refactoring/londonist.wcnf.xz,1.37,1.46,3600.0,34.8,2.36,1.4,3600.0,60.94,85.27,54.93,167.9,68.75,1.45
ab39be7e20b489e9db5dd505d70e7aca,css-refactoring/openstreetmap.wcnf.xz,1.02,1.09,3600.0,75.63,2.02,1.85,3600.0,129.64,54.38,31.07,59.89,209.24,1.16
98e8f5155a869d7bef03db0ab774a388,css-refactoring/wikipedia.wcnf.xz,0.19,0.2,436.97,7.7,0.31,0.25,23.12,2.72,13.03,3.36,12.7,2.77,0.22
7e500417362b13613c8cdb94d5991b62,css-refactoring/youtube.wcnf.xz,3600.0,3600.0,3600.0,3512.65,3600.0,3600.0,3600.0,3600.0,3600.0,3600.0,3600.0,3600.0,3600.0
63c27d5bcf0446025082ef4c539aeebd,dalculus/f49-DC_TotalLoss.seq-A-2-1-EDCBAir.wcnf.xz,3600.0,3600.0,3600.0,385.48,0.13,0.14,22.15,257.64,3600.0,2.09,3600.0,164.17,3600.0
989a784b3376a6bd09557c2d1f5269ef,dalculus/f49-DC_TotalLoss.seq-A-2-1-irEDCBA.wcnf.xz,0.09,0.1,3600.0,373.85,0.09,0.19,5.4,2.31,3600.0,2.92,3600.0,2.49,0.07
46b612ee6a97e04231386ffb7bdd7cba,dalculus/f49-DC_TotalLoss.seq-A-2-combined-EDCBAir.wcnf.xz,3600.0,3600.0,3600.0,1274.34,0.13,0.11,3600.0,75.79,3600.0,2.19,3600.0,93.57,3600.0
a151d23af14989c9aa77c3daf98443cf,dalculus/f49-DC_TotalLoss.seq-A-2-combined-abcdeir.wcnf.xz,0.1,0.09,0.27,411.0,0.07,0.09,35.07,1.89,2.02,2.11,2.33,4.25,3600.0
f4954d8235a68d88201e153d512eaf35,dalculus/f49-DC_TotalLoss.seq-A-2-combined-irEDCBA.wcnf.xz,0.1,0.1,3600.0,93.86,0.1,0.17,2.88,2.37,3600.0,2.16,3600.0,2.51,0.07
1e338358f3c91c5250cb3e1320a875d8,dalculus/f49-DC_TotalLoss.seq-A-2-combined-irabcde.wcnf.xz,0.09,0.09,3600.0,16.74,0.09,0.05,2.52,0.67,3600.0,1.92,3600.0,1.71,0.05
7925c50aa0e580af626c3b4ebfc1be88,dalculus/f49-DC_TotalLoss.seq-A-3-1-EDCBAir.wcnf.xz,3600.0,3600.0,0.82,15.21,0.18,0.27,3600.0,6.43,13.87,4.09,13.98,7.41,3600.0
eb533c619254773090bf944c67de2396,dalculus/f49-DC_TotalLoss.seq-A-3-1-abcdeir.wcnf.xz,3600.0,3600.0,0.79,24.35,0.2,0.2,1.55,0.97,11.18,3.83,8.55,1.11,3600.0
f597c1d4f95af03ed25c9306f343ab76,dalculus/f49-DC_TotalLoss.seq-A-3-1-irEDCBA.wcnf.xz,0.28,0.27,1.15,83.13,0.18,0.3,2.45,2.76,12.26,5.07,10.27,2.12,0.25
d562779319c6acba69dc9509ccf168a0,dalculus/f49-DC_TotalLoss.seq-A-3-1-irabcde.wcnf.xz,0.27,0.28,1.16,77.16,0.17,0.21,1.29,0.77,12.14,4.07,14.65,1.06,0.21
c8197db72d3600aaee3511e43d58da65,dalculus/f49-DC_TotalLoss.seq-A-3-2-abcdeir.wcnf.xz,0.92,0.92,0.8,75.85,0.2,0.22,2.15,0.94,6.29,3.55,7.95,0.72,3600.0
8bd41fc037a5e9ed7ab5409453d8d023,dalculus/f49-DC_TotalLoss.seq-A-3-2-irEDCBA.wcnf.xz,1.06,1.06,1.1,133.19,0.18,0.23,1.91,1.37,10.99,3.76,8.9,1.16,0.21
b27d03b510cf5c5140dd677b80d18bc4,dalculus/f49-DC_TotalLoss.seq-A-3-2-irabcde.wcnf.xz,0.3,0.3,1.17,160.88,0.17,0.19,1.72,1.07,11.19,3.47,10.98,1.15,0.19
2835bc257f43c8011f50b30086268127,dalculus/f49-DC_TotalLoss.seq-A-3-combined-EDCBAir.wcnf.xz,3600.0,3600.0,0.89,75.02,0.25,0.28,5.7,4.46,14.0,4.98,13.93,4.56,3600.0
bcf5add833dd3f96aad671d70b7ac94b,dalculus/f49-DC_TotalLoss.seq-A-3-combined-abcdeir.wcnf.xz,0.38,0.39,0.9,49.81,0.24,0.2,3.23,0.87,8.05,4.81,8.89,0.78,3600.0
ea90036abdb30ca494f685bf85f75fc5,dalculus/f49-DC_TotalLoss.seq-A-3-combined-irEDCBA.wcnf.xz,0.41,0.41,1.4,168.4,0.24,0.39,4.02,2.85,12.39,6.08,12.42,2.26,0.33
0cdf696af46f264cef5ef0a43e756737,dalculus/f49-DC_TotalLoss.seq-A-3-combined-irabcde.wcnf.xz,0.41,0.41,1.29,168.43,0.23,0.22,3.69,1.47,12.34,5.27,11.45,1.35,0.26
8f881848c623360b8755598af3368286,dalculus/f49-DC_TotalLoss.seq-B-2-1-EDCBAir.wcnf.xz,3600.0,3600.0,3600.0,469.13,0.14,0.18,31.39,179.95,3600.0,2.05,3600.0,239.47,3600.0
5ff1afc900f9c2c8ffe7c41ac443ca2f,dalculus/f49-DC_TotalLoss.seq-B-2-1-irEDCBA.wcnf.xz,0.1,0.1,3600.0,287.41,0.09,0.33,5.13,2.25,3600.0,2.65,3600.0,1.47,0.07
205b734dc48b66e20475534f61672b77,dalculus/f49-DC_TotalLoss.seq-B-2-1-irabcde.wcnf.xz,0.1,0.1,3600.0,328.73,0.09,0.08,1.87,1.26,3600.0,1.97,3600.0,0.97,0.07
bbad19854a8811951405b4485ea21c62,dalculus/f49-DC_TotalLoss.seq-B-2-2-EDCBAir.wcnf.xz,3600.0,3600.0,3600.0,148.29,0.07,0.13,15.76,10.37,3.37,1.78,3.49,19.66,3600.0
51ff06de3751290aa0390a44dc0c257f,dalculus/f49-DC_TotalLoss.seq-B-2-2-abcdeir.wcnf.xz,0.38,0.09,0.24,282.69,0.07,0.09,14.85,1.84,1.53,2.11,2.07,1.21,3600.0
1a9dbc28c8476ee154e3ef75e5be0994,dalculus/f49-DC_TotalLoss.seq-B-2-2-irEDCBA.wcnf.xz,0.09,0.09,3600.0,83.83,0.09,0.42,6.42,4.62,3600.0,2.39,3600.0,2.7,0.07
cb54fcfc9c2fa6be3df9e0df19def6ba,dalculus/f49-DC_TotalLoss.seq-B-2-2-irabcde.wcnf.xz,0.08,0.08,3600.0,16.49,0.08,0.05,1.67,1.72,3600.0,1.73,3600.0,3.31,0.05
025936fae56458787d828ad860a0f82c,dalculus/f49-DC_TotalLoss.seq-B-2-combined-EDCBAir.wcnf.xz,3600.0,3600.0,3600.0,538.74,0.14,0.19,3600.0,109.73,3600.0,2.34,3600.0,182.48,3600.0
c952c581102fd6d5f477b18b0f257fb2,dalculus/f49-DC_TotalLoss.seq-B-2-combined-irEDCBA.wcnf.xz,0.1,0.1,3600.0,117.97,0.1,0.44,4.09,4.53,3600.0,2.05,3600.0,3.53,0.08
1f9450542511943e093d581a5e143999,dalculus/f49-DC_TotalLoss.seq-B-2-combined-irabcde.wcnf.xz,0.1,0.1,3600.0,101.25,0.1,0.05,1.96,1.67,3600.0,2.04,3600.0,1.08,0.05
566cd4c224d3d18fda098baa07413c01,dalculus/f49-DC_TotalLoss.seq-B-3-1-irEDCBA.wcnf.xz,0.26,0.26,1.22,121.49,0.14,0.37,3.19,3.94,13.43,4.64,14.02,3.0,0.27
bb8e2d7dc8d68136237c0c0ca16a6aa7,dalculus/f49-DC_TotalLoss.seq-B-3-1-irabcde.wcnf.xz,0.26,0.26,1.24,72.3,0.17,0.21,1.27,0.94,10.39,4.32,12.73,1.28,0.2
dfe03a6ede3560e3e21cf095cd6d8369,dalculus/f49-DC_TotalLoss.seq-B-3-2-abcdeir.wcnf.xz,0.34,0.34,0.86,248.44,0.19,0.21,2.04,0.94,6.58,3.85,7.68,0.72,3600.0
15a52da085fab43b691156d4dddda1a3,dalculus/f49-DC_TotalLoss.seq-B-3-2-irEDCBA.wcnf.xz,1.05,1.06,1.19,163.13,0.19,0.26,2.33,1.33,11.53,4.63,12.9,1.52,0.2
6ba69bf660523bd65a744505dc6ed5e0,dalculus/f49-DC_TotalLoss.seq-B-3-2-irabcde.wcnf.xz,0.3,0.31,1.2,133.59,0.18,0.19,1.65,1.3,9.85,3.64,9.88,1.46,0.17
7a53d4183db53eb1c0beabb4ff80d934,dalculus/f49-DC_TotalLoss.seq-B-3-combined-EDCBAir.wcnf.xz,3600.0,3600.0,0.91,131.47,0.27,0.35,4.98,4.29,17.97,4.63,17.78,7.75,3600.0
c41fb7abe9bec54c9a738c569615b686,dalculus/f49-DC_TotalLoss.seq-B-3-combined-irEDCBA.wcnf.xz,0.47,0.47,1.5,192.96,0.24,0.55,4.6,3.38,17.53,4.99,14.64,3.74,0.4
15b9933fc16de24c0b181df0c0a29e47,dalculus/f49-DC_TotalLoss.seq-B-3-combined-irabcde.wcnf.xz,0.57,0.56,1.5,254.25,0.22,0.23,3.36,1.54,10.27,5.65,9.99,1.53,0.3
073bc476d11c1871369d359941c4f1a8,mancoosi/mancoosi-test-i3000d0u98-51.wcnf.xz,0.36,0.36,59.64,0.95,0.66,1.37,1.18,2.36,654.71,36.99,737.14,1.98,0.56
b477b3b0e1a2bfc6499bd59db7bcbb0e,mancoosi/mancoosi-test-i3000d0u98-53.wcnf.xz,0.36,0.36,413.76,0.93,0.56,1.14,1.14,2.02,3600.0,28.49,3600.0,1.76,0.48
bbf5cfd58a074eccf8b9a2131e2a8ae1,mancoosi/mancoosi-test-i3000d0u98-54.wcnf.xz,0.37,0.37,55.14,0.94,0.63,1.24,1.16,2.12,313.79,30.32,312.0,1.77,0.53
45c68aec52e471eeb8f268918ac7b1e5,mancoosi/mancoosi-test-i3000d0u98-55.wcnf.xz,1.13,0.35,30.04,0.94,0.56,1.07,1.08,1.96,487.49,27.46,516.59,1.75,0.77
51f56fb37211a7097a90ec3d672548e1,mancoosi/mancoosi-test-i3000d0u98-56.wcnf.xz,0.36,0.36,13.32,0.93,0.52,1.08,1.09,1.87,128.38,25.61,139.89,1.68,0.45
59961037d7acddba97b17e2a2ba2eec7,mancoosi/mancoosi-test-i3000d0u98-58.wcnf.xz,0.36,0.36,25.95,0.94,0.55,1.18,1.14,2.42,220.3,32.36,229.76,1.99,0.48
55ddc57e4f6e8fb1f46a12cc3b37c836,mancoosi/mancoosi-test-i3000d0u98-59.wcnf.xz,0.36,0.36,88.29,0.94,0.55,1.12,1.21,2.06,861.72,25.11,942.8,1.75,0.48
dc8741d4fcf0f620a319caa0cd639e6c,mancoosi/mancoosi-test-i3000d0u98-60.wcnf.xz,0.37,0.38,307.21,0.94,0.57,1.14,1.09,2.08,3600.0,30.76,3600.0,1.86,0.49
c5b284ae5f7a79969b84b20cdd1403e2,mancoosi/mancoosi-test-i3000d0u98-62.wcnf.xz,0.36,0.36,29.83,0.95,0.6,1.2,1.16,2.02,397.6,29.37,438.8,1.81,0.52
5f69a12708d22863860da7f533a0b978,mancoosi/mancoosi-test-i3000d0u98-63.wcnf.xz,0.36,0.36,139.8,0.93,0.53,1.13,1.08,1.96,987.97,26.59,975.5,1.7,0.46
08679ca4c82d71d94e5937dad26b3147,mancoosi/mancoosi-test-i3000d0u98-64.wcnf.xz,0.36,0.36,75.85,0.94,0.6,1.18,1.22,2.17,1045.98,29.61,1018.6,1.77,0.52
eafb18d0cf01b658d6f1321c1506f6f7,mancoosi/mancoosi-test-i3000d0u98-66.wcnf.xz,0.36,0.36,5.94,0.95,0.59,1.12,1.22,1.92,82.96,26.06,90.75,1.7,0.49
b3e2999aede13c379e42a4bdc948ccf8,mancoosi/mancoosi-test-i3000d0u98-67.wcnf.xz,0.37,0.38,117.41,0.93,0.57,1.11,1.29,2.0,622.65,25.39,611.11,1.75,0.49
ac80178ccd2dd9796df09aa6c3c0bdf1,mancoosi/mancoosi-test-i3000d0u98-69.wcnf.xz,0.37,0.38,119.64,0.94,0.57,1.09,1.12,1.92,1534.87,26.36,1649.62,1.73,0.48
03f8c3709ae87844da20287bd41677ee,mancoosi/mancoosi-test-i3000d0u98-70.wcnf.xz,0.35,0.36,38.5,0.93,0.58,1.18,1.14,2.1,279.65,32.47,327.96,1.82,0.5
1149325a5482c1ca01abdcd338df1aec,mancoosi/mancoosi-test-i3000d0u98-71.wcnf.xz,0.36,0.37,24.54,0.93,0.62,1.32,1.15,2.19,118.63,31.79,144.81,1.81,0.55
0172caf415d08d0edb3e1d4f51ea4672,mancoosi/mancoosi-test-i3000d0u98-72.wcnf.xz,0.37,0.38,54.5,0.94,0.52,1.11,1.08,1.9,472.9,28.57,570.18,1.69,0.46
9fb86326b2883b35e2ce1de4bec5b6bc,mancoosi/mancoosi-test-i3000d0u98-73.wcnf.xz,0.36,0.36,6.58,0.94,0.58,1.23,1.22,2.05,79.82,30.87,83.06,1.79,0.52
33f90763e25a9f07ae2d5da15d128763,mancoosi/mancoosi-test-i3000d0u98-74.wcnf.xz,0.38,0.38,20.14,0.94,0.61,1.27,1.34,2.28,161.99,31.57,164.91,1.91,0.54
565af83eb44d4c3e4edf061b88e90569,mancoosi/mancoosi-test-i4000d0u98-75.wcnf.xz,0.37,0.37,472.06,0.95,0.67,1.39,1.29,2.23,3600.0,32.84,3600.0,1.96,0.53
b2ecbdfb971b20038ca0fd7c6f98e203,mancoosi/mancoosi-test-i4000d0u98-79.wcnf.xz,0.39,0.38,953.63,0.94,0.57,1.19,1.12,2.19,3600.0,25.32,3600.0,1.82,0.45
ea7ef697c50c1a1bbd3de00a10ed97d4,mancoosi/mancoosi-test-i4000d0u98-80.wcnf.xz,0.37,0.4,198.2,0.95,0.62,1.37,1.28,2.29,3600.0,30.88,3600.0,1.91,0.52
06c297c2b99982616dc80c14db35a396,mancoosi/mancoosi-test-i4000d0u98-82.wcnf.xz,0.37,0.37,3600.0,0.93,0.56,1.12,1.13,1.91,3600.0,21.95,3600.0,1.73,0.43
c08444a70f60ad8b8c87fe99eacd3f89,mancoosi/mancoosi-test-i4000d0u98-83.wcnf.xz,0.38,0.38,2134.12,0.95,0.65,1.4,1.26,2.19,3600.0,32.3,3600.0,1.9,0.52
fd1a8d17deab2a963782a83e99c43789,mancoosi/mancoosi-test-i4000d0u98-84.wcnf.xz,0.39,0.39,3600.0,0.95,0.59,1.33,1.21,2.24,3600.0,30.59,3600.0,1.87,0.49
05d2aa7c1dd503cd44ccee413e08dc12,mancoosi/mancoosi-test-i4000d0u98-85.wcnf.xz,0.36,0.37,3600.0,0.94,0.61,1.45,1.2,2.3,3600.0,32.59,3600.0,1.92,0.53
3571ce3b4a61bcaa59a68745d0d45d5b,mancoosi/mancoosi-test-i4000d0u98-86.wcnf.xz,0.38,0.37,333.21,0.94,0.6,1.25,1.15,2.06,3600.0,27.54,3600.0,1.87,0.48
c5cfc95336279553ff6f4eee54e08e09,mancoosi/mancoosi-test-i4000d0u98-87.wcnf.xz,0.38,0.37,2133.37,0.95,0.59,1.26,1.23,2.02,3600.0,27.75,3600.0,1.79,0.48
4ad8985420a75cd2098157ad4e5dd41f,mancoosi/mancoosi-test-i4000d0u98-88.wcnf.xz,0.37,0.37,3600.0,0.94,0.6,1.28,1.16,2.08,3600.0,27.7,3600.0,1.8,0.47
af6681abf0d24e5c61c45e8bdd9b650b,mancoosi/mancoosi-test-i4000d0u98-90.wcnf.xz,0.37,0.38,13.82,0.96,0.58,1.33,1.2,2.42,200.06,32.91,165.98,2.07,0.48
5414889b4e52ea75f055aa017964d0fd,mancoosi/mancoosi-test-i4000d0u98-93.wcnf.xz,0.38,0.38,103.0,0.95,0.54,1.2,1.21,2.18,1362.82,25.03,1221.92,1.84,0.45
b42aedd0f9aa61a7639f1f9bcca33896,mancoosi/mancoosi-test-i4000d0u98-94.wcnf.xz,1.01,0.36,546.17,0.94,0.6,1.25,1.17,1.96,3600.0,25.56,3600.0,1.78,0.47
14ddad5cab584be996e9d6fb77d1989e,mancoosi/mancoosi-test-i4000d0u98-96.wcnf.xz,0.36,0.37,919.57,0.95,0.64,1.32,1.38,2.12,3600.0,28.69,3600.0,1.89,0.5
aee474e3c2a40b0ec5f2b14f4b9b862d,mancoosi/mancoosi-test-i4000d0u98-98.wcnf.xz,0.37,0.37,699.01,0.95,0.57,1.29,1.28,1.99,3600.0,27.29,3600.0,1.78,0.48
f55de5552ece56a19be7e5b5e209b96c,mancoosi/mancoosi-test-i4000d0u98-99.wcnf.xz,0.37,0.36,257.75,0.94,0.59,1.29,1.19,2.08,3600.0,28.84,3600.0,1.79,0.5
761a19276169334dda20b2f4b2e3e9cf,packup/103c9978-5408-11df-9bc1-00163e7a6f5e_l1.wcnf.xz,0.16,0.17,3600.0,0.18,0.4,0.53,0.4,0.18,42.66,2.71,51.05,0.2,0.29
8dd9956caa156c71f977c0bac467b676,packup/26f3d4cc-d470-11df-9e6c-00163e3d3b7c_l2.wcnf.xz,0.64,1.46,3600.0,0.52,3.66,4.85,6.24,1.39,3600.0,31.88,3600.0,0.37,3.12
85b094b1f2d548c5c096f16328c2f915,packup/29180036-5408-11df-9f57-00163e7a6f5e_l2.wcnf.xz,0.15,0.17,3600.0,0.18,0.4,0.53,0.44,0.17,44.78,2.74,41.07,0.2,0.29
908e25858f6804e6c77d4089e8ca27f0,packup/4a69cf16-c731-11df-9182-00163e3d3b7c_l1.wcnf.xz,0.04,0.04,3600.0,0.08,0.1,0.07,0.11,0.18,3.7,1.29,4.06,0.17,0.05
692ae4c1af7837dbd6f1d50da4058f72,packup/7bf50d1c-9b1b-11df-8b50-00163e46d37a_l1.wcnf.xz,0.16,0.19,3600.0,0.22,0.52,0.63,0.34,0.12,65.91,3.86,71.37,0.22,0.48
cb24dc6bba61a219b9ca53b74da0d34f,packup/7f80e4f0-4fe9-11e0-acd7-00163e1e087d_l1.wcnf.xz,0.02,0.02,3600.0,0.05,0.04,0.04,0.06,0.09,1.95,0.44,2.25,0.05,0.03
eeb4508618e3bb2082c66a3907d17943,packup/7f80e4f0-4fe9-11e0-acd7-00163e1e087d_l2.wcnf.xz,0.62,0.95,3600.0,0.34,1.16,1.66,1.5,0.53,295.25,9.16,255.01,0.8,1.43
00944d2e886f46f334f7f54d3ddca4dd,packup/8222799a-9af8-11df-8b50-00163e46d37a_l2.wcnf.xz,0.16,0.19,3600.0,0.23,0.52,0.62,0.36,0.13,72.16,3.92,73.82,0.22,0.5
e34f62546e842f15584a61fefcb9f761,packup/b2540c52-51b7-11e0-aa4f-00163e1e087d_l1.wcnf.xz,0.02,0.02,3600.0,0.06,0.04,0.04,0.08,0.07,1.67,0.41,1.88,0.09,0.03
e040e211bc25789149b8ad8cf51d855a,packup/bccf69ae-db9e-11df-9a24-00163e3d3b7c_l1.wcnf.xz,0.3,0.39,3600.0,0.27,1.03,1.19,0.84,0.2,181.5,8.24,174.4,0.22,0.8
4cad9d71e972597327a54b727d7ce5a1,packup/c2164c84-b015-11df-8b50-00163e46d37a_l1.wcnf.xz,0.06,0.06,3600.0,0.12,0.15,0.29,0.08,0.05,12.23,0.71,13.11,0.05,0.17
8b0259916616dea0164eb2e52bd258fe,packup/caefdef6-3477-11e0-84ef-00163e3d3b7c_l2.wcnf.xz,0.22,0.25,3600.0,0.22,0.5,0.72,0.59,0.16,64.16,3.44,64.99,0.18,0.46
6d66ef736e3366a14621f5898c8d4f36,packup/deb285a6-db9e-11df-8f4f-00163e3d3b7c_l2.wcnf.xz,0.3,0.38,3600.0,0.29,1.04,1.2,0.94,0.2,174.33,8.43,165.79,0.22,0.82
30a1a10ec90a8e21e52eb2a1ea1dd990,packup/e0bd67a6-56d0-11df-b11f-00163e7a6f5e_l1.wcnf.xz,0.16,0.22,3600.0,0.14,0.24,0.37,0.21,0.1,21.9,1.49,22.19,0.09,0.2
555efa17dd64c455f37781ff61441044,packup/e0bd67a6-56d0-11df-b11f-00163e7a6f5e_l2.wcnf.xz,0.12,0.13,3600.0,0.15,0.24,0.37,0.23,0.11,23.13,1.55,23.07,0.09,0.2
3b0f4e19f1fdd4810bf4a35c9579196e,packup/ec32fc68-7254-11e0-8436-00163e1e087d_l1.wcnf.xz,0.17,0.19,3600.0,0.21,0.48,0.71,0.42,0.11,38.84,2.58,43.18,0.18,0.53
3d8de94c9b48cb029b71d8e4e7671690,packup/ff4a1d84-d490-11df-9e6c-00163e3d3b7c_l1.wcnf.xz,0.02,0.02,3600.0,0.05,0.04,0.06,0.06,0.06,5.85,0.45,5.31,0.07,0.04
fa163fce020b71a265894919a70b8666,packup/rand131_l2.wcnf.xz,13.84,6.19,3600.0,1.32,4.2,3600.0,10.37,3.1,3600.0,50.21,3600.0,6.35,3600.0
9f74b032212dd9b3641cedb3cbdae65b,packup/rand179_l1.wcnf.xz,58.89,249.44,3600.0,0.52,0.83,29.09,4.08,1.87,1924.66,8.51,1729.44,2.67,0.61
26ae3989bba82f017c78635639368b16,packup/rand208_l2.wcnf.xz,1.52,2.06,3600.0,1.0,4.02,3.7,10.3,5.6,3600.0,50.55,3600.0,6.87,3.78
21c135d66738e0b210cb295bec620db6,packup/rand220_l2.wcnf.xz,3600.0,3600.0,3600.0,1.5,1438.31,3600.0,40.8,15.42,3600.0,60.54,3600.0,18.53,3600.0
5123b2a4770c2a57bf699cfc72e4e57a,packup/rand242_l1.wcnf.xz,0.2,0.3,3600.0,0.33,0.35,0.26,2.47,0.78,23.21,3.7,26.44,1.69,0.21
467a9156564203b19efe38c1063ed5d1,packup/rand293_l1.wcnf.xz,0.63,1.06,3600.0,0.93,1.58,45.89,16.86,5.22,1020.18,15.18,979.86,7.14,0.93
c6c6d2b8383d2045f1ea0da027bcfa49,packup/rand308_l2.wcnf.xz,0.63,0.75,3600.0,0.57,1.99,2.0,2.14,0.91,3600.0,25.08,3600.0,1.87,1.97
c90068be432922fc24f19d5b2663f588,packup/rand377_l2.wcnf.xz,0.48,0.78,3600.0,0.58,1.59,1.8,1.32,1.16,865.56,21.6,928.48,1.25,1.75
55d01b10a1e8e122c3a2ac99d70c2fe0,packup/rand393_l1.wcnf.xz,0.08,0.13,3600.0,0.18,0.14,0.13,0.35,0.43,12.63,2.34,14.98,0.56,0.09
ad987697b30f64524ca1c768a159e218,packup/rand425_l1.wcnf.xz,0.47,0.77,3600.0,0.63,0.98,0.96,5.87,2.2,1042.85,11.35,1202.29,7.01,10.11
3f476bfff64ea193a52cf0a6897a7619,packup/rand491_l2.wcnf.xz,37.83,337.69,3600.0,1.35,3.67,3.47,9.03,4.54,3600.0,46.72,3600.0,10.42,3.43
c12d459964e9ed524d25eb199d7349cb,packup/rand507_l2.wcnf.xz,0.71,1.03,3600.0,0.7,2.0,2.05,2.13,0.96,3600.0,32.12,3600.0,0.98,2.0
8157a190418e9c08eeaa827b66f1111d,packup/rand583_l2.wcnf.xz,0.24,0.24,3600.0,0.44,0.71,1.13,0.5,0.17,51.55,9.62,52.46,0.3,1.07
dd2b32b0ccf7ecb4096ebc78abb496b7,packup/rand653_l2.wcnf.xz,0.46,0.57,3600.0,0.58,1.49,1.57,1.63,1.09,423.52,18.94,478.93,1.17,1.6
cb4f56fa7aa16ce313054d42ad795eab,packup/rand83_l2.wcnf.xz,1.0,1.35,3600.0,0.94,3.39,3.17,7.31,3.62,1646.52,42.72,2092.75,4.13,3.26
9cbb6c119391dc9a47decd39d7328ef9,packup/rand874_l1.wcnf.xz,3600.0,3600.0,3600.0,0.69,1.04,641.49,7.51,1.67,803.52,12.88,1852.49,2.6,0.77
d63cd17097ab982dcfbe7fda26b6979c,packup/rand892_l1.wcnf.xz,0.07,0.07,3600.0,0.18,0.15,0.13,0.19,0.26,9.99,2.56,9.61,0.36,0.11
9057bfc84a3d7d16b6a51cdd4d15d8c9,packup/rand954_l1.wcnf.xz,0.07,0.09,3600.0,0.16,0.22,0.21,0.3,0.68,45.75,2.75,54.08,0.69,0.17
