hash,filename,QMaxSATuc,MSUSorting,Open-WBO-LSU,Open-WBO-MSE16✝,CPLEX✝,LMHS,MaxHS,Open-WBO-RES,maxino,Z3✝,QMaxSAT
84e547e5bdb5bf35ffb1b48685a2137b,extension-enforcement/extension-enforcement_non-strict_stb_150_0.05_1_8_3.wcnf.xz,3600.0,3600.0,3600.0,3600.0,12.59,688.27,3600.0,3600.0,3600.0,3600.0,3600.0
b8542ec3b52828541e8d3af53118897c,extension-enforcement/extension-enforcement_non-strict_stb_150_0.05_2_8_3.wcnf.xz,3600.0,3600.0,3600.0,3600.0,42.47,1923.83,3600.0,3600.0,3600.0,3600.0,3600.0
ac10c889d10b3a85a42459c7e0025070,extension-enforcement/extension-enforcement_non-strict_stb_150_0.05_2_8_4.wcnf.xz,3600.0,3600.0,3600.0,3600.0,17.24,1327.36,3600.0,3600.0,3600.0,3600.0,3600.0
38b1e8cfe68218cdc4821ac32fe603cc,extension-enforcement/extension-enforcement_non-strict_stb_150_0.1_2_8_2.wcnf.xz,3600.0,3600.0,3600.0,1388.73,15.6,3600.0,3600.0,2837.4,3600.0,3600.0,3600.0
4e50d9cd5e3c655e90ab57d01c03e8ce,extension-enforcement/extension-enforcement_non-strict_stb_200_0.05_0_10_3.wcnf.xz,3600.0,3600.0,3600.0,3600.0,16.0,3600.0,3600.0,3600.0,3600.0,3600.0,3600.0
3713c8c798df221c58980029c96d34c1,extension-enforcement/extension-enforcement_non-strict_stb_200_0.05_1_10_0.wcnf.xz,3600.0,3600.0,3600.0,3600.0,112.2,3600.0,3600.0,3600.0,3600.0,3600.0,3600.0
e9b48aca047aa84a0df8965d17c776ce,extension-enforcement/extension-enforcement_non-strict_stb_200_0.05_1_10_1.wcnf.xz,3600.0,3600.0,3600.0,3600.0,747.57,3600.0,3600.0,3600.0,3600.0,3600.0,3600.0
b61f94fa02e7f0e6bec50a078da4320f,extension-enforcement/extension-enforcement_non-strict_stb_200_0.05_1_10_2.wcnf.xz,3600.0,3600.0,3600.0,3600.0,93.26,3600.0,3600.0,3600.0,3600.0,3600.0,3600.0
adcf0f1f92a5b98cf572c0d61b0eddb4,extension-enforcement/extension-enforcement_non-strict_stb_200_0.05_2_10_2.wcnf.xz,3600.0,3600.0,3600.0,3600.0,63.01,3600.0,3600.0,3600.0,3600.0,3600.0,3600.0
9f9da4121629558415b64dd96275e869,extension-enforcement/extension-enforcement_non-strict_stb_200_0.05_3_10_0.wcnf.xz,3600.0,3600.0,3600.0,3600.0,33.52,3600.0,3600.0,3600.0,3600.0,3600.0,3600.0
f27ec489bfd5eba05a03463798fa39da,extension-enforcement/extension-enforcement_non-strict_stb_200_0.05_3_10_1.wcnf.xz,3600.0,3600.0,3600.0,3600.0,55.47,3600.0,3600.0,3600.0,3600.0,3600.0,3600.0
264b42422ce474434ec1a1b47f924123,extension-enforcement/extension-enforcement_non-strict_stb_200_0.05_4_10_0.wcnf.xz,3600.0,3600.0,3600.0,2849.66,51.06,3600.0,3600.0,3600.0,3600.0,3600.0,3600.0
f38b25ffe31e512cec704d052acc4cb0,extension-enforcement/extension-enforcement_non-strict_stb_200_0.05_4_10_1.wcnf.xz,3600.0,3600.0,3600.0,3600.0,58.2,3600.0,3600.0,3600.0,3600.0,3600.0,3600.0
c7170887d9ef67605f8253fff93502d8,extension-enforcement/extension-enforcement_non-strict_stb_200_0.05_4_10_2.wcnf.xz,3600.0,3600.0,3600.0,3600.0,40.19,3600.0,3600.0,3600.0,3600.0,3600.0,3600.0
a0eb3c1cb9a8e2327742f084f656597b,extension-enforcement/extension-enforcement_non-strict_stb_200_0.05_4_10_3.wcnf.xz,3600.0,3600.0,3600.0,3600.0,168.62,3600.0,3600.0,3600.0,3600.0,3600.0,3600.0
1c06abe4aa0a6c1316cd332445aefb78,extension-enforcement/extension-enforcement_non-strict_stb_200_0.05_4_10_4.wcnf.xz,3600.0,3600.0,3600.0,3600.0,71.38,3259.06,3600.0,3600.0,3600.0,3600.0,3600.0
79168d80df1559dbd97d87ef6f342499,extension-enforcement/extension-enforcement_non-strict_stb_200_0.1_2_10_1.wcnf.xz,3600.0,3600.0,3600.0,3600.0,18.8,3600.0,3600.0,3600.0,3600.0,3600.0,3600.0
7b601c465b1f5be4ae294c357f67ceff,extension-enforcement/extension-enforcement_non-strict_stb_200_0.1_4_10_4.wcnf.xz,3600.0,3600.0,3600.0,3600.0,13.7,3600.0,3600.0,3600.0,3600.0,3600.0,3600.0
7f80a56a2f42fbdaf086b1a302f6180c,extension-enforcement/extension-enforcement_strict_com_100_0.05_0_30_3.wcnf.xz,3600.0,3600.0,3600.0,3600.0,7.81,93.81,199.78,3600.0,0.58,7.34,3600.0
48e527a7abf589d761de2437ab23f165,extension-enforcement/extension-enforcement_strict_com_150_0.05_0_15_2.wcnf.xz,3600.0,3443.09,3600.0,17.77,23.38,722.5,3600.0,18.0,1.81,16.32,3600.0
84473eca8a62b90e55ce31ee68ff3283,extension-enforcement/extension-enforcement_strict_com_150_0.05_3_30_2.wcnf.xz,3600.0,3600.0,3600.0,1687.7,30.19,702.53,629.88,2573.79,2.03,25.27,3600.0
627ad96dfd65675a4881d103a6837e8b,extension-enforcement/extension-enforcement_strict_com_150_0.05_4_15_1.wcnf.xz,3600.0,12.99,3600.0,16.67,20.37,661.74,317.37,16.31,0.72,16.78,3600.0
e19821c64a85f948b23b818622ba8261,extension-enforcement/extension-enforcement_strict_com_150_0.05_4_30_4.wcnf.xz,3600.0,5.13,3600.0,14.08,42.19,2223.51,319.89,13.55,1.3,24.6,3600.0
91b6c06e34f69c28df5a9636775effb5,extension-enforcement/extension-enforcement_strict_com_150_0.1_4_15_1.wcnf.xz,3600.0,277.84,3600.0,49.78,22.2,1137.08,309.95,59.53,0.68,15.61,3600.0
b0764a726d2a04dcfb8d512ac583f376,extension-enforcement/extension-enforcement_strict_com_150_0.2_4_8_3.wcnf.xz,3600.0,3600.0,3600.0,3600.0,14.87,176.43,3.36,3600.0,0.38,10.79,3600.0
f385b9f38b605cd1df2ae062b0f32bac,extension-enforcement/extension-enforcement_strict_com_150_0.3_3_8_3.wcnf.xz,3600.0,2876.16,3600.0,3600.0,32.17,70.48,1.85,3600.0,0.4,10.62,3600.0
1a5ed91221333315816f3f8af4626739,extension-enforcement/extension-enforcement_strict_com_200_0.05_0_40_1.wcnf.xz,3600.0,3600.0,3600.0,3600.0,217.82,1640.72,9.0,3600.0,1.98,49.91,3600.0
3ce8cda634ab4b108de94fda90706805,extension-enforcement/extension-enforcement_strict_com_200_0.05_1_40_1.wcnf.xz,3600.0,8.71,3600.0,2.6,225.1,3162.37,342.81,2.74,2.9,49.52,3600.0
0c246528b941d9514b02ee279203b6f1,extension-enforcement/extension-enforcement_strict_com_200_0.05_4_20_1.wcnf.xz,3600.0,24.59,3600.0,23.13,84.15,3600.0,3600.0,22.84,3.47,40.76,3600.0
2abe1dc3cd8ca762dad0cc7b97bcb2e1,extension-enforcement/extension-enforcement_strict_com_200_0.05_4_20_3.wcnf.xz,3600.0,3600.0,3600.0,3600.0,92.89,1568.33,316.01,3600.0,1.27,39.47,3600.0
cf598f213e13748e4fb2e11850ee2579,extension-enforcement/extension-enforcement_strict_com_200_0.05_4_20_4.wcnf.xz,3600.0,3600.0,3600.0,3600.0,88.41,2525.22,331.11,3600.0,1.79,39.64,3600.0
8be550009bce3de1a5333114888efcf0,extension-enforcement/extension-enforcement_strict_com_200_0.1_0_10_1.wcnf.xz,3600.0,3600.0,3600.0,3600.0,69.64,787.87,2.11,3600.0,0.64,27.13,3600.0
536314237f645f24551af141c34ba9b1,extension-enforcement/extension-enforcement_strict_com_200_0.1_2_20_2.wcnf.xz,3600.0,288.79,3600.0,184.65,166.48,867.77,5.96,110.73,1.4,34.29,3600.0
e9b21e363d86859e26013e7d1e2ac9b3,extension-enforcement/extension-enforcement_strict_com_200_0.2_1_10_0.wcnf.xz,3600.0,3600.0,3600.0,3600.0,108.7,340.74,30.38,3600.0,0.64,23.58,3600.0
300bff2f05717a74e656c5947870ffed,extension-enforcement/extension-enforcement_strict_com_200_0.2_2_10_2.wcnf.xz,3600.0,3600.0,3600.0,3600.0,103.25,549.55,6.1,3600.0,0.88,24.09,3600.0
e34edbbdbf693b327550070409cc3208,haplotype-assembly/splitedReads_0.matrix.wcnf.xz,3600.0,3600.0,3600.0,3600.0,3600.0,3600.0,3600.0,3600.0,3600.0,3600.0,3600.0
b16daef029715dd48a4b77c540758528,haplotype-assembly/splitedReads_137.matrix.wcnf.xz,3.49,0.19,33.07,0.69,137.33,6.25,4.34,0.69,0.67,3.27,3.27
1400bd549777fc2fdd0b9ffe4e414c32,haplotype-assembly/splitedReads_158.matrix.wcnf.xz,6.69,83.94,49.28,2.32,2382.45,17.61,21.11,2.09,1.66,7.2,7.68
53d1db63db522cbb89eebcb2f2845ae3,haplotype-assembly/splitedReads_160.matrix.wcnf.xz,6.37,17.6,51.86,1.98,430.4,13.02,13.2,2.01,2.07,8.63,7.58
4cfdd9ec8f477d60f27304c7ffc588a5,haplotype-assembly/splitedReads_18.matrix.wcnf.xz,6.24,1.11,36.88,1.05,296.47,8.61,7.32,1.03,1.05,4.84,4.83
2a894e190c5fd0d502178612d0f4b58d,haplotype-assembly/splitedReads_414.matrix.wcnf.xz,8.38,2.44,53.7,4.51,1782.3,12.8,12.05,1.53,1.71,6.15,8.17
f8ea870009685d3f8355fc48a76aa028,pbo-mqc-nencdr/10tree110p.wcnf.xz,6.02,6.12,6.79,4.14,3600.0,14.7,8.99,3.83,1.5,16.02,6.41
897d09adccee424ce15a3afdb48096d6,pbo-mqc-nencdr/10tree120p.wcnf.xz,19.48,55.05,20.14,18.46,3600.0,59.82,30.65,21.91,15.42,394.15,14.3
8b7b84d7bbcad3e60fcad72504cc65c7,pbo-mqc-nencdr/10tree130p.wcnf.xz,169.55,344.92,72.24,139.83,3600.0,126.46,148.08,91.85,76.69,3600.0,108.58
0b3d549b932e955e21695add11edc65a,pbo-mqc-nencdr/10tree215p.wcnf.xz,10.62,26.79,14.39,11.86,3600.0,38.27,16.11,6.93,4.5,95.58,11.87
13d7ab41c3d04b887a0810bcdc03b2e5,pbo-mqc-nencdr/10tree225p.wcnf.xz,53.02,158.48,40.26,62.29,3600.0,108.65,70.31,68.17,56.37,1916.52,53.99
acfe972e7bc6aa1ba50502c657f555b9,pbo-mqc-nencdr/10tree305p.wcnf.xz,0.99,0.61,2.6,0.9,3600.0,1.25,0.79,0.8,0.76,1.51,0.9
244f7ce7d91223bf1832e1b775f9bcc5,pbo-mqc-nencdr/10tree315p.wcnf.xz,12.19,23.11,11.9,12.77,3600.0,27.9,14.0,8.12,5.87,90.37,13.53
cde7ae16bc884578e5ef464c338a1e11,pbo-mqc-nencdr/10tree325p.wcnf.xz,50.45,111.67,25.89,62.59,3600.0,88.08,66.38,42.68,22.68,1439.49,44.19
a90e8b9d78283beb8a03a61f29439d69,pbo-mqc-nencdr/10tree405p.wcnf.xz,0.94,1.11,1.17,1.15,3600.0,0.84,0.85,1.11,0.6,2.92,0.94
e377f7ccd5215b626093e5aa7c83169e,pbo-mqc-nencdr/10tree410p.wcnf.xz,5.33,8.53,4.45,8.76,3600.0,21.52,11.26,2.12,2.5,26.22,5.42
cf14a4eaabcf5b72c8902d8baec780ff,pbo-mqc-nencdr/10tree420p.wcnf.xz,23.45,82.65,22.67,24.16,3600.0,50.9,19.55,19.13,14.11,416.11,26.03
a563d16b139e21318472afaf4442d25a,pbo-mqc-nencdr/10tree430p.wcnf.xz,89.09,387.66,50.79,70.61,3600.0,114.97,102.23,62.6,87.99,3600.0,82.28
b9ad12be8f18784a443dbc355309c608,pbo-mqc-nencdr/10tree505posib.wcnf.xz,0.8,0.48,0.46,0.66,346.05,0.56,0.98,0.63,0.38,1.27,0.39
3b807d2c86ac80db2ada9424455559ea,pbo-mqc-nencdr/10tree515p.wcnf.xz,7.78,20.64,11.09,8.58,3600.0,34.15,13.0,4.31,5.41,94.83,11.51
891fccf4ff059f76caa17dfe19d6dd89,pbo-mqc-nencdr/10tree525p.wcnf.xz,44.92,149.25,34.77,78.42,3600.0,79.58,95.47,50.89,44.86,1738.12,51.19
25a987776a221a51dd83389358070789,pbo-mqc-nencdr/15tree1001p.wcnf.xz,49.08,28.04,103.51,11.15,3600.0,52.97,28.92,12.02,14.84,231.75,49.26
bd567e7d36a6be45123347a973f13eb9,pbo-mqc-nencdr/15tree101p.wcnf.xz,36.57,22.19,100.34,17.14,3600.0,35.82,24.23,15.85,16.8,125.9,46.14
f3de0c7ad101a97b065473ba932cf461,pbo-mqc-nencdr/15tree201p.wcnf.xz,34.85,39.96,50.75,18.39,3600.0,27.64,16.44,27.64,10.99,161.33,53.27
1c48c310cf4771aa538fa039c3a4bf79,pbo-mqc-nencdr/15tree301p.wcnf.xz,43.18,33.04,81.16,14.09,3600.0,23.08,72.85,15.11,9.98,162.86,40.82
83a3024073b6a191fb8c9c80475c8052,pbo-mqc-nencdr/15tree401p.wcnf.xz,37.49,30.05,82.54,9.96,3600.0,37.47,19.46,8.9,18.35,149.06,35.17
60ff3d40293bea76c01ccf292ec88ed9,pbo-mqc-nencdr/15tree501p.wcnf.xz,51.74,33.26,60.84,29.93,3600.0,28.34,32.94,17.5,12.34,239.3,24.87
c74c99634b23c5520fc91410cc8f3f91,pbo-mqc-nencdr/15tree601p.wcnf.xz,32.65,37.04,57.18,26.81,3600.0,253.06,59.51,20.92,13.78,232.83,57.23
b2b5d1ea2529a113dbd46603a01cf60c,pbo-mqc-nencdr/15tree701p.wcnf.xz,64.08,29.02,64.97,16.54,3600.0,43.26,77.89,17.53,11.51,195.35,35.98
d650e458568cfe2ad24239ca1b58d225,pbo-mqc-nencdr/15tree801p.wcnf.xz,48.12,35.46,76.81,24.17,3600.0,15.86,12.47,19.73,14.1,357.51,32.61
1a2b74167e1abaddc58dac325779e4dd,pbo-mqc-nencdr/15tree901p.wcnf.xz,46.41,29.58,63.28,11.3,3600.0,36.55,19.28,17.72,13.11,186.32,39.21
146378f061c94dbf522cadfb4aa2dc32,protein-ins/1bpi_.2knt_.g.wcnf.t.wcnf.xz,112.11,162.63,132.08,235.38,3600.0,3600.0,3600.0,200.49,336.14,3600.0,98.73
0b6a99677cb3e66baa79803e38794092,protein-ins/1bpi_.5pti_.g.wcnf.t.wcnf.xz,39.17,124.7,52.85,73.77,3600.0,3600.0,3600.0,81.69,261.67,1226.12,42.34
e464c29b182df2b4c2673650d20d83e7,protein-ins/1knt_.1bpi_.g.wcnf.t.wcnf.xz,156.78,261.33,157.29,233.94,3600.0,3600.0,3600.0,295.54,397.72,3451.6,86.22
e5d753ad0c875db9401b83f4fcc8eaba,protein-ins/1knt_.2knt_.g.wcnf.t.wcnf.xz,1.88,4.18,3.11,4.06,3600.0,182.35,27.06,3.96,22.12,59.92,1.99
d2791dd83353a0919c0bba2bc55a226e,protein-ins/1knt_.5pti_.g.wcnf.t.wcnf.xz,57.16,157.83,85.99,103.39,3600.0,3600.0,3600.0,128.25,289.92,1796.47,60.48
a650abb8d2791c93af6cc9dcfe6d4a66,protein-ins/1vii_.1cph_.g.wcnf.t.wcnf.xz,0.02,0.04,0.02,0.04,0.29,0.25,0.87,0.05,0.09,0.39,0.02
2407a74f3da1a78f792fec59736d6947,protein-ins/2knt_.5pti_.g.wcnf.t.wcnf.xz,65.77,176.49,127.24,79.23,3600.0,3600.0,3600.0,104.03,362.67,1030.06,58.81
0c9650eed11ad0f1114fdb3bacc498fa,protein-ins/3ebx_.1era_.g.wcnf.t.wcnf.xz,195.97,388.88,224.4,328.28,3600.0,3600.0,3600.0,686.13,702.57,3600.0,163.17
c08668a4151dedcec92c1ef9cdda3643,protein-ins/3ebx_.6ebx_.g.wcnf.t.wcnf.xz,9.04,35.22,15.02,23.0,3600.0,370.72,278.6,36.45,48.31,169.6,9.53
02824e233caa268186839a5fe91e2b9a,protein-ins/6ebx_.1era_.g.wcnf.t.wcnf.xz,37.63,97.55,63.81,118.29,3600.0,3600.0,3600.0,101.46,229.98,995.31,45.42
a9a676caf6eb8f8a4bc23e0a251c3485,protein-ins/p1.wcnf.t.wcnf.xz,90.74,170.04,200.06,174.25,3600.0,3600.0,3600.0,255.7,355.19,3095.5,93.45
ea0dc2c48877da7e22f2fe16d6afe142,protein-ins/sandiaprotein.g.wcnf.t.wcnf.xz,43.9,100.45,84.52,95.61,3600.0,3600.0,3600.0,144.74,207.61,701.55,56.21
ba012829ee3075bcc9c85d7984b34a7c,gen-hyper-tw/GenHyperTW_2bitcomp_5.wcnf.xz,3600.0,3600.0,3600.0,3600.0,3600.0,3600.0,3600.0,3600.0,3600.0,3600.0,3600.0
07b1c0afee0b9d576f40fbea7a120f4c,gen-hyper-tw/GenHyperTW_adder_15.wcnf.xz,275.77,126.27,169.75,176.76,3600.0,130.72,191.21,656.53,227.29,492.71,254.99
4d1e07ae297d5d59d64349f0fdd6ba95,gen-hyper-tw/GenHyperTW_aim-50-1_6-no-3.wcnf.xz,3600.0,3600.0,3600.0,3600.0,3600.0,3600.0,3600.0,3600.0,3600.0,3600.0,3600.0
32a25787e8b4ec9cbdcc9d06bc1ea53c,gen-hyper-tw/GenHyperTW_aim-50-2_0-no-3.wcnf.xz,3600.0,3600.0,3600.0,3600.0,3600.0,3600.0,3600.0,3600.0,3600.0,3600.0,3600.0
5093a81d2334431b437a9b36b836d799,gen-hyper-tw/GenHyperTW_aim-50-2_0-yes1-3.wcnf.xz,3600.0,3600.0,3600.0,3600.0,3600.0,3600.0,3600.0,3600.0,3600.0,3600.0,3600.0
a0a3073f2dca669206e759f2b8a64006,gen-hyper-tw/GenHyperTW_aim-50-3_4-yes1-3.wcnf.xz,3600.0,3600.0,3600.0,3600.0,3600.0,3600.0,3600.0,3600.0,3600.0,3600.0,3600.0
f896ed60b2a0431b882f6458f5de1864,gen-hyper-tw/GenHyperTW_atv_partial_system.wcnf.xz,3600.0,3600.0,3600.0,3600.0,3600.0,3600.0,3600.0,3600.0,3048.66,3600.0,3600.0
8060584d136eef010891743e2accf5fc,gen-hyper-tw/GenHyperTW_b02.wcnf.xz,1.05,1.56,0.77,3.51,3600.0,4.42,0.73,2.79,0.76,4.52,3.16
587348b8c625bf2557bea0b69d6d316d,gen-hyper-tw/GenHyperTW_b06.wcnf.xz,55.27,273.66,133.21,180.91,3600.0,117.53,1344.84,235.72,320.61,747.07,68.08
833d566d0150e82e6d892b13570072a6,gen-hyper-tw/GenHyperTW_clique_15.wcnf.xz,3600.0,3600.0,3600.0,3600.0,3600.0,3600.0,3600.0,3600.0,3600.0,3600.0,3600.0
21051e7621a92c82a6fc19919970b21d,gen-hyper-tw/GenHyperTW_dubois20.wcnf.xz,1923.6,3473.73,3600.0,2859.29,3600.0,3600.0,3600.0,3518.11,2187.65,3600.0,3600.0
312539b40771a141d9d730f0c39a60d7,gen-hyper-tw/GenHyperTW_dubois21.wcnf.xz,3117.12,3600.0,3600.0,3600.0,3600.0,3600.0,3600.0,3600.0,3600.0,3600.0,3600.0
36e7e31c5880ccc3c45f1c9a81f065b0,gen-hyper-tw/GenHyperTW_dubois23.wcnf.xz,1730.66,2578.56,3600.0,1356.45,3600.0,972.47,3600.0,2394.38,981.35,3600.0,3600.0
f29b2569ab2464fd7582abde70c9fafa,gen-hyper-tw/GenHyperTW_dubois25.wcnf.xz,3600.0,3600.0,3600.0,3600.0,3600.0,3064.53,3600.0,3600.0,2740.04,3600.0,3600.0
15255247c63aa075e943149364039475,gen-hyper-tw/GenHyperTW_dubois27.wcnf.xz,3600.0,3600.0,3600.0,3600.0,3600.0,3600.0,3600.0,3600.0,3600.0,3600.0,3600.0
6e3a7429256595452fc5c31cfe17c7a9,gen-hyper-tw/GenHyperTW_dubois28.wcnf.xz,3600.0,3600.0,3600.0,3600.0,3600.0,3600.0,3600.0,3600.0,3600.0,3600.0,3600.0
687e578b2230418bf9f08aad3844daf7,gen-hyper-tw/GenHyperTW_dubois29.wcnf.xz,3600.0,3600.0,3600.0,3600.0,3600.0,3600.0,3600.0,3600.0,3600.0,3600.0,3600.0
a8e89821de3ff0a2f3177242f96f4edf,gen-hyper-tw/GenHyperTW_dubois30.wcnf.xz,3600.0,3600.0,3600.0,3600.0,3600.0,3600.0,3600.0,3600.0,3600.0,3600.0,3600.0
93212e2d164c242e32d3fb0b325b585c,gen-hyper-tw/GenHyperTW_flat30-1.wcnf.xz,3600.0,3600.0,3600.0,3600.0,3600.0,3600.0,3600.0,3600.0,3600.0,3600.0,3600.0
a3b1a9891bb5a8a138009bc80c20cc10,gen-hyper-tw/GenHyperTW_flat30-99.wcnf.xz,3600.0,3600.0,3600.0,3600.0,3600.0,3600.0,3600.0,3600.0,3600.0,3600.0,3600.0
483a2fa8c07fba23a6d5563aad7b329d,gen-hyper-tw/GenHyperTW_grid3d_5.wcnf.xz,3600.0,3600.0,3600.0,3600.0,3600.0,3600.0,3600.0,3600.0,3600.0,3600.0,3600.0
49e20e6031b91300efd0c8bb59c4437d,gen-hyper-tw/GenHyperTW_grid4d_3.wcnf.xz,3600.0,3600.0,3600.0,3600.0,3600.0,3600.0,3600.0,3600.0,3600.0,3600.0,3600.0
ca5433cc42840fc9774b7016ba25ce7c,gen-hyper-tw/GenHyperTW_grid5.wcnf.xz,14.74,29.84,23.01,29.73,3600.0,29.96,36.23,12.03,7.01,27.99,9.51
d1f3a23f4970d51757f6733ed734b363,gen-hyper-tw/GenHyperTW_hole9.wcnf.xz,3600.0,3600.0,3600.0,3600.0,3600.0,3600.0,3600.0,3600.0,3600.0,3600.0,3600.0
84ae3dd7eecd026d0c06c75655d5ea94,gen-hyper-tw/GenHyperTW_par8-1-c.wcnf.xz,3600.0,3600.0,3600.0,3600.0,3600.0,3600.0,3600.0,3600.0,3600.0,3600.0,3600.0
2cb3d726bc1c2ba1ce5c1e6403f2a1ba,gen-hyper-tw/GenHyperTW_par8-2-c.wcnf.xz,3600.0,3600.0,3600.0,3600.0,3600.0,3600.0,3600.0,3600.0,3600.0,3600.0,3600.0
fa01f13d30e5ef49e338145747da51d3,gen-hyper-tw/GenHyperTW_par8-3-c.wcnf.xz,3600.0,3600.0,3600.0,3600.0,3600.0,3600.0,3600.0,3600.0,3600.0,3600.0,3600.0
1af983a908023ceff8dbd47d4ddda175,gen-hyper-tw/GenHyperTW_par8-4-c.wcnf.xz,3600.0,3600.0,3600.0,3600.0,3600.0,3600.0,3600.0,3600.0,3600.0,3600.0,3600.0
d2077bdd118ef8f850e77b725703d3a4,gen-hyper-tw/GenHyperTW_par8-5-c.wcnf.xz,3600.0,3600.0,3600.0,3600.0,3600.0,3600.0,3600.0,3600.0,3600.0,3600.0,3600.0
9673fc8dda0ebb86b60cf5cee50e859a,gen-hyper-tw/GenHyperTW_pret60_25.wcnf.xz,3600.0,3600.0,3600.0,3600.0,3600.0,3600.0,3600.0,3600.0,3600.0,3600.0,3600.0
9673fc8dda0ebb86b60cf5cee50e859a,gen-hyper-tw/GenHyperTW_pret60_60.wcnf.xz,3600.0,3600.0,3600.0,3600.0,3600.0,3600.0,3600.0,3600.0,3600.0,3600.0,3600.0
931a9bae826890091144f2cd5ff39652,gen-hyper-tw/GenHyperTW_s208.wcnf.xz,3600.0,3600.0,3600.0,3600.0,3600.0,3600.0,3600.0,3600.0,3600.0,3600.0,3600.0
6a6767e86bda3769c0ffb9e187d4042e,gen-hyper-tw/GenHyperTW_s27.wcnf.xz,0.02,0.04,0.03,0.18,43.26,0.09,0.1,0.17,0.04,0.51,0.04
7f9c95e10742fc02f8ed0150b751974d,gen-hyper-tw/GenHyperTW_uf20-01.wcnf.xz,3600.0,3600.0,3600.0,3600.0,3600.0,3600.0,3600.0,3600.0,3600.0,3600.0,3600.0
cb7e44fe60ca795bdc1e46c39e0f6e8e,gen-hyper-tw/GenHyperTW_uf20-099.wcnf.xz,3600.0,3600.0,3600.0,3600.0,3600.0,3600.0,3600.0,3600.0,3600.0,3600.0,3600.0
db615d5ee8729d62e00f76d235a11511,kbtree/kbtree9_7_3_5_60_1.wcsp.wcnf.xz,3600.0,3600.0,3600.0,1658.9,35.64,3600.0,52.25,3600.0,3600.0,3600.0,3600.0
2968b30b751637e7e6c53e84df890dfd,kbtree/kbtree9_7_3_5_60_2.wcsp.wcnf.xz,3600.0,3600.0,3600.0,3600.0,148.96,3600.0,155.06,3600.0,3600.0,3600.0,3600.0
3368961344c63ec9ac837f5a07b91512,kbtree/kbtree9_7_3_5_60_3.wcsp.wcnf.xz,3600.0,3600.0,3600.0,3600.0,531.55,3600.0,114.41,3600.0,3600.0,3600.0,3600.0
8d2ce30435f51c163ce956b850b184d2,kbtree/kbtree9_7_3_5_60_4.wcsp.wcnf.xz,3600.0,3600.0,3600.0,3600.0,391.79,3600.0,133.72,3600.0,3600.0,3600.0,3600.0
b77cb7aac9284ad4d0a27d8e1d62ce77,kbtree/kbtree9_7_3_5_60_5.wcsp.wcnf.xz,3600.0,3600.0,3600.0,3600.0,132.62,3600.0,62.98,3600.0,3600.0,3600.0,3600.0
a5cb64ad1a4cc05c6b02f24ee51d6213,kbtree/kbtree9_7_3_5_60_6.wcsp.wcnf.xz,3600.0,3600.0,3600.0,3600.0,325.81,3600.0,78.95,3600.0,3600.0,3600.0,3600.0
b04d13a3755055cd533234a9001378a0,kbtree/kbtree9_7_3_5_70_1.wcsp.wcnf.xz,3600.0,3600.0,3600.0,3600.0,177.18,3600.0,41.26,3600.0,3600.0,3600.0,3600.0
223e1d97c94cef47be798211d32c0282,kbtree/kbtree9_7_3_5_70_2.wcsp.wcnf.xz,3600.0,3600.0,3600.0,3600.0,540.7,3600.0,66.21,3600.0,3600.0,3600.0,3600.0
79064077022d824a25b49c1c614211cc,kbtree/kbtree9_7_3_5_70_3.wcsp.wcnf.xz,3600.0,3600.0,3600.0,3600.0,112.66,3600.0,64.82,3600.0,3600.0,3600.0,3600.0
05b1760aed88e9089ce818011e26d92b,kbtree/kbtree9_7_3_5_70_4.wcsp.wcnf.xz,3600.0,3600.0,3600.0,3600.0,362.14,3600.0,55.32,3600.0,3600.0,3600.0,3600.0
57d498acfa4510e1138a84e2a1bf289a,kbtree/kbtree9_7_3_5_70_5.wcsp.wcnf.xz,3600.0,3600.0,3600.0,3600.0,164.43,3600.0,66.36,3600.0,3600.0,3600.0,3600.0
f13cadd3162e3e520e34eb412548153b,kbtree/kbtree9_7_3_5_70_6.wcsp.wcnf.xz,3600.0,3600.0,3600.0,3600.0,243.56,3600.0,133.91,3600.0,3600.0,3600.0,3600.0
7f15282db7b5f2ec78c1bb944cc3bcaf,kbtree/kbtree9_7_3_5_80_1.wcsp.wcnf.xz,3600.0,3600.0,3600.0,3600.0,33.08,2287.9,30.42,3600.0,3600.0,3600.0,3600.0
d944dd68ead88440182f57b34df1664d,kbtree/kbtree9_7_3_5_80_2.wcsp.wcnf.xz,3600.0,3600.0,3600.0,3600.0,78.68,2312.45,56.37,3600.0,3600.0,3600.0,3600.0
9d5767f98957e9e9996b3e0c9a7c6a34,kbtree/kbtree9_7_3_5_80_3.wcsp.wcnf.xz,3600.0,3600.0,3600.0,3600.0,25.33,2406.2,39.74,3600.0,3600.0,3600.0,3600.0
d1a4a0e92f0d210124a7134f2d176924,kbtree/kbtree9_7_3_5_80_4.wcsp.wcnf.xz,3600.0,3600.0,3600.0,3600.0,29.26,1686.49,22.63,2929.67,3600.0,3600.0,3600.0
ba97f8cb640847f12f6cc12315559e31,kbtree/kbtree9_7_3_5_80_5.wcsp.wcnf.xz,3600.0,3600.0,3600.0,3600.0,27.53,2698.95,33.54,3600.0,3600.0,3600.0,3600.0
9e35d5b779627746e334d63232909238,kbtree/kbtree9_7_3_5_80_6.wcsp.wcnf.xz,3600.0,3600.0,3600.0,3600.0,115.6,3468.46,44.05,3600.0,3600.0,3600.0,3600.0
42152a18a07cf7e82701b5314a11f7a4,kbtree/kbtree9_7_3_5_90_1.wcsp.wcnf.xz,3600.0,3600.0,3600.0,341.66,17.8,30.54,14.64,3248.15,3600.0,3600.0,3600.0
49ff54c80509713f41e4e4886ef9652b,kbtree/kbtree9_7_3_5_90_2.wcsp.wcnf.xz,3600.0,3600.0,3600.0,3600.0,16.95,949.91,13.51,3600.0,3600.0,3600.0,3600.0
5a2f5600b014bd27bf6e5251d4223be4,kbtree/kbtree9_7_3_5_90_3.wcsp.wcnf.xz,3600.0,3600.0,3600.0,2396.88,5.05,89.59,4.17,2513.23,3600.0,3600.0,3600.0
d1a8db715985006bb69bfd3582a63773,kbtree/kbtree9_7_3_5_90_4.wcsp.wcnf.xz,3600.0,3600.0,3600.0,3600.0,28.71,541.68,18.35,3143.21,3600.0,3600.0,3600.0
f9c73fdc9818aa10c08ec37526e8e0f0,kbtree/kbtree9_7_3_5_90_5.wcsp.wcnf.xz,3600.0,3600.0,3600.0,3600.0,45.3,795.18,26.26,3600.0,3600.0,3600.0,3600.0
27770a63427fdae2ad41e6b9565ec247,kbtree/kbtree9_7_3_5_90_6.wcsp.wcnf.xz,3600.0,3600.0,3600.0,3600.0,80.0,1028.61,32.42,3557.54,3600.0,3600.0,3600.0
978a1ad8c19ece428e143ed202ae4142,maxclique/MANN_a27.clq.wcnf.xz,22.46,3600.0,4.57,4.15,6.76,0.1,7.44,1.52,3600.0,3600.0,26.44
dbe0d8f8796f69f5ea88d375eaeb02f9,maxclique/MANN_a45.clq.wcnf.xz,1246.97,3600.0,3600.0,1226.19,254.69,10.45,3600.0,452.98,3600.0,3600.0,1558.11
475a3d75f798846a8c0216d4e97b7f0b,maxclique/brock200_1.clq.wcnf.xz,3600.0,3600.0,3600.0,691.97,1644.81,3600.0,1015.54,500.3,3600.0,3600.0,3600.0
44f239a41fd024affbd81d34eecfc300,maxclique/brock200_2.clq.wcnf.xz,18.08,38.91,15.98,18.1,154.03,89.76,82.11,14.05,48.5,76.49,12.93
5651aec09e5943e55f318be052708f0e,maxclique/brock400_1.clq.wcnf.xz,3600.0,3600.0,3600.0,3600.0,3600.0,3600.0,3600.0,3600.0,3600.0,3600.0,3600.0
6318dda7880287b4bd16dc7bd8b3e332,maxclique/brock400_4.clq.wcnf.xz,3600.0,3600.0,3600.0,3600.0,3600.0,3600.0,3600.0,3600.0,3600.0,3600.0,3600.0
fe4c8a2d81630e00a56809e4d787762e,maxclique/brock800_2.clq.wcnf.xz,3600.0,3600.0,3600.0,3600.0,3600.0,3600.0,3600.0,3600.0,3600.0,3600.0,3600.0
72b7b0bda61ddb5395bd4fb1fc3eea82,maxclique/brock800_3.clq.wcnf.xz,3600.0,3600.0,3600.0,3600.0,3600.0,3600.0,3600.0,3600.0,3600.0,3600.0,3600.0
df0ca0e49e8700e46c153b553f1a6aa2,maxclique/brock800_4.clq.wcnf.xz,3600.0,3600.0,3600.0,3600.0,3600.0,3600.0,3600.0,3600.0,3600.0,3600.0,3600.0
1c9a9bfd44e612e80e12183a80d1b00c,maxclique/c-fat200-2.clq.wcnf.xz,0.05,0.3,0.1,0.59,5.37,12.25,0.74,0.6,0.04,0.44,0.07
c38d4706d07721d68c64af2e8b37fb98,maxclique/c-fat500-10.clq.wcnf.xz,0.16,0.65,0.29,4.79,39.8,33.32,1.05,4.89,0.23,2.08,0.18
00aa27e3ffc28d114934c0588774a4d4,maxclique/c-fat500-2.clq.wcnf.xz,0.49,2.84,0.78,88.67,66.31,71.43,39.79,125.02,0.55,2.95,0.53
f2cbcd20f75300c152915a907b4f3b68,maxclique/c-fat500-5.clq.wcnf.xz,0.3,1.28,0.44,18.33,69.76,52.72,31.66,22.31,0.37,3.14,0.35
9236ca045ec498b0356df578d9631a47,maxclique/hamming10-2.clq.wcnf.xz,0.18,0.38,0.41,0.87,0.08,0.96,0.03,0.23,0.01,0.31,0.18
91c5fcc542924b933585265ef79f191f,maxclique/hamming6-2.clq.wcnf.xz,0.0,0.01,0.0,0.0,0.01,0.02,0.0,0.01,0.0,0.04,0.0
ba5b04ecdc61a9ee6ede07ec20095855,maxclique/hamming6-4.clq.wcnf.xz,0.01,0.02,0.01,0.04,0.2,0.19,0.12,0.03,0.01,0.09,0.01
d5bb1d931daa9a5126ebd31e0a4c13d2,maxclique/hamming8-4.clq.wcnf.xz,0.25,0.14,0.29,3.12,1.25,2.57,1.63,0.39,10.03,895.59,0.24
8967ffdab1066aeb33bd3619a34a4179,maxclique/johnson16-2-4.clq.wcnf.xz,4.77,3.88,4.2,4.36,0.02,0.11,0.95,2.47,10.94,123.66,4.15
79ad19f37cb60a38da8018715046e0d1,maxclique/johnson32-2-4.clq.wcnf.xz,3600.0,3600.0,3600.0,3600.0,0.09,1.52,3600.0,3600.0,3600.0,3600.0,3600.0
02a8288962d8afc608aa398e7302c2ee,maxclique/johnson8-2-4.clq.wcnf.xz,0.01,0.01,0.01,0.0,0.01,0.01,0.01,0.0,0.01,0.04,0.0
8988e4abd2448ffd8d1c2135c64da57a,maxclique/johnson8-4-4.clq.wcnf.xz,0.01,0.02,0.01,0.01,0.02,0.03,0.02,0.01,0.02,0.08,0.01
65010ad42b4ad797d0ed7ec03b63c98e,maxclique/keller4.clq.wcnf.xz,6.21,10.13,7.44,0.97,52.96,19.2,19.56,0.37,28.38,210.18,6.43
24833074f8affcd157ef9dd25296106f,maxclique/p_hat1000-1.clq.wcnf.xz,3600.0,3600.0,3600.0,3600.0,3600.0,3600.0,3600.0,3600.0,3600.0,3600.0,3600.0
801a7ce8164130e2084336b9fe396843,maxclique/p_hat1000-2.clq.wcnf.xz,3600.0,3600.0,3600.0,3600.0,3600.0,3600.0,3600.0,3600.0,3600.0,3600.0,3600.0
cb12249c05d4ea400b012d23ffaa0709,maxclique/p_hat500-1.clq.wcnf.xz,104.0,481.78,96.83,3600.0,3600.0,3321.97,3600.0,3128.46,984.64,1127.94,96.64
e0a537337da54411ea5eb460e21b767c,maxclique/p_hat500-3.clq.wcnf.xz,3600.0,3600.0,3600.0,3600.0,3600.0,3600.0,3600.0,3600.0,3600.0,3600.0,3600.0
a9b08b4fb3ccc3fd59a881fcca129c89,maxclique/p_hat700-1.clq.wcnf.xz,801.15,1495.26,626.7,3600.0,3600.0,3600.0,3600.0,3600.0,3600.0,3600.0,908.9
b305f1a3ca214056848562adeaa20258,maxclique/san200_0.7_2.clq.wcnf.xz,3600.0,3600.0,3600.0,0.17,3.73,1.72,0.03,0.07,1459.44,408.99,3600.0
ec1c4fc266bd3d6c5c4aec2d906382fb,maxclique/san200_0.9_1.clq.wcnf.xz,864.57,35.27,409.92,0.04,0.04,0.16,0.01,0.04,0.22,0.16,794.57
3cfc371437382d24dcb15fe36176492d,maxclique/san200_0.9_2.clq.wcnf.xz,3089.04,287.55,2822.92,0.09,0.06,0.17,0.11,0.03,18.01,11.35,1786.39
6e90c77b30e401eeabac785fb7b5b1a2,maxclique/san400_0.7_1.clq.wcnf.xz,3600.0,3600.0,3600.0,0.45,17.11,32.1,0.18,0.3,3600.0,3600.0,3600.0
d744a9c704c2e22685c56b81a717ed26,maxclique/san400_0.7_3.clq.wcnf.xz,3600.0,3600.0,3600.0,0.97,3523.69,1397.0,0.4,0.51,3600.0,3600.0,3600.0
5527ce0bd8b9674993475b918990dfdd,maxclique/sanr200_0.7.clq.wcnf.xz,1302.91,3238.63,2071.34,257.69,731.7,3157.32,471.99,169.45,3600.0,3600.0,1390.34
4bfc5fc117c73cbb5587c249cd18d443,maxclique/sanr200_0.9.clq.wcnf.xz,3600.0,3600.0,3600.0,3600.0,2307.75,3600.0,3600.0,990.45,3600.0,3600.0,3600.0
b7b5f006de98f85d00ebd989c5aba40f,maxclique/sanr400_0.7.clq.wcnf.xz,3600.0,3600.0,3600.0,3600.0,3600.0,3600.0,3600.0,3600.0,3600.0,3600.0,3600.0
7e02b8b384597e647cedd92d36eaa4fd,maxcut/MANN_a9.clq.wcnf.xz,3600.0,3600.0,3600.0,3600.0,3600.0,3600.0,3600.0,3600.0,3600.0,3600.0,3600.0
a9b91060815e17a91cc6600e52792690,maxcut/brock200_1.clq.wcnf.xz,3600.0,3600.0,3600.0,3600.0,3600.0,3600.0,3600.0,3600.0,3600.0,3600.0,3600.0
6684d682f57c97534e30a23aafd0e29b,maxcut/brock400_2.clq.wcnf.xz,3600.0,3600.0,3600.0,3600.0,3600.0,3600.0,3600.0,3600.0,3600.0,3600.0,3600.0
b46985c32b7ce336ae4da2acc33c32c8,maxcut/brock400_4.clq.wcnf.xz,3600.0,3600.0,3600.0,3600.0,3600.0,3600.0,3600.0,3600.0,3600.0,3600.0,3600.0
1aa2db9488acc29d56355b43647a7bd3,maxcut/brock800_2.clq.wcnf.xz,3600.0,3600.0,3600.0,3600.0,2340.27,3600.0,3600.0,3600.0,3600.0,3600.0,3600.0
f36a1b9ea45d349b38a2c660117edf47,maxcut/brock800_3.clq.wcnf.xz,3600.0,3600.0,3600.0,3600.0,1474.41,3600.0,3600.0,3600.0,3600.0,3600.0,3600.0
4d37a398464daff8b86e4ce3311ade52,maxcut/c-fat200-2.clq.wcnf.xz,9.79,1.02,15.69,0.03,0.12,0.08,0.09,0.03,0.02,0.06,4.43
708edca11b1a0d208ab1b9490dd005d8,maxcut/c-fat200-5.clq.wcnf.xz,3600.0,3600.0,3600.0,3600.0,8.06,3600.0,140.51,3600.0,1620.86,3600.0,3600.0
ebf6b32bacb367eda48af8bd39c6eabb,maxcut/c-fat500-1.clq.wcnf.xz,0.0,0.0,0.0,0.0,0.02,0.01,0.0,0.0,0.0,0.04,0.0
6a410e914cb270076214106981565896,maxcut/hamming10-2.clq.wcnf.xz,3600.0,3600.0,3600.0,3600.0,3600.0,3600.0,3600.0,3600.0,3600.0,3600.0,3600.0
6111b146f0ea49657d4ef70cc639e47a,maxcut/hamming6-4.clq.wcnf.xz,3600.0,3600.0,3600.0,3600.0,67.96,3600.0,542.29,3600.0,450.92,3600.0,3600.0
6cd204cc42707469999205ba715c9610,maxcut/hamming8-4.clq.wcnf.xz,3600.0,3600.0,3600.0,3600.0,59.85,3600.0,2767.87,3600.0,3600.0,3600.0,3600.0
d9fb49bf186ad5e16692f72d94c210b0,maxcut/p_hat1000-2.clq.wcnf.xz,3600.0,3600.0,3600.0,3600.0,94.89,3600.0,420.71,3600.0,3600.0,3600.0,3600.0
4582d7a7a9a56d3011c00c1831c0a670,maxcut/p_hat1000-3.clq.wcnf.xz,3600.0,3600.0,3600.0,3600.0,3600.0,3600.0,3600.0,3600.0,3600.0,3600.0,3600.0
514413f939c4e111593e194c49276286,maxcut/p_hat300-1.clq.wcnf.xz,26.72,24.16,18.97,13.73,3.53,3600.0,5.88,13.03,2.3,43.94,22.36
dca91efffae27cfbb3e40b298194632d,maxcut/p_hat500-1.clq.wcnf.xz,690.41,646.73,378.6,260.9,7.17,3600.0,35.01,382.0,74.57,464.02,954.27
197f5b7072bee2e90deef58819bc671c,maxcut/p_hat500-3.clq.wcnf.xz,3600.0,3600.0,3600.0,3600.0,3600.0,3600.0,3600.0,3600.0,3600.0,3600.0,3600.0
847a9ac5312b7ad2aaa552881b358d46,maxcut/p_hat700-2.clq.wcnf.xz,3600.0,3600.0,3600.0,3600.0,61.76,3600.0,795.57,3600.0,3600.0,3600.0,3600.0
c9a902aaa05d0589ed9c25add453f9a9,maxcut/p_hat700-3.clq.wcnf.xz,3600.0,3600.0,3600.0,3600.0,3600.0,3600.0,3600.0,3600.0,3600.0,3600.0,3600.0
3783525bae11ae16c996846928c1b58e,maxcut/san400_0.5_1.clq.wcnf.xz,3600.0,3600.0,3600.0,3600.0,71.41,3600.0,510.47,3600.0,3600.0,3600.0,3600.0
7543943446517f84b3d165e83ce15e02,maxcut/san400_0.7_1.clq.wcnf.xz,3600.0,3600.0,3600.0,3600.0,3600.0,3600.0,3600.0,3600.0,3600.0,3600.0,3600.0
b865f693c8aacd4fb7d924ada2cd9cc4,maxcut/san400_0.7_2.clq.wcnf.xz,3600.0,3600.0,3600.0,3600.0,3600.0,3600.0,3600.0,3600.0,3600.0,3600.0,3600.0
0edc137750012d9bdc4e2af858721a59,maxcut/san400_0.7_3.clq.wcnf.xz,3600.0,3600.0,3600.0,3600.0,3600.0,3600.0,3600.0,3600.0,3600.0,3600.0,3600.0
4feabb3fd91237e14f5b35381c29b667,maxcut/san400_0.9_1.clq.wcnf.xz,3600.0,3600.0,3600.0,3600.0,3600.0,3600.0,3600.0,3600.0,3600.0,3600.0,3600.0
882b1b5ef43df1863a10946526b7d973,maxcut/sanr200_0.7.clq.wcnf.xz,3600.0,3600.0,3600.0,3600.0,3600.0,3600.0,3600.0,3600.0,3600.0,3600.0,3600.0
39e6025429ef805d7990b077d2872c23,maxcut/t3pm3-5555.spn.wcnf.xz,0.18,0.09,0.24,0.02,0.22,0.58,0.12,0.02,0.01,0.05,0.12
db12ba77d7c357bfa69414bcbd08f6aa,maxcut/t4pm3-6666.spn.wcnf.xz,86.35,11.43,75.48,8.15,2.24,4.92,2.54,6.81,0.1,0.2,78.42
22b66cb17a63798ca233d2a8ac926987,maxcut/t5pm3-7777.spn.wcnf.xz,3600.0,3600.0,3600.0,3600.0,78.91,3600.0,1294.59,3600.0,3600.0,3600.0,3600.0
fc469e1640f8d601ad7acfc48029d953,maxcut/t6pm3-8888.spn.wcnf.xz,3600.0,3600.0,3600.0,3600.0,1112.99,3600.0,3600.0,3600.0,3600.0,3600.0,3600.0
34049f6b99168be9b394a4ccd0b81bc2,maxcut/t7pm3-9999.spn.wcnf.xz,3600.0,3600.0,3600.0,3600.0,3600.0,3600.0,3600.0,3600.0,3600.0,3600.0,3600.0
114527052c66d447e2667df7daa87dd2,min-fill/MinFill_R0_miles1500.wcnf.xz,3600.0,3600.0,3600.0,3600.0,3600.0,3600.0,1092.08,3600.0,532.03,3600.0,3600.0
e698083700259a95cf1410a7d49c43e2,min-fill/MinFill_R0_mulsol.i.1.wcnf.xz,3600.0,3600.0,3600.0,3600.0,3600.0,710.64,318.62,3600.0,3600.0,3600.0,3600.0
f485ada4ca017a7282b51578bdf41d2a,min-fill/MinFill_R0_mulsol.i.2.wcnf.xz,3600.0,3600.0,3600.0,3600.0,3600.0,2725.31,471.71,3600.0,3600.0,3600.0,3600.0
a30d356b34964d08e319e49b07a9cba2,min-fill/MinFill_R0_mulsol.i.3.wcnf.xz,3600.0,3600.0,3600.0,3600.0,3600.0,1637.87,3600.0,3600.0,3600.0,3600.0,3600.0
98ad198410e205a7e4b097a92eeae9c6,min-fill/MinFill_R0_mulsol.i.4.wcnf.xz,3600.0,3600.0,3600.0,3600.0,3600.0,1380.58,501.82,3600.0,3600.0,3600.0,3600.0
fa001f9bd7d091b75c837ce279e7902e,min-fill/MinFill_R0_mulsol.i.5.wcnf.xz,3600.0,3600.0,3600.0,3600.0,3600.0,1510.93,407.88,3600.0,3600.0,3600.0,3600.0
de9576b8fa08763095536f9b258b1580,min-fill/MinFill_R0_myciel3.wcnf.xz,0.16,0.11,0.2,0.19,2676.94,0.12,20.68,0.14,0.03,0.91,0.27
83c45b2b5d9a7077de6b8cb8dd382d8d,min-fill/MinFill_R0_myciel4.wcnf.xz,222.1,3600.0,3600.0,3600.0,3600.0,2.03,4.9,3600.0,5.46,3600.0,2703.25
70812aa8849ca7725eb677c858bec5bd,min-fill/MinFill_R0_myciel5.wcnf.xz,3600.0,3600.0,3600.0,3600.0,3600.0,289.22,222.4,3600.0,3600.0,3600.0,3600.0
64fe9eb8e89d347bb36d204833e9884a,min-fill/MinFill_R0_myciel6.wcnf.xz,3600.0,3600.0,3600.0,3600.0,3600.0,3600.0,3600.0,3600.0,3600.0,3600.0,3600.0
95a60748835ad98c14c8beec69a05031,min-fill/MinFill_R0_myciel7.wcnf.xz,3600.0,3600.0,3600.0,3600.0,3600.0,3600.0,3600.0,3600.0,3600.0,3600.0,3600.0
c441a685a5e25f3dd28b0d6b65e9f0cd,min-fill/MinFill_R0_queen11_11.wcnf.xz,3600.0,3600.0,3600.0,3600.0,3600.0,3600.0,3600.0,3600.0,3600.0,3600.0,3600.0
eccbb210e1ffcc2fcb7973022050327b,min-fill/MinFill_R0_queen5_5.wcnf.xz,3600.0,3600.0,3600.0,3600.0,3600.0,224.35,210.9,3600.0,3600.0,3600.0,3600.0
df11b5a4e85840c22f186c308a24a3e6,min-fill/MinFill_R0_queen6_6.wcnf.xz,3600.0,3600.0,3600.0,3600.0,3600.0,3600.0,3600.0,3600.0,3600.0,3600.0,3600.0
da8f959cff96df86e1e74d4eaaaf07a5,min-fill/MinFill_R0_queen7_7.wcnf.xz,3600.0,3600.0,3600.0,3600.0,3600.0,3600.0,3600.0,3600.0,3600.0,3600.0,3600.0
7c44e5592cce892060a3411115844599,min-fill/MinFill_R0_queen8_12.wcnf.xz,3600.0,3600.0,3600.0,3600.0,3600.0,3600.0,3600.0,3600.0,3600.0,3600.0,3600.0
3fc9af170b9d5adb0d35e99318434462,min-fill/MinFill_R0_queen8_8.wcnf.xz,3600.0,3600.0,3600.0,3600.0,3600.0,3600.0,3600.0,3600.0,3600.0,3600.0,3600.0
957a119351606c4561d680738c36bab9,min-fill/MinFill_R0_queen9_9.wcnf.xz,3600.0,3600.0,3600.0,3600.0,3600.0,3600.0,3600.0,3600.0,3600.0,3600.0,3600.0
9082296f102d855f5f29670ee553c258,min-fill/MinFill_R10_anna.wcnf.xz,154.5,988.01,176.27,3600.0,3600.0,4.49,3.35,3600.0,28.78,3600.0,90.69
50aa3384b72c20ae04724152c2994186,min-fill/MinFill_R12_miles250.wcnf.xz,142.49,759.65,124.85,713.63,3600.0,15.77,9.32,1472.67,37.04,3600.0,112.88
cfccbc4b1c707e54e6079ac274241296,min-fill/MinFill_R1_games120.wcnf.xz,3600.0,3600.0,3600.0,3600.0,3600.0,3600.0,3600.0,3600.0,3600.0,3600.0,3600.0
1b1fab6dac83787cf92d370a3f616ef3,min-fill/MinFill_R3_david.wcnf.xz,3600.0,3600.0,3600.0,3600.0,3600.0,110.09,50.83,3600.0,3600.0,3600.0,3600.0
96141219cbbb6d2f4dfa9335e25e7f40,min-fill/MinFill_R3_huck.wcnf.xz,0.02,0.01,0.01,0.03,26.46,0.03,0.02,0.02,0.02,0.11,0.01
11fe811f42ccd41607ce12edc080f430,min-fill/MinFill_R3_miles1000.wcnf.xz,3600.0,3600.0,3600.0,3600.0,3600.0,3600.0,3600.0,3600.0,3600.0,3600.0,3600.0
e34c0270b6d40bcfaa886dfd8ff1ada1,min-fill/MinFill_R3_miles750.wcnf.xz,3600.0,3600.0,3600.0,3600.0,3600.0,3600.0,3600.0,3600.0,3600.0,3600.0,3600.0
d8b4cd289680390ea5b584ed3553ed16,min-fill/MinFill_R4_miles500.wcnf.xz,3600.0,3600.0,3600.0,3600.0,3600.0,3600.0,3600.0,3600.0,3600.0,3600.0,3600.0
a5b8baa19c3e1b3b667be651f80b3579,min-fill/MinFill_R5_jean.wcnf.xz,0.39,0.26,0.41,0.37,3600.0,0.19,0.21,0.34,0.13,2.0,0.65
5a451c257892a7d7f43ffa3b7af676a0,treewidth-computation/TWComp_1c75_N69.wcnf.xz,3600.0,3600.0,3600.0,3600.0,3600.0,3600.0,3600.0,3600.0,3600.0,3600.0,3600.0
76d0410c19605995b7711ed1143a4eb1,treewidth-computation/TWComp_1dj7_N73.wcnf.xz,3600.0,3600.0,3600.0,3600.0,3600.0,3600.0,3600.0,3600.0,3600.0,3600.0,3600.0
975ce1a8a305ab75c80f91ab05634626,treewidth-computation/TWComp_1dp_N76.wcnf.xz,3600.0,3600.0,3600.0,3600.0,3600.0,3600.0,3600.0,3600.0,3600.0,3600.0,3600.0
09b73c4d04c444c15d86812cd056485e,treewidth-computation/TWComp_1en2_N69.wcnf.xz,1287.26,643.49,235.83,722.64,3600.0,2513.48,3600.0,652.01,308.27,1219.83,204.16
e83e458fc471884ed8222002a5dff673,treewidth-computation/TWComp_alarm_N37.wcnf.xz,0.08,0.18,0.1,18.83,2896.0,0.74,0.74,18.05,0.28,4.42,0.08
3922ef309e4bc117e99834392583a2cf,treewidth-computation/TWComp_barle_N48.wcnf.xz,2.18,2.64,1.96,61.24,3600.0,4.62,3.75,57.55,2.08,19.97,2.0
226c0614200ab5fe393e520e014205ac,treewidth-computation/TWComp_barley-pp_N26.wcnf.xz,0.38,0.29,0.25,3.32,3600.0,0.54,0.36,3.11,0.22,1.88,0.28
378a99d536ddfb52b1afe1e01c7fc288,treewidth-computation/TWComp_barley2_N48.wcnf.xz,2.19,2.17,1.83,77.93,3600.0,4.62,4.29,73.37,2.06,20.17,1.88
f5833e85c44a7d9ed0f4c5f06cd8b032,treewidth-computation/TWComp_celar02_N100.wcnf.xz,2.93,4.28,3.17,2.71,3600.0,23.18,24.31,3.07,12.03,103.22,2.99
5f698dfcfb971d8ce9564b053490ad13,treewidth-computation/TWComp_celar09pp_N67.wcnf.xz,0.51,1.09,0.58,17.74,3600.0,5.17,4.99,18.52,2.11,40.05,0.58
810c1f436845bb7afd417a5b7d7d3310,treewidth-computation/TWComp_david-pp_N29.wcnf.xz,0.65,1.7,0.44,9.08,3600.0,1.81,0.97,6.36,1.1,3.51,0.59
a308441ff24390a2f45e9aacc9695098,treewidth-computation/TWComp_david_N87.wcnf.xz,20.74,12.3,12.71,14.64,3600.0,23.93,33.11,15.77,13.62,135.1,22.3
bb95fedb197e9d32dc07ff8020f17af2,treewidth-computation/TWComp_eil51.tsp_N51.wcnf.xz,1930.84,3600.0,1395.83,3600.0,3600.0,487.61,568.91,3600.0,2711.74,3600.0,2425.8
b8a5545256baf5d90b7d96dd6f3afb7b,treewidth-computation/TWComp_hailfinder_N56.wcnf.xz,0.35,0.67,0.44,17.24,3600.0,3.08,2.85,16.27,1.17,21.85,0.47
8e48576ee5e18f9b2278c7a4cd6e085a,treewidth-computation/TWComp_hepar2_N70.wcnf.xz,0.68,1.26,0.8,17.9,3600.0,5.81,6.57,18.02,2.75,43.22,0.69
4c229345b0ff586a80a722b7d6403e01,treewidth-computation/TWComp_huck_N74.wcnf.xz,0.89,1.65,0.87,18.12,3600.0,6.94,7.72,18.1,3.62,50.35,0.87
bb49e9212852f43695fc9bdb5d967835,treewidth-computation/TWComp_jean_N77.wcnf.xz,1.09,1.84,1.21,0.99,3600.0,7.56,8.94,1.09,4.26,53.74,0.88
dbbb9c225921aed0d3b15e87cdfa0980,treewidth-computation/TWComp_mainuk_N48.wcnf.xz,0.29,0.45,0.33,61.12,3600.0,2.01,1.81,56.95,0.78,13.17,0.34
a024a4a9c0876242c029d23cb257adbd,treewidth-computation/TWComp_mildew_35.wcnf.xz,0.1,0.18,0.12,11.4,3600.0,0.7,0.62,10.84,0.23,4.48,0.11
cbd5911da289a102571bfece5c42df88,treewidth-computation/TWComp_miles500_N128.wcnf.xz,1734.82,369.37,225.99,347.37,3600.0,640.82,451.32,679.55,181.4,726.33,395.94
278956df4aa23b5ff4dd7e2ab30c1161,treewidth-computation/TWComp_mulsol.i.5-pp_N119.wcnf.xz,532.82,2748.71,262.23,3463.07,3600.0,3600.0,1602.36,3600.0,1404.29,3600.0,1257.57
68d71c10d5fe713f3db0399d1b56b76d,treewidth-computation/TWComp_myciel4_N23.wcnf.xz,11.97,18.49,10.16,21.6,3600.0,6.92,11.76,15.43,10.13,32.29,12.44
81624dedaa57f22db99b68025cc6fecf,treewidth-computation/TWComp_myciel5_N47.wcnf.xz,3600.0,3600.0,3600.0,3600.0,3600.0,3600.0,3600.0,3600.0,3600.0,3600.0,3600.0
e34e404b4a9694f2c54e0cfdcc50a00f,treewidth-computation/TWComp_oesoca+_N67.wcnf.xz,119.21,124.51,110.32,136.32,3600.0,227.48,229.19,130.8,84.57,259.69,105.45
6df20392ea115f14648d09d8f972c220,treewidth-computation/TWComp_oesoca4_N42.wcnf.xz,0.13,0.26,0.14,30.34,3306.17,1.14,1.15,29.38,0.45,7.06,0.14
14c55739675f1d730aaae7bf67c66ef2,treewidth-computation/TWComp_oesoca_N39.wcnf.xz,0.1,0.21,0.12,24.44,3600.0,0.87,0.89,23.38,0.34,5.22,0.1
e0c3524dd4360fe1b06a58c94c95f34f,treewidth-computation/TWComp_pathfinder_N109.wcnf.xz,2.33,4.62,3.45,2.54,3600.0,25.72,31.55,2.78,15.49,146.53,2.98
684479f2e5c5a721acd41167544df706,treewidth-computation/TWComp_queen5_5_N25.wcnf.xz,3600.0,3600.0,3600.0,3600.0,3600.0,3600.0,3600.0,3600.0,3600.0,3600.0,3600.0
fdf0acd9adff3afa6bbcd9c61d0b3128,treewidth-computation/TWComp_queen6_6_N36.wcnf.xz,3600.0,3600.0,3600.0,3600.0,3600.0,3600.0,3600.0,3600.0,3600.0,3600.0,3600.0
5afd8afac94ccb448379fa185a615c4c,treewidth-computation/TWComp_queen7_7_N49.wcnf.xz,3600.0,3600.0,3600.0,3600.0,3600.0,3600.0,3600.0,3600.0,3600.0,3600.0,3600.0
146d0d1da9ee6be496abd311fcc95209,treewidth-computation/TWComp_ship-ship-pp_N30.wcnf.xz,37.16,45.07,31.79,55.89,3600.0,97.78,155.17,56.32,34.96,241.57,33.52
961b3c5786652bb8af76c86233b68a24,treewidth-computation/TWComp_water_N32.wcnf.xz,0.92,1.02,0.61,8.79,3600.0,1.39,1.19,8.21,1.09,4.87,0.31
50ed4a333694bda875b6109a7cf02b09,treewidth-computation/TWComp_win95pts_N76.wcnf.xz,2.01,2.33,2.11,1.48,3600.0,7.54,8.78,1.92,4.3,52.48,1.49
a346c766dd23d3b0b178843106f9fb75,reversi/rev44-10.wcnf.xz,0.62,0.44,0.56,0.72,89.16,5.65,6.95,0.66,1.08,1.45,0.57
8f9d16b131791912a7adda6585db474d,reversi/rev44-14.wcnf.xz,0.03,0.05,0.05,0.11,221.9,0.11,0.1,0.11,0.05,0.48,0.08
e881f261684d4b4174d756a3abd85410,reversi/rev44-16.wcnf.xz,0.02,0.03,0.02,0.11,1066.81,0.13,0.12,0.11,0.06,0.67,0.03
435b13728343e7e28c8a9ab1d3242129,reversi/rev44-18.wcnf.xz,0.04,0.05,0.03,0.14,1041.01,0.15,0.11,0.14,0.06,0.62,0.02
9cc526825ea00fb9fabfc8b366e6adab,reversi/rev44-20.wcnf.xz,0.02,0.05,0.03,0.22,868.8,0.17,0.15,0.17,0.07,0.85,0.04
99fa1026370950df650e01e66a2c7bd5,reversi/rev44-22.wcnf.xz,0.04,0.04,0.12,0.17,3600.0,0.18,0.14,0.15,0.06,1.01,0.04
67efc445c8a3b154e1cc693875b5803e,reversi/rev44-24.wcnf.xz,0.07,0.06,0.03,0.19,3421.48,0.21,0.15,0.17,0.08,1.07,0.03
9d8d0d1b5edc30c4fe7cb7de5a039c0e,reversi/rev44-4.wcnf.xz,0.02,0.02,0.01,0.02,0.27,0.28,0.19,0.02,0.02,0.17,0.01
0dcef920f810dff2f3b75676284fcbd7,reversi/rev44-6.wcnf.xz,0.06,0.09,0.04,0.13,1.32,1.17,0.62,0.1,0.11,0.4,0.05
5fa0b77f1d6e5ef86c671f8a62928868,reversi/rev44-8.wcnf.xz,0.16,0.45,0.23,0.33,22.64,3.08,1.94,0.26,0.48,1.11,0.34
e60765ec1706bee1631eb836fc4765ad,reversi/rev66-10.wcnf.xz,92.51,169.73,61.07,133.28,3600.0,3600.0,3600.0,129.72,248.9,1558.17,72.99
f8152ebd3a50aaac4d2d500269be1117,reversi/rev66-12.wcnf.xz,3218.09,2585.58,1720.97,2941.17,3600.0,3600.0,3600.0,3600.0,3600.0,3600.0,2104.14
51a56b1c8107453da4a79a4644c5b050,reversi/rev66-14.wcnf.xz,3600.0,3600.0,3600.0,3600.0,3600.0,3600.0,3600.0,3600.0,3600.0,3600.0,3600.0
7c9bf5669164f4536778846222835fdf,reversi/rev66-16.wcnf.xz,3600.0,3600.0,3600.0,3600.0,3600.0,3600.0,3600.0,3600.0,3600.0,3600.0,3600.0
0d96291aa07376b6d958c54e2f0b66e1,reversi/rev66-18.wcnf.xz,3600.0,3600.0,3600.0,3600.0,3600.0,3600.0,3600.0,3600.0,3600.0,3600.0,3600.0
92cc907b5f6920a31dcc89cbb73f34b8,reversi/rev66-20.wcnf.xz,3600.0,3600.0,3600.0,3600.0,3600.0,3600.0,3600.0,3600.0,3600.0,3600.0,3600.0
97e8f080547ee6fcb9f04f8c4f181e82,reversi/rev66-22.wcnf.xz,3600.0,3600.0,3600.0,3600.0,3600.0,3600.0,3600.0,3600.0,3600.0,3600.0,3600.0
721e129959587b79a4429bb1a8dab4e9,reversi/rev66-26.wcnf.xz,3600.0,3600.0,3600.0,3600.0,3600.0,3600.0,3600.0,3600.0,3600.0,3600.0,3600.0
319329db93ca7f663d7fad77b25db791,reversi/rev66-32.wcnf.xz,3600.0,3600.0,3600.0,3600.0,3600.0,3600.0,3600.0,3600.0,3600.0,3600.0,3600.0
5fe29394b414a5643e79a95ee87caa13,reversi/rev66-34.wcnf.xz,1.11,7.05,14.2,9.12,3600.0,29.25,26.23,20.82,12.63,56.98,27.44
adacfea99b9f91dad582569e68bfad2e,reversi/rev66-36.wcnf.xz,4.43,9.79,17.52,17.38,3600.0,12.58,2.57,9.5,3.34,20.03,14.87
6e582f3fe2db1be72769e17382377ecc,reversi/rev66-38.wcnf.xz,8.84,5.58,14.61,4.82,3600.0,40.66,1.34,30.05,10.63,15.4,4.14
847d144ffef16ae0f20f9ebde5f675a0,reversi/rev66-4.wcnf.xz,0.03,0.06,0.03,0.07,0.73,1.64,0.39,0.07,0.06,0.75,0.03
dd791f87175c7342ad9bc55c0a2f84be,reversi/rev66-40.wcnf.xz,11.87,7.72,9.15,10.39,3600.0,21.34,4.74,8.05,12.45,22.25,12.44
ee0de76b2a16b73077962ad0f601a69b,reversi/rev66-42.wcnf.xz,2.95,13.02,8.44,28.31,3600.0,18.99,11.16,8.2,4.54,73.22,34.51
bfa2f33f92b7bce28c3ca3ce09898d34,reversi/rev66-44.wcnf.xz,3.4,3.45,16.41,5.6,3600.0,17.14,2.81,7.52,11.69,62.48,20.45
a7b01e244fb8ab4bbd3520bdd806027f,reversi/rev66-46.wcnf.xz,7.83,5.85,3.71,7.73,3600.0,19.09,12.9,25.28,8.73,41.62,24.88
20aeb59f713bfcd5dbfb6a9b661f5f70,reversi/rev66-50.wcnf.xz,9.11,0.4,25.6,23.72,3600.0,38.36,25.24,21.67,5.75,58.17,18.59
96c83de7df5070bf73d69fd904c9d80b,reversi/rev66-52.wcnf.xz,6.57,9.5,38.06,23.94,3600.0,31.26,17.12,21.85,27.39,27.24,33.69
76c6b75b8cf9df4b67999c0ddb6b3d41,reversi/rev66-58.wcnf.xz,15.49,8.11,21.07,20.8,3600.0,49.7,4.08,20.82,10.41,183.46,38.25
971812f26af7c822f8b3b5de4d8b0ced,reversi/rev66-6.wcnf.xz,0.34,1.26,0.5,1.11,70.39,140.62,33.53,1.1,2.47,4.36,0.5
86fcbebd732d04a35ea3e210ab6a74bb,reversi/rev66-60.wcnf.xz,7.91,9.53,25.12,30.82,3600.0,37.44,48.45,32.18,16.3,61.25,8.54
509efe95822a05e47c60c5527b3ce952,reversi/rev66-62.wcnf.xz,14.37,4.65,41.64,18.63,3600.0,32.97,12.51,14.39,17.77,31.47,36.61
c4b3685144fc32b3300108eba449ba77,reversi/rev66-64.wcnf.xz,11.56,6.56,35.43,20.58,3600.0,23.11,9.1,22.45,2.69,83.15,46.17
5c65278b39c0cc18319a479c847c6d70,reversi/rev66-8.wcnf.xz,18.19,36.14,15.41,48.33,3600.0,3600.0,3600.0,40.76,59.88,154.64,14.83
e4788e4c1f7d8904542ecaaf32708afa,atcoss-mesat/atcoss_mesat_01.wcnf.xz,148.15,168.18,89.99,231.72,3600.0,62.46,59.46,190.02,44.9,240.92,76.39
f6c94e15ab52ec13b4a3ff64a095fac2,atcoss-mesat/atcoss_mesat_02.wcnf.xz,3600.0,3600.0,3600.0,3600.0,3600.0,3600.0,3600.0,3600.0,3600.0,3600.0,3600.0
ce0c8e73080b230c99bcb093fbc68252,atcoss-mesat/atcoss_mesat_03.wcnf.xz,3600.0,3600.0,3600.0,3600.0,3600.0,3600.0,3600.0,3600.0,3600.0,3600.0,3600.0
03a7a9705731681707c028c9234394de,atcoss-mesat/atcoss_mesat_04.wcnf.xz,3600.0,3600.0,3600.0,3600.0,3600.0,3600.0,3600.0,3600.0,3600.0,3600.0,3600.0
2b9e5ca776512c86bde9b11e6504d375,atcoss-mesat/atcoss_mesat_05.wcnf.xz,3600.0,3600.0,2290.77,3600.0,3600.0,3600.0,3600.0,3600.0,3600.0,3600.0,3188.03
abf00435e1b542c70ec484c8e07f38b9,atcoss-mesat/atcoss_mesat_06.wcnf.xz,390.19,480.6,378.71,336.84,3600.0,83.13,99.57,394.98,82.53,736.32,380.87
a4091c1c56f2d47e1eb06a91f1fa5da8,atcoss-mesat/atcoss_mesat_07.wcnf.xz,41.17,45.87,83.33,40.56,3600.0,19.86,12.24,57.77,9.35,169.23,85.18
62ccd5c54d42627d4bf47c48f2d4c446,atcoss-mesat/atcoss_mesat_08.wcnf.xz,38.53,42.06,89.86,46.25,3600.0,19.67,11.9,61.41,8.42,185.27,84.36
90aba17ca699e0c404e6624e19e99090,atcoss-mesat/atcoss_mesat_09.wcnf.xz,171.32,133.86,149.74,152.58,3600.0,33.12,26.4,195.22,23.68,281.78,173.62
d24d364b96897a1ed2cbfba6833fe39f,atcoss-mesat/atcoss_mesat_10.wcnf.xz,3600.0,3600.0,1703.19,3600.0,3600.0,3110.44,3343.63,3600.0,1203.55,3600.0,1876.7
88aaa449542acf66028443f93a4d2261,atcoss-mesat/atcoss_mesat_11.wcnf.xz,83.93,73.89,81.0,74.04,3600.0,16.43,11.11,65.82,11.34,144.46,87.57
3badf89edded5c4f9e133d985aef421c,atcoss-mesat/atcoss_mesat_12.wcnf.xz,63.53,56.67,80.15,56.27,3600.0,18.05,10.52,66.97,8.1,242.66,82.87
6c8185d6e29a60ee2eec87350ddf1765,atcoss-mesat/atcoss_mesat_13.wcnf.xz,169.91,178.81,362.73,317.37,3600.0,50.89,49.52,313.3,26.01,723.9,480.06
f0526c13abe363061618e4b5174f7399,atcoss-mesat/atcoss_mesat_14.wcnf.xz,256.4,288.91,903.27,453.03,3600.0,59.86,57.95,591.68,33.37,919.49,718.38
b95022969e00a1317f9cd318f05edaf7,atcoss-mesat/atcoss_mesat_15.wcnf.xz,3600.0,3600.0,3600.0,3600.0,3600.0,3600.0,3600.0,3600.0,3600.0,3600.0,3600.0
f46f3e7e1d336e274f155d02238d8d78,atcoss-mesat/atcoss_mesat_16.wcnf.xz,59.48,54.49,132.21,81.73,3600.0,23.24,14.59,90.38,9.69,258.01,113.91
c8a2c4b23f6afc661ce7d1d9a5eece65,atcoss-mesat/atcoss_mesat_17.wcnf.xz,75.43,73.14,203.0,137.96,3600.0,30.05,21.86,147.32,20.81,328.12,187.3
61a38599aaf2dd2fd403efc8388716ac,atcoss-mesat/atcoss_mesat_18.wcnf.xz,3600.0,3600.0,3600.0,3600.0,3600.0,3600.0,3600.0,3600.0,3600.0,3600.0,3600.0
da974f8bbefe8675200bb0f93b8c1814,atcoss-sugar/atcoss_sugar_01.wcnf.xz,36.97,44.96,14.16,65.33,3600.0,39.64,44.22,73.08,32.3,295.69,13.8
21c04cf31602926afd9dcf252da97b17,atcoss-sugar/atcoss_sugar_02.wcnf.xz,3600.0,3600.0,3600.0,3600.0,3600.0,3600.0,3600.0,3600.0,3600.0,3600.0,3600.0
5db68d4bb664c51448adc2b3ac941d03,atcoss-sugar/atcoss_sugar_03.wcnf.xz,3600.0,3600.0,3600.0,3600.0,3600.0,3600.0,3600.0,3600.0,3600.0,3600.0,3600.0
9e4c1dc48c9eca1cd3321b3440c9987c,atcoss-sugar/atcoss_sugar_04.wcnf.xz,3600.0,3600.0,3600.0,3600.0,3600.0,3600.0,3600.0,3600.0,3600.0,3600.0,3600.0
779197085c5705f724f9c4a79de75cc4,atcoss-sugar/atcoss_sugar_05.wcnf.xz,3600.0,3600.0,3600.0,3600.0,3600.0,3600.0,3600.0,3600.0,3600.0,3600.0,3600.0
e5b7892c6aaf86ff6b57124423a6e86d,atcoss-sugar/atcoss_sugar_06.wcnf.xz,83.29,81.83,70.99,86.64,3600.0,59.17,79.32,81.68,46.08,409.37,74.87
ad450bb6962bfe5550da578f45ee1ff6,atcoss-sugar/atcoss_sugar_07.wcnf.xz,14.0,12.93,16.9,21.02,3600.0,7.95,9.24,20.2,3.16,77.04,18.04
903926974552fe8613e6b794e0f1caed,atcoss-sugar/atcoss_sugar_08.wcnf.xz,6.88,8.71,16.41,20.67,3600.0,7.88,8.16,22.0,3.49,71.28,18.22
7277f75174a4bc37e35e4ab8dfe10ed0,atcoss-sugar/atcoss_sugar_09.wcnf.xz,43.35,70.71,35.64,44.64,3600.0,29.74,13.14,82.53,10.2,132.81,37.44
b7268d11503040768324ba5fb967e9bf,atcoss-sugar/atcoss_sugar_10.wcnf.xz,3600.0,3600.0,3194.36,3600.0,3600.0,3600.0,3600.0,3600.0,3600.0,3600.0,3600.0
ce00105b53b32170f51a06b07489a7b7,atcoss-sugar/atcoss_sugar_11.wcnf.xz,11.51,11.09,11.84,30.98,3600.0,6.96,4.71,28.51,2.94,51.35,12.04
71fbee14288909ebe90249f5c7baadf4,atcoss-sugar/atcoss_sugar_12.wcnf.xz,33.6,50.21,38.02,61.62,3600.0,81.6,105.35,58.75,18.81,168.77,42.15
2170c390f65c6b9f278a548154e398d9,atcoss-sugar/atcoss_sugar_13.wcnf.xz,33.54,35.87,69.51,69.9,3600.0,22.5,22.23,64.17,13.41,215.21,88.51
77d783b6de8653a137d66f117c6fc792,atcoss-sugar/atcoss_sugar_14.wcnf.xz,67.61,57.38,89.43,86.3,3600.0,24.25,26.68,76.4,19.01,252.16,130.67
0c4122e04221baafe839e46864b7cf9f,atcoss-sugar/atcoss_sugar_15.wcnf.xz,3600.0,3600.0,3600.0,3600.0,3600.0,3600.0,3600.0,3600.0,3600.0,3600.0,3600.0
b883cbd76770c34eaa7a44057215068c,atcoss-sugar/atcoss_sugar_16.wcnf.xz,14.12,15.16,22.9,23.96,3600.0,8.05,8.85,26.85,4.06,86.65,21.81
41777ced15eae702abf2199435cff48c,atcoss-sugar/atcoss_sugar_17.wcnf.xz,24.17,21.17,36.02,33.33,3600.0,10.49,10.5,39.06,8.73,110.29,37.42
404aaf65b238773b8ffe286514b6d735,atcoss-sugar/atcoss_sugar_18.wcnf.xz,3600.0,3600.0,3600.0,3600.0,3600.0,3600.0,3600.0,3600.0,3600.0,3600.0,3600.0
869a8f2ff3bfc09e1c54469875e20433,atcoss-sugar/atcoss_sugar_19.wcnf.xz,952.07,906.58,3600.0,982.03,3600.0,115.56,93.31,2381.23,161.54,3600.0,1268.54
02b954e56938c609faed7744eb907854,hs-timetabling/GreeceWesternGreeceUniversityInstance4.xml.wcnf.xz,3600.0,3600.0,3600.0,3600.0,3600.0,3600.0,3600.0,3600.0,3600.0,3600.0,3600.0
e43932ec8b8c609a3c448edd5314fa2a,hs-timetabling/SouthAfricaWoodlands2009.xml.wcnf.xz,22.33,28.67,3600.0,64.11,3600.0,83.27,8.77,67.7,378.67,2036.35,146.38
e9fe4763fd3ed63a8135c1488c63f20b,job-shop/ft10-808-1090.wcnf.xz,28.64,53.03,21.59,67.82,3600.0,119.28,60.95,71.5,84.45,372.86,23.56
db8565c182a1d940a900734ca325b476,job-shop/la04-567-0696.wcnf.xz,2.18,1.58,0.66,7.31,3600.0,5.18,2.95,7.45,2.04,60.38,0.68
8ae0e1742c06d7e29a5b4de227291ad2,job-shop/orb08-894-1058.wcnf.xz,15.22,10.4,6.96,15.64,3600.0,26.21,18.05,16.93,16.65,301.13,6.77
31b0ddf0d90580e725a39aab1596067f,pbo-routing/normalized-s3-3-3-1pb.wcnf.xz,0.02,0.01,0.04,0.05,1.82,0.11,0.05,0.04,0.02,0.16,0.02
d66c574e286cebacc15f06808fce0399,pbo-routing/normalized-s3-3-3-2pb.wcnf.xz,0.03,0.02,0.03,0.05,0.13,0.14,0.06,0.05,0.04,0.17,0.03
287ee2494f935cd5d8f79bb472ac107f,pbo-routing/normalized-s3-3-3-3pb.wcnf.xz,0.04,0.01,0.04,0.05,0.12,0.14,0.07,0.05,0.02,0.16,0.05
0e8135e4fc05564105d5103898cb5f84,pbo-routing/normalized-s3-3-3-4pb.wcnf.xz,0.06,0.01,0.05,0.08,0.19,0.15,0.05,0.11,0.03,0.18,0.06
a7679be3ceddc24269ef84a37f36ce37,pbo-routing/normalized-s3-3-3-5pb.wcnf.xz,0.07,0.01,0.04,0.09,0.17,0.14,0.07,0.09,0.03,0.16,0.03
3065d8b8204645e18ee187c0c2e41c44,pbo-routing/normalized-s4-4-3-10pb.wcnf.xz,0.36,0.39,0.84,1.02,1.51,1.19,0.84,0.88,0.55,1.12,0.36
dcb7ecc21d333a5cdaa2393a1ddf7821,pbo-routing/normalized-s4-4-3-1pb.wcnf.xz,0.83,0.21,1.78,1.22,2.35,6.23,3.71,0.89,1.44,0.92,1.28
283c9428ca8cf9157266e5a93ae6d60f,pbo-routing/normalized-s4-4-3-2pb.wcnf.xz,3.96,0.35,6.16,5.58,96.41,25.9,40.48,5.16,2.77,3.15,4.58
b0da2331a9040a70f081181c2ca93e3e,pbo-routing/normalized-s4-4-3-3pb.wcnf.xz,2.32,0.28,3.05,5.48,1.14,14.88,137.94,4.85,2.48,4.7,1.62
ca666dcd94f28f968734486b8a718ed8,pbo-routing/normalized-s4-4-3-4pb.wcnf.xz,1.09,0.11,2.73,1.87,0.88,8.26,16.33,1.95,2.22,1.1,0.76
00a636275fb597ccb2d1c9903b579482,pbo-routing/normalized-s4-4-3-5pb.wcnf.xz,1.4,0.2,1.93,2.62,0.86,32.9,25.58,1.92,1.79,0.77,1.3
59c0e57822c7271d332e88b9f9f8d0f9,pbo-routing/normalized-s4-4-3-6pb.wcnf.xz,1.79,0.54,1.44,2.18,1.05,3.54,4.32,1.26,1.9,0.7,1.33
c4fb0ba38b0a2cd5e68d33eaf7555f60,pbo-routing/normalized-s4-4-3-7pb.wcnf.xz,1.15,2.42,1.45,2.36,1.49,6.23,3.86,1.8,1.48,1.33,0.86
e734931681123f76ac2810470cb5dd80,pbo-routing/normalized-s4-4-3-8pb.wcnf.xz,0.39,0.05,1.09,1.17,0.28,2.32,2.04,1.04,0.3,0.33,0.29
47fa1689983bf7799577486f0f3b37e2,pbo-routing/normalized-s4-4-3-9pb.wcnf.xz,2.2,3.77,1.22,2.66,298.37,9.6,12.29,1.82,2.81,3.09,1.76
f9ee2d20614281972550c70dfd7e0ee5,scheduling/cnf_10.wcnf.xz,3600.0,3600.0,3600.0,3600.0,3600.0,3600.0,3600.0,3600.0,3600.0,3600.0,3600.0
9376a42623f31dc8ca8b2a1cd5ce93a5,scheduling/cnf_10_center.wcnf.xz,2276.55,3600.0,3600.0,2822.15,3600.0,3600.0,3600.0,3600.0,202.81,3600.0,2745.86
9db6427cdafcca5d9912887ea53b4d20,scheduling/cnf_12.wcnf.xz,3600.0,3600.0,3600.0,3600.0,3600.0,3600.0,3600.0,3600.0,3600.0,3600.0,3600.0
fe1d9e084f92c4d27c44c02a4b456f3d,scheduling/cnf_12_center.wcnf.xz,917.48,285.88,1069.35,172.58,3600.0,3600.0,2014.01,269.6,47.28,1539.65,586.55
1138c3481b5bea8d51cb8c29e9d9e271,scheduling/cnf_small.wcnf.xz,3600.0,3600.0,3600.0,3600.0,3600.0,3600.0,3600.0,3600.0,3600.0,3600.0,3600.0
1104f1f5c12f9257ad172cb9404784b5,set-covering/scpclr10_maxsat.wcnf.xz,3600.0,3600.0,3600.0,3600.0,1959.37,23.78,29.68,3600.0,3600.0,3600.0,3600.0
7779f36464b931d3354831be8ad7581a,set-covering/scpclr11_maxsat.wcnf.xz,3600.0,3600.0,3600.0,3600.0,3600.0,2470.64,3429.53,3600.0,3600.0,3600.0,3600.0
0627f9b443abb22084ccc217288d2a2d,set-covering/scpclr12_maxsat.wcnf.xz,3600.0,3600.0,3600.0,3600.0,3600.0,3600.0,3600.0,3600.0,3600.0,3600.0,3600.0
d7d17d11822d92e4b551eba2f2db3c5e,set-covering/scpclr13_maxsat.wcnf.xz,3600.0,3600.0,3600.0,3600.0,3600.0,3600.0,3600.0,3600.0,3600.0,3600.0,3600.0
119c43b96680bbca8eed5a3091409409,set-covering/scpcyc06_maxsat.wcnf.xz,3600.0,3600.0,3600.0,3600.0,3600.0,3600.0,3600.0,3600.0,3600.0,3600.0,3600.0
79878f1b11b4d9d86e74097976eb58a7,set-covering/scpcyc07_maxsat.wcnf.xz,3600.0,3600.0,3600.0,3600.0,3600.0,3600.0,3600.0,3600.0,3600.0,3600.0,3600.0
d0c2465e3897612a9901a9f0ca419be2,set-covering/scpcyc08_maxsat.wcnf.xz,3600.0,3600.0,3600.0,3600.0,3600.0,3600.0,3600.0,3600.0,3600.0,3600.0,3600.0
a9002a5e46e51a718eccb9d0c2550be1,set-covering/scpcyc09_maxsat.wcnf.xz,3600.0,3600.0,3600.0,3600.0,3600.0,3600.0,3600.0,3600.0,3600.0,3600.0,3600.0
e5e3279c2343263688a6860559b2ed1b,set-covering/scpcyc10_maxsat.wcnf.xz,3600.0,3600.0,3600.0,3600.0,3600.0,3600.0,3600.0,3600.0,3600.0,3600.0,3600.0
3308b0decfa3f7f673a2cf1d461edd8d,set-covering/scpcyc11_maxsat.wcnf.xz,3600.0,3600.0,3600.0,3600.0,3600.0,3600.0,3600.0,3600.0,3600.0,3600.0,3600.0
975e8ff1cbf26c589b86f76383f90a15,close-solutions/SAT02__industrial__goldberg__fpga_routing__vda_gr_rcs_w9.shuffled.cnf.wcnf.5.wcnf.xz,0.24,0.19,1.6,0.9,5.89,14.33,1.03,1.05,0.35,4.43,9.5
e3c2e12584c9bf7a1c9e97e8a6718b91,close-solutions/SAT02__industrial__goldberg__fpga_routing__vda_gr_rcs_w9.shuffled.cnf.wcnf.8.wcnf.xz,0.19,0.17,3600.0,1.08,5.7,2.2,0.7,1.02,0.19,4.39,1.6
01e42bcf1ecd85b77e12894cb1064484,close-solutions/SAT04__industrial__vangelder__cnf-color__abb313GPIA-9-tr.used-as.sat04-321.cnf.wcnf.6.wcnf.xz,36.54,2.28,90.1,3.25,154.22,3600.0,445.13,3.31,8.39,21.73,37.02
2c7c26a57e8a4cc69c7a7c37265e055b,close-solutions/SAT04__industrial__velev__pipe-sat-1-1__12pipe_bug4_q0.used-as.sat04-723.cnf.wcnf.1.wcnf.xz,55.78,34.86,162.35,46.13,3600.0,1747.57,1096.09,45.23,557.69,405.98,422.67
412b2faedbb5019fc5635cf9294560c4,close-solutions/SAT04__industrial__velev__pipe-sat-1-1__12pipe_bug6_q0.used-as.sat04-725.cnf.wcnf.5.wcnf.xz,25.35,9.85,189.14,4.85,1196.21,3600.0,312.7,5.18,130.67,277.64,197.48
7d97e3f5fe13c0e8ba852afa614b0e0d,close-solutions/SAT07__industrial__vliw_sat_4.0__9vliw_m_9stages_iq3_C1_bug5.cnf.wcnf.4.wcnf.xz,15.87,20.47,409.78,9.98,3600.0,1680.34,278.57,10.74,11.41,757.28,639.67
fe3024426fcde3ba0db8adbc937dd3f1,close-solutions/SAT07__industrial__vliw_sat_4.0__9vliw_m_9stages_iq3_C1_bug6.cnf.wcnf.7.wcnf.xz,40.98,20.06,369.9,9.54,3600.0,1650.04,254.65,10.35,24.35,713.22,182.25
24f669db007423974d0024fdb9c6e78d,close-solutions/SAT09__APPLICATIONS__satComp09_BioInstances__rbcl_xits_15_SAT.cnf.wcnf.9.wcnf.xz,121.77,6.48,44.63,3600.0,118.63,3600.0,751.02,3600.0,32.47,64.4,73.86
d4a1db61bbfeeb6286b119591b3c13c2,close-solutions/SAT09__APPLICATIONS__satComp09_BioInstances__rbcl_xits_18_SAT.cnf.wcnf.2.wcnf.xz,0.17,0.29,7.55,10.66,13.95,3600.0,1.19,10.13,1.59,9.4,1.51
240034087d37a9e6883e6f741d1081ba,close-solutions/SAT11__application__fuhs__AProVE11__AProVE11-09.cnf.wcnf.10.wcnf.xz,109.24,42.23,37.14,71.14,3600.0,386.77,93.84,60.31,59.66,96.18,157.97
deaf2f3c74294b867d42c34bf37e6d2a,close-solutions/SAT11__application__fuhs__AProVE11__AProVE11-09.cnf.wcnf.4.wcnf.xz,478.44,935.41,252.9,3431.75,3600.0,1134.26,1044.6,2935.51,362.19,578.16,410.55
3929384bddeaa4d1600c904854fa2ef8,close-solutions/SAT11__application__fuhs__AProVE11__AProVE11-10.cnf.wcnf.3.wcnf.xz,1303.61,336.1,496.12,3417.73,3600.0,3600.0,3600.0,3362.2,3600.0,2333.09,3600.0
1dd42ca90fb845bd7460d936b69276b6,close-solutions/SAT11__application__fuhs__AProVE11__AProVE11-12.cnf.wcnf.2.wcnf.xz,18.02,430.82,170.65,47.69,372.6,194.28,169.01,72.22,30.23,268.41,26.34
6cc15c488b28a986c8efd4a602c826c5,close-solutions/SAT11__application__fuhs__AProVE11__AProVE11-16.cnf.wcnf.1.wcnf.xz,34.71,24.57,498.12,80.36,394.8,295.34,62.74,69.54,46.75,148.55,44.22
726d740dc95164d3c41cbd9f739bc900,close-solutions/SAT11__application__jarvisalo__AAAI2010-SATPlanning__aaai10-planning-ipc5-TPP-30-step11.cnf.wcnf.1.wcnf.xz,3.71,4.31,3600.0,51.2,560.15,319.75,90.78,21.9,3.74,253.49,2803.27
4f19d37e5e6d40b6561c2ca8dcd36b84,close-solutions/SAT11__application__jarvisalo__AAAI2010-SATPlanning__aaai10-planning-ipc5-pipesworld-12-step16.cnf.wcnf.2.wcnf.xz,0.91,1.36,564.65,17.45,83.65,157.47,27.82,41.41,1.65,371.65,335.94
016dd4875461ead35e0fea4a83b15f43,close-solutions/SAT11__application__jarvisalo__AAAI2010-SATPlanning__aaai10-planning-ipc5-pipesworld-12-step16.cnf.wcnf.7.wcnf.xz,0.91,1.35,329.38,34.78,82.91,109.55,27.67,76.95,1.66,294.86,48.63
dc45cc341a329a7f4e40cd6f11f4c752,close-solutions/SAT11__application__jarvisalo__AAAI2010-SATPlanning__aaai10-planning-ipc5-pipesworld-18-step16.cnf.wcnf.1.wcnf.xz,2.2,3.58,3600.0,24.7,320.79,306.75,103.38,53.4,4.61,211.13,148.63
4ba9187487c19fad7794723e55006cb2,close-solutions/SAT11__application__jarvisalo__AAAI2010-SATPlanning__aaai10-planning-ipc5-pipesworld-18-step16.cnf.wcnf.4.wcnf.xz,2.24,3.58,3600.0,110.54,322.02,329.96,102.02,46.8,4.63,258.16,227.85
38faded80d13cc563a5e9345ef928914,close-solutions/SAT11__application__jarvisalo__smtqfbv-aigs__smtlib-qfbv-aigs-rfunit_flat-64-tseitin.cnf.wcnf.10.wcnf.xz,2.61,2.0,104.39,12.91,27.56,107.74,23.11,12.82,3.24,102.63,25.21
4dcf0e5ddd2717bbcdc39243a790e47c,close-solutions/SAT11__application__jarvisalo__smtqfbv-aigs__smtlib-qfbv-aigs-rfunit_flat-64-tseitin.cnf.wcnf.2.wcnf.xz,22.8,5.53,100.45,15.28,29.85,201.6,33.94,15.54,26.17,188.01,39.28
b263ed4e4e6668cdb685e426d9e45707,close-solutions/SAT11__application__jarvisalo__smtqfbv-aigs__smtlib-qfbv-aigs-rfunit_flat-64-tseitin.cnf.wcnf.7.wcnf.xz,29.37,3.18,282.21,13.5,33.13,169.49,39.31,13.38,14.91,120.58,50.57
d72ac0841eed0d2f9965a4f1607c7f90,close-solutions/SAT11__application__manthey__traffic__traffic_r_sat.cnf.wcnf.4.wcnf.xz,419.82,65.93,153.53,21.12,3600.0,3600.0,3044.81,26.89,103.97,223.24,479.2
542a528b2741e8fe52b3814a499c1a1e,close-solutions/SAT11__application__manthey__traffic__traffic_r_sat.cnf.wcnf.6.wcnf.xz,3600.0,127.09,284.59,50.78,3600.0,3600.0,1601.18,55.93,177.42,477.46,3600.0
b8d28a0748d79fb5631a5253443fa022,close-solutions/SAT11__application__rintanen__SATPlanning__openstacks-sequencedstrips-nonadl-nonnegated-os-sequencedstrips-p30_3.085-SAT.cnf.wcnf.4.wcnf.xz,1031.4,2.92,1616.92,1.66,61.64,3600.0,85.93,1.81,248.23,321.11,2953.33
4791306998b83c42882e384e45cd9973,close-solutions/SAT_RACE06__ibm-2002-21r-k95.cnf.wcnf.4.wcnf.xz,1.39,1.67,3600.0,57.64,47.48,387.14,15.34,59.98,5.05,248.23,2824.27
0900bb64ec304ead2d739d5e373d0c3f,close-solutions/SAT_RACE06__velev-pipe-sat-1.0-b9.cnf.wcnf.5.wcnf.xz,57.96,14.41,288.63,7.29,3600.0,3600.0,343.41,10.21,78.74,416.68,164.78
1a04267c8118371c53ab08799640fca0,close-solutions/SAT_RACE08__cnf__ibm-2004-01-k90.cnf.wcnf.10.wcnf.xz,10.7,0.58,3600.0,268.85,12.16,207.3,10.24,283.73,3.4,33.32,135.78
9e949ac389c859aca6c531a03db662f6,close-solutions/TEAMS20_l7aa.cnf.wcnf.xz,133.56,22.22,9.64,169.71,1.56,118.76,132.26,117.82,14.14,11.17,76.19
f50c83d64397fa4009b49cb25769fdce,close-solutions/teams16_l7a.cnf.wcnf.xz,152.24,3.39,1.81,8.42,5.4,3600.0,99.58,5.65,6.86,56.38,1025.76
b54bb24857cc6d9c1a7870d8cc8d9778,close-solutions/teams20_l2a.cnf.wcnf.xz,234.66,1.19,3.02,4.15,2.28,3600.0,62.69,4.74,6.82,21.25,6.29
6f0db367252313f283c8e9cc4d8c3386,close-solutions/teams20_l4a.cnf.wcnf.xz,68.82,4.19,33.74,25.1,10.52,491.45,59.59,30.12,9.01,37.63,146.42
b6c5dbdd91c6925e1476ea667d1b316e,close-solutions/teams20_l6a.cnf.wcnf.xz,25.18,10.64,4.5,20.47,24.68,76.96,82.21,21.13,15.35,116.04,57.26
0beb0b2562e50d39d44a69ccfa2ed395,close-solutions/teams20_l8a.cnf.wcnf.xz,22.18,2.75,2.86,7.3,7.04,556.44,97.08,11.15,7.32,20.48,20.62
dd2e4f99f4c982e5eaf9b65013624d2b,close-solutions/teams24_l4a.cnf.wcnf.xz,3600.0,6.2,22.75,3600.0,63.32,3600.0,199.3,58.56,41.95,996.12,3600.0
53f5cc1843c5153bad2f68510879e872,frb/frb20-11-1.partial.wcnf.xz,0.17,0.15,0.16,0.15,1.34,4.09,0.05,0.07,20.35,3600.0,0.1
7ed630dafc65f745c7f7d8329263079d,frb/frb20-11-2.partial.wcnf.xz,0.13,0.13,0.15,0.14,3.8,3.14,0.1,0.06,10.14,3600.0,0.14
ea42f92d0d2f791bf7fbadfa47e7179b,frb/frb20-11-3.partial.wcnf.xz,0.1,0.21,0.23,0.16,10.69,9.92,0.63,0.06,131.1,3600.0,0.17
3afa749411b737ba3108f54813d21550,frb/frb20-11-4.partial.wcnf.xz,0.14,0.16,0.17,0.13,10.88,4.2,0.98,0.05,40.67,3600.0,0.13
7090f0b72a28dbd1e0603a58f1968181,frb/frb20-11-5.partial.wcnf.xz,0.21,0.14,0.19,0.19,0.69,5.85,0.2,0.09,134.51,3600.0,0.17
873a2fce9a22e8f3f8887d2d04dde66f,frb/frb25-13-1.partial.wcnf.xz,1.02,1.93,2.89,1.08,539.5,215.35,0.23,0.84,944.37,3600.0,2.6
70fc5bb7a7c21bfe5534e47d659202e2,frb/frb25-13-2.partial.wcnf.xz,0.66,0.74,0.65,0.51,182.38,110.55,0.1,0.24,3600.0,3600.0,0.94
7719e251bd3ec31a2e270cc25f1d38f2,frb/frb25-13-3.partial.wcnf.xz,1.06,1.47,0.82,0.47,308.54,10.95,0.19,0.29,143.09,3600.0,1.02
f455053e7059ed2b98c75953c9d75465,frb/frb25-13-4.partial.wcnf.xz,0.47,1.0,0.6,0.44,89.05,83.43,0.35,0.23,3600.0,3600.0,1.53
f590be56a5a711f733bced2dd714fdc7,frb/frb25-13-5.partial.wcnf.xz,0.97,1.55,1.81,0.46,618.15,196.72,19.19,0.39,927.19,3600.0,1.29
ac19757cf191bd58c38f372e4b423137,frb/frb30-15-1.partial.wcnf.xz,4.26,1.16,8.34,3.55,3600.0,3600.0,234.6,2.78,3600.0,3600.0,2.98
b082626e7b817eea26d97ff028ef4d60,frb/frb30-15-2.partial.wcnf.xz,11.93,11.21,12.12,4.75,554.15,1731.54,0.84,1.52,3600.0,3600.0,4.98
c9bafd503a612d7262dc5b49ff3372dd,frb/frb30-15-3.partial.wcnf.xz,2.79,4.59,6.11,5.58,2532.23,2743.96,0.53,1.83,3600.0,3600.0,2.53
f5e3778b5ea390d36916e3a9c4f10650,frb/frb30-15-4.partial.wcnf.xz,3.97,3.62,4.8,2.32,1801.37,1024.1,11.34,2.26,264.95,3600.0,3.46
cb13b2a4128a5f02c0e59b68946a0957,frb/frb30-15-5.partial.wcnf.xz,3.18,5.28,3.38,1.0,3600.0,1134.19,0.27,0.85,3600.0,3600.0,1.91
ce051faa3dd42df0247cb88d8fac2d22,frb/frb35-17-1.partial.wcnf.xz,14.47,6.4,16.26,12.62,3600.0,3600.0,4.75,15.19,3600.0,3600.0,9.85
9440539551ce701268c3fd4e860a3ff9,frb/frb35-17-2.partial.wcnf.xz,45.23,42.75,59.29,29.89,3600.0,3600.0,77.15,17.61,3600.0,3600.0,13.91
3285eef76dc710f9a1a227f432a74fb7,frb/frb35-17-3.partial.wcnf.xz,12.2,17.06,24.56,23.5,3600.0,3600.0,31.07,2.95,3600.0,3600.0,14.32
a2b55950ddf97e98d4ac635fa444b86c,frb/frb35-17-4.partial.wcnf.xz,30.29,46.47,66.51,3.05,3600.0,3600.0,4.41,6.34,3600.0,3600.0,19.25
af4571b1d6b7c7a268b9efd6795a188b,frb/frb35-17-5.partial.wcnf.xz,30.6,86.6,66.64,34.22,3600.0,3600.0,6.43,8.05,3600.0,3600.0,13.25
68a65bef240202704513c96602e23037,frb/frb40-19-1.partial.wcnf.xz,67.1,57.31,56.04,35.43,3600.0,3600.0,15.96,53.06,3600.0,3600.0,36.41
7be137b3626466aeecb646599861d57a,frb/frb40-19-2.partial.wcnf.xz,57.08,123.78,22.37,82.93,3600.0,3600.0,41.71,58.61,3600.0,3600.0,26.12
e69912dfab43556bf97bfaf21559aac9,frb/frb40-19-3.partial.wcnf.xz,135.52,1585.53,552.7,76.06,3600.0,3600.0,253.13,803.65,3600.0,3600.0,621.5
3bfdb7f66262ab3f503dbc425d4b4f63,frb/frb40-19-4.partial.wcnf.xz,101.52,656.0,759.55,18.35,3600.0,3600.0,285.4,348.74,3600.0,3600.0,150.97
98c20c313d647ac0e66a90eff300c82f,frb/frb40-19-5.partial.wcnf.xz,382.19,426.95,137.22,221.14,3600.0,3600.0,91.87,26.57,3600.0,3600.0,235.97
e4449380a33dc3c91aa6ee36f00758fe,maxone/3col100_5_10.shuffled.cnf.wcnf.xz,0.07,0.32,0.08,0.18,11.06,0.18,0.07,0.19,0.04,0.45,0.06
0a77f041276e53547a45e39f8785722b,maxone/3col100_5_2.shuffled.cnf.wcnf.xz,0.09,0.78,0.09,0.12,23.08,0.18,0.07,0.12,0.06,0.36,0.07
c6df501629661b03e5688b696092db6e,maxone/3col100_5_3.shuffled.cnf.wcnf.xz,0.09,0.36,0.07,0.2,17.81,0.16,0.05,0.12,0.08,0.48,0.09
431846bf9be6e02a17ea14f341aac808,maxone/3col100_5_6.shuffled.cnf.wcnf.xz,0.08,0.82,0.1,0.17,19.35,0.18,0.06,0.18,0.05,0.38,0.09
1857848ecc5d4b2b297f825b37da543b,maxone/3col100_5_7.shuffled.cnf.wcnf.xz,0.11,0.66,0.09,0.22,7.25,0.15,0.05,0.23,0.07,0.53,0.09
63b2ab643e1880241b5cb895fd6def2c,maxone/3col120_5_1.shuffled.cnf.wcnf.xz,0.78,1.81,1.02,0.76,170.84,0.85,0.46,4.36,0.8,2.43,1.11
f0b18c40f62aed21dccc07a40f593ddb,maxone/3col120_5_10.shuffled.cnf.wcnf.xz,1.05,5.71,1.2,4.63,139.79,0.52,0.45,5.15,0.96,11.71,0.84
27f87996f0c26fd3b5abfee78aff92b1,maxone/3col120_5_6.shuffled.cnf.wcnf.xz,0.84,6.42,0.92,3.23,140.21,0.79,0.53,3.22,0.87,2.91,0.91
395f5349d621b88330955a727f57b133,maxone/3col140_5_1.shuffled.cnf.wcnf.xz,2.8,16.95,1.82,10.41,146.01,10.66,12.42,10.15,7.22,16.54,2.59
6a2b33422a5f3e103a38bea947245770,maxone/3col140_5_4.shuffled.cnf.wcnf.xz,1.72,25.35,1.63,13.08,118.3,39.76,21.29,10.94,8.14,21.15,1.75
3a6673401d344e841d296785e775a1b5,maxone/3col140_5_6.shuffled.cnf.wcnf.xz,1.59,23.31,2.46,7.77,151.06,14.59,13.83,9.43,7.36,22.47,1.83
ff48aa31baff2b5bcd9e5863b9475ca0,maxone/3col80_5_2.shuffled.cnf.wcnf.xz,0.01,0.12,0.02,0.04,1.23,0.08,0.02,0.03,0.01,0.14,0.02
eeae53b36b2cd02764bbe787de681c0a,maxone/3col80_5_6.shuffled.cnf.wcnf.xz,0.02,0.12,0.02,0.04,0.93,0.08,0.02,0.03,0.01,0.27,0.02
772df92dc7ff21b8904f5d4871799303,maxone/3col80_5_7.shuffled.cnf.wcnf.xz,0.02,0.03,0.02,0.03,1.59,0.08,0.02,0.04,0.01,0.18,0.02
37a1293b9ff955cef5cd8b4b17d9183e,maxone/3col80_5_8.shuffled.cnf.wcnf.xz,0.02,0.09,0.02,0.04,1.52,0.05,0.02,0.04,0.01,0.13,0.02
0511fcb9a58bf7919ded9a7044c8b9a1,maxone/3col80_5_9.shuffled.cnf.wcnf.xz,0.02,0.05,0.02,0.03,1.57,0.09,0.02,0.03,0.01,0.16,0.03
f657770553ff86dfa073b28aaa6b013e,maxone/dp02s02.shuffled.cnf.wcnf.xz,0.01,0.03,0.01,0.02,0.02,0.04,0.02,0.02,0.01,0.1,0.01
704c9eaa8757fcd33b2aca4b215388cf,maxone/dp04s04.shuffled.cnf.wcnf.xz,0.4,1.77,0.31,11.89,9.4,0.79,0.31,10.27,0.14,1.31,0.43
2dc754d32802a0b6095d9f039c90b27f,maxone/dp05s05.shuffled.cnf.wcnf.xz,1.43,4.54,1.38,122.08,141.84,2.99,1.43,98.98,0.38,8.78,1.44
896931026382a8327fc39019b83f043a,maxone/ezfact32_10.shuffled.cnf.wcnf.xz,2.82,0.48,0.18,0.38,358.72,0.17,0.05,0.31,0.03,0.73,2.93
2b46d42b5b7ae44a3dd79bbaf7ae45d8,maxone/ezfact32_2.shuffled.cnf.wcnf.xz,0.04,0.25,0.07,0.11,261.98,0.12,0.04,0.09,0.02,0.91,0.03
f54927778f275b19ff8835ab23704400,maxone/ezfact32_3.shuffled.cnf.wcnf.xz,2.67,0.58,2.9,0.62,286.34,0.14,0.04,3.03,0.03,0.74,0.04
d2ac5a60c4a3a440608ca6015034777f,maxone/ezfact32_4.shuffled.cnf.wcnf.xz,0.32,3.42,0.63,1.63,109.9,0.13,0.05,0.76,0.03,0.79,2.44
c130d91183ea08497e9647b91e9d46b9,maxone/ezfact32_6.shuffled.cnf.wcnf.xz,0.25,2.0,0.1,0.24,807.28,0.2,0.05,0.2,0.03,0.95,0.05
727477a4fae1a325553ab44336ee72d0,maxone/ezfact32_8.shuffled.cnf.wcnf.xz,0.71,1.04,0.15,0.29,3600.0,0.3,0.06,0.4,0.04,0.79,0.29
e44035e719a4c9f163728cb657616426,aes/mul_8_11.wcnf.xz,3600.0,3600.0,3600.0,3600.0,3600.0,3600.0,3600.0,3600.0,3600.0,3600.0,3600.0
0407c9a31122adb16306950d1f326ee5,aes/mul_8_13.wcnf.xz,3600.0,3600.0,3600.0,3600.0,3600.0,3600.0,3600.0,3600.0,3600.0,3600.0,3600.0
5c480a59388fb830f4214e077bae2176,aes/mul_8_14.wcnf.xz,3600.0,3600.0,3600.0,3600.0,3600.0,3600.0,3600.0,3600.0,3600.0,3600.0,3600.0
2a0b2bdce1509c44c257d5aee2936255,aes/mul_8_3.wcnf.xz,3600.0,3600.0,3600.0,3600.0,46.87,402.86,184.32,3600.0,3600.0,3600.0,3600.0
0daa3ef64a8653427d70c92d04c7e85d,aes/mul_8_9.wcnf.xz,3600.0,3600.0,3600.0,3600.0,1290.43,3600.0,3600.0,3600.0,3600.0,3600.0,3600.0
6b77285052fb29342daa6d99abc384ce,aes/sbox_4.wcnf.xz,1647.9,0.92,3182.8,0.14,0.24,0.49,0.34,0.14,0.34,43.01,1746.71
838ae4d3694782ea608dc243073b5921,aes/sbox_8.wcnf.xz,3600.0,3600.0,3600.0,3600.0,3600.0,3600.0,3600.0,3600.0,3600.0,3600.0,3600.0
24e6ce20d7d64820ec80e73304c03581,bcp-fir/normalized-f20c10b_001_area_delay.wcnf.xz,6.84,3.11,6.29,1.85,16.16,87.52,174.31,1.85,2.89,4.5,3.52
415293291af7ea2744adf8e338de9cce,bcp-fir/normalized-f20c10b_002_area_delay.wcnf.xz,0.85,0.89,1.46,0.33,1.7,11.99,10.72,0.28,0.17,1.15,0.71
54a066f87decd65736d4ae271d0f59da,bcp-fir/normalized-f20c10b_003_area_delay.wcnf.xz,0.74,0.81,1.63,0.53,4.72,21.05,14.74,0.54,0.24,5.1,0.88
16e774005b179482847e28ea5c7ce5b2,bcp-fir/normalized-f20c10b_004_area_delay.wcnf.xz,0.72,0.65,1.15,0.5,2.18,28.94,26.58,0.53,0.42,1.26,0.93
1920f6436ace8d3e1be8f46886f797f9,bcp-fir/normalized-f20c10b_005_area_delay.wcnf.xz,1.5,16.1,2.29,3.25,18.09,525.03,289.5,2.85,1.18,40.24,2.26
051ca9450b3dbeff34211ff8a8f53775,bcp-fir/normalized-f20c10b_006_area_delay.wcnf.xz,0.11,0.29,0.2,0.36,0.2,3.02,4.08,0.16,0.1,0.8,0.16
fdc1c16f2ae15e45a538ef4aaa1b9e58,bcp-fir/normalized-f20c10b_007_area_delay.wcnf.xz,3.78,2.14,2.96,1.62,6.66,73.67,116.68,1.38,1.12,6.61,2.76
f906a98215a1fd71b1a13fe6c36dd78f,bcp-fir/normalized-f20c10b_008_area_delay.wcnf.xz,0.66,1.56,1.29,137.79,2.58,13.1,127.48,50.61,0.34,1.94,0.78
0f4b1b88e76cf49668a34ffe80bf97bb,bcp-fir/normalized-f20c10b_009_area_delay.wcnf.xz,0.17,0.25,0.23,0.36,0.8,12.23,7.53,0.36,0.1,0.95,0.2
10f62e12177d96afa806c5db11173078,bcp-fir/normalized-f20c10b_010_area_delay.wcnf.xz,10.92,8.32,21.68,5.71,68.72,567.61,376.31,2.64,9.21,161.17,11.07
2b558356ed49d71816d3bb93935ffb39,bcp-fir/normalized-f20c10b_011_area_delay.wcnf.xz,0.58,0.68,1.75,0.72,4.85,31.4,24.48,0.75,0.3,3.91,0.84
a9838f3fc76cd2d07bbf60ac6a592b75,bcp-fir/normalized-f20c10b_012_area_delay.wcnf.xz,4.42,2.29,5.25,1.31,10.59,115.07,95.94,1.49,1.88,19.94,8.88
47f4ca72e25d7dbae8c0b42a0eab08d8,bcp-fir/normalized-f20c10b_013_area_delay.wcnf.xz,1.4,15.49,3.83,4.47,15.95,1237.64,90.82,4.75,1.59,52.72,1.43
c3652da574cde77ddb32324d431a4441,bcp-fir/normalized-f20c10b_014_area_delay.wcnf.xz,2.62,2.84,3.49,1.53,7.59,45.41,132.61,1.18,3.37,28.11,2.86
4e3ffec2fe3647cd424cff824b614416,bcp-fir/normalized-f20c10b_015_area_delay.wcnf.xz,0.91,0.51,1.3,0.6,3.53,27.37,18.38,0.6,0.26,1.6,0.72
45643a32b1daa94c5ec9c7184cbde4aa,bcp-fir/normalized-f20c10b_016_area_delay.wcnf.xz,1.42,0.59,1.86,0.74,1.93,32.39,15.11,0.7,0.7,3.0,1.44
957bdf696f98fe47afb8398d1a28a408,bcp-fir/normalized-f20c10b_017_area_delay.wcnf.xz,2.46,6.23,6.77,1.39,6.03,53.96,38.48,1.49,2.22,9.76,4.39
1be0b3bb0703012e32d03de30db9d396,bcp-fir/normalized-f20c10b_018_area_delay.wcnf.xz,0.26,0.78,0.59,0.27,1.33,12.88,10.46,0.31,0.2,1.96,0.37
61095f0b3a5410c0e80ce9ba60246724,bcp-fir/normalized-f20c10b_019_area_delay.wcnf.xz,1.05,1.16,1.7,0.53,4.13,21.35,26.62,0.56,0.26,2.88,1.16
55b01c57db1250912a8d3187d2534571,bcp-fir/normalized-f20c10b_020_area_delay.wcnf.xz,0.27,0.54,0.41,0.19,0.47,9.17,9.27,0.18,0.11,0.92,0.28
a558d84fad418cc4fb1144280c44530f,bcp-fir/normalized-f20c10b_021_area_delay.wcnf.xz,0.69,0.74,1.1,0.46,3.25,25.85,21.26,0.46,0.21,1.88,0.85
a0adcaf214ddce3e41569294dd61c838,bcp-fir/normalized-f20c10b_022_area_delay.wcnf.xz,1.18,1.15,1.31,0.52,3.65,36.02,32.72,0.54,0.38,2.11,1.4
e8db4cd0749772be48b6a9832802bf53,bcp-fir/normalized-f20c10b_023_area_delay.wcnf.xz,2.01,15.69,3.0,4.2,19.56,3600.0,133.35,3.94,1.52,121.15,3.28
55fd76e48c23118446afbe0b1cd30822,bcp-fir/normalized-f20c10b_024_area_delay.wcnf.xz,0.85,0.65,1.14,9.17,1.75,25.36,71.02,38.55,0.25,3.33,1.0
b4e56bb6c8a15a1cbffaa4b9d8fab372,bcp-fir/normalized-f20c10b_025_area_delay.wcnf.xz,1.4,16.99,2.92,3.2,15.1,1850.92,658.07,2.91,1.45,15.22,2.42
1f45d8d63043856493bb50984f3bc467,bcp-fir/normalized-fir06_area_delay.wcnf.xz,27.2,0.11,14.51,0.24,0.39,0.25,3.8,0.23,0.09,0.78,32.95
6abbf4319de9e4d40cef10341cf59e24,bcp-fir/normalized-fir07_area_delay.wcnf.xz,3270.72,6.56,1830.57,8.61,1.37,3.12,71.18,7.46,1.13,2.43,3421.93
99e44a1cca30cda6f0f2ed5aca87e341,bcp-fir/normalized-fir08_area_delay.wcnf.xz,3600.0,1065.28,3600.0,99.41,32.99,3600.0,169.86,138.5,110.46,41.16,3600.0
7585aea32339060d437f97370633ab28,bcp-fir/normalized-fir08_area_opers.wcnf.xz,867.86,1076.17,940.49,210.26,99.88,3600.0,3600.0,183.23,104.22,3600.0,1156.69
c408510b175d3badb41fafe82dc75b5c,bcp-fir/normalized-fir08_area_partials.wcnf.xz,1.96,2.16,4.0,14.29,122.89,3600.0,514.57,13.77,3.91,84.01,2.01
294ba4f8555280d3904a22345c9f6f56,bcp-fir/normalized-fir09_area_delay.wcnf.xz,3600.0,19.06,3600.0,8.34,3.78,7.02,105.38,4.54,1.7,7.82,3600.0
2af77033fc609873ac32a5c92df86778,bcp-fir/normalized-fir09_area_opers.wcnf.xz,4.75,29.02,15.23,6.44,10.0,3600.0,1029.6,4.63,2.09,426.0,9.69
f50aefd590e13f4e6f4f5f614ec8f4d9,bcp-msp/normalized-f1000.wcnf.xz,3600.0,3600.0,3600.0,3600.0,3600.0,3600.0,3600.0,3600.0,3600.0,3600.0,3600.0
7c0fdf77d4f36eafc147c60480736a9e,bcp-msp/normalized-f2000.wcnf.xz,3600.0,3600.0,3600.0,3600.0,3600.0,3600.0,3600.0,3600.0,3600.0,3600.0,3600.0
d213d1211d4316f8f957b5a826efa1c0,bcp-msp/normalized-f600.wcnf.xz,3600.0,3600.0,3600.0,3600.0,3600.0,3600.0,3600.0,3600.0,3600.0,3600.0,3600.0
f0928b2d4e0668f4b34b4929e78dbb7e,bcp-msp/normalized-g125.17.wcnf.xz,3600.0,3600.0,3600.0,3600.0,3600.0,3600.0,3600.0,3600.0,3600.0,3600.0,3600.0
ca57f9f6e4b9317531e720fee19e66ff,bcp-msp/normalized-g125.18.wcnf.xz,3600.0,3600.0,3600.0,3600.0,3600.0,3600.0,3600.0,3600.0,3600.0,3600.0,3600.0
df0bd57576b14739c98581ec078985e4,bcp-msp/normalized-g250.15.wcnf.xz,3600.0,3600.0,3600.0,3600.0,3600.0,3600.0,3600.0,3600.0,3600.0,3600.0,3600.0
740c1a0907c9179b2e148e58c247e9d7,bcp-msp/normalized-g250.29.wcnf.xz,3600.0,3600.0,3600.0,3600.0,3600.0,3600.0,3600.0,3600.0,3600.0,3600.0,3600.0
4b8f3344fe7bafa039b5bf87434872e8,bcp-msp/normalized-hanoi5.wcnf.xz,1.0,5.37,2.05,1.07,3600.0,10.92,3.19,0.66,1.54,11.16,0.99
028637aa4a6b63ff1383ca07d0a98d12,bcp-msp/normalized-ii16a1.wcnf.xz,3600.0,3600.0,3600.0,3600.0,3600.0,3600.0,3600.0,3600.0,3600.0,3600.0,3600.0
389818c76f53bde76a13826fa9eeedb7,bcp-msp/normalized-ii16a2.wcnf.xz,3600.0,3600.0,3600.0,1018.38,3600.0,3600.0,3600.0,312.6,3600.0,3600.0,3600.0
fa9524d2cab4733b3ab3440bce7fb29e,bcp-msp/normalized-ii16c1.wcnf.xz,3600.0,3600.0,3600.0,3600.0,3600.0,3600.0,3600.0,3600.0,3600.0,3600.0,3600.0
7b51371eb6810d9f6157a472c30886b8,bcp-msp/normalized-ii16d1.wcnf.xz,3600.0,3600.0,3600.0,3600.0,3600.0,3600.0,3600.0,3600.0,3600.0,3600.0,3600.0
3a4d35f4877146a786752a0f0fe2263f,bcp-msp/normalized-ii16d2.wcnf.xz,1.24,27.67,1.44,11.98,1877.89,24.36,57.7,14.57,2.51,6.83,1.07
157aeda606eedc855dfc93e0464f955e,bcp-msp/normalized-ii32c1.wcnf.xz,3.56,5.14,3.03,1.26,5.45,16.92,7.81,0.45,4.82,3.34,3.6
c04a6288d38d1f1601c64e61f4c47500,bcp-msp/normalized-ii32c2.wcnf.xz,26.49,43.18,12.94,18.13,15.01,68.32,17.75,5.82,32.49,71.48,23.6
7e85c843d72e77c3ff3ac4cd0241812a,bcp-msp/normalized-ii32c3.wcnf.xz,15.59,29.69,8.71,12.65,255.66,49.33,101.39,10.88,13.42,132.13,14.24
6ebd72bfc3dbe6eff350b4c957495d8c,bcp-msp/normalized-ii32d1.wcnf.xz,3600.0,1405.28,659.45,346.75,3600.0,819.52,2626.14,170.6,3600.0,3600.0,3600.0
ade60e899d5ece30f8a2ccd642ba4cde,bcp-msp/normalized-ii32d2.wcnf.xz,547.87,1138.53,470.51,618.82,3600.0,3600.0,3600.0,1575.58,2142.71,3600.0,559.63
c7fcb92f53c32b563e158cc7d519766b,bcp-msp/normalized-ii32d3.wcnf.xz,5.23,544.63,5.41,67.68,3600.0,35.95,363.08,86.53,24.5,1414.02,5.73
389819abe01b165e1e3fcd100527d647,bcp-msp/normalized-ii32e5.wcnf.xz,11.22,30.3,8.75,26.87,915.33,49.09,31.59,23.73,7.99,150.91,12.59
5df59a95f8f90bbb5bdf8d01225ea2df,bcp-msp/normalized-ii8a2.wcnf.xz,3600.0,3600.0,3600.0,0.27,0.82,1.43,1.48,0.09,155.33,0.3,3600.0
89c8d31316cdee35b38f16dbf2e97918,bcp-msp/normalized-ii8a3.wcnf.xz,3600.0,3600.0,1677.9,0.59,1.43,4.8,3.05,0.24,177.75,0.38,3600.0
d691df03f5e02d1e0f959eeb7ce07db6,bcp-msp/normalized-ii8a4.wcnf.xz,2473.79,2455.74,901.07,1.53,2.81,11.39,7.12,0.97,11.15,1.09,2403.95
161fc1bf1ef220e2bc7d1620ebecdcb8,bcp-msp/normalized-ii8b2.wcnf.xz,3600.0,2477.39,1247.42,2.17,5.96,11.11,6.85,1.36,116.56,1.4,3600.0
3e420ddd39b8377e18c1dda76536a9a9,bcp-msp/normalized-ii8b3.wcnf.xz,3600.0,2158.87,2830.79,4.81,10.94,14.15,13.17,3.8,61.99,2.27,3600.0
de76aff196addc8967b19178f513a423,bcp-msp/normalized-ii8b4.wcnf.xz,3600.0,3399.46,2586.41,8.12,24.53,8.56,10.55,7.29,100.69,3.04,3600.0
8bcbbf564738f0c02b85d75c1680d292,bcp-msp/normalized-ii8c2.wcnf.xz,3600.0,3600.0,3600.0,7.8,9.22,92.13,22.63,4.39,2272.9,3.73,3600.0
6ded06ca4e0b099d33108f9cca98d227,bcp-msp/normalized-ii8d1.wcnf.xz,3600.0,3600.0,3600.0,2.84,1136.2,444.53,51.11,1.03,3600.0,1.5,3600.0
338ec6325d2b165da26f4c78b40b75e8,bcp-msp/normalized-ii8d2.wcnf.xz,3600.0,3600.0,3600.0,5.65,29.64,83.32,21.64,4.05,3528.59,3.06,3600.0
000ff5c17b838038938e43c1b28e6e07,bcp-msp/normalized-ii8e1.wcnf.xz,3600.0,3600.0,3600.0,2.06,24.05,46.76,89.63,1.03,788.94,9.59,3600.0
04fc96dde999ab121d10b12131889a39,bcp-msp/normalized-ii8e2.wcnf.xz,3600.0,3600.0,3600.0,6.99,7.1,100.23,33.9,3.47,177.25,3.13,3600.0
9bc3742f9e642e7be920b6655909f5bf,bcp-msp/normalized-par32-1-c.wcnf.xz,3600.0,3600.0,3600.0,3600.0,3600.0,3600.0,3600.0,3600.0,3600.0,3600.0,3600.0
e5ef9846e79efa253e912da06ff6015f,bcp-msp/normalized-par32-1.wcnf.xz,3600.0,3600.0,3600.0,3600.0,3600.0,3600.0,3600.0,3600.0,3600.0,3600.0,3600.0
5f14d20c0149c5bac1dc8a2fd57e992f,bcp-msp/normalized-par32-2-c.wcnf.xz,3600.0,3600.0,3600.0,3600.0,3600.0,3600.0,3600.0,3600.0,3600.0,3600.0,3600.0
1c58a3d17c744b527b82a71c021a6949,bcp-msp/normalized-par32-2.wcnf.xz,3600.0,3600.0,3600.0,3600.0,3600.0,3600.0,3600.0,3600.0,3600.0,3600.0,3600.0
3467275e994fd9987f25e0a678288b67,bcp-syn/normalized-C499.a.wcnf.xz,3600.0,401.44,3600.0,2.18,4.04,1.03,2.74,0.33,0.21,1.07,3600.0
de025076abbd41a2845c5a3942e6710a,bcp-syn/normalized-addm4.r.wcnf.xz,3600.0,62.43,3600.0,15.27,0.06,0.07,0.1,0.68,0.01,0.21,3600.0
979ddc96e83ba04dfae8bd48395ead4d,bcp-syn/normalized-alu4.b.wcnf.xz,3600.0,3600.0,3600.0,3600.0,0.52,0.18,0.42,3600.0,3600.0,3600.0,3600.0
a5b9a6883f60732b57437dd8ccc302b3,bcp-syn/normalized-apex6.b.wcnf.xz,3600.0,3600.0,3600.0,3600.0,4.36,9.1,7.24,2100.22,3600.0,3600.0,3600.0
0740734390e739777ac0a5cf928b0770,bcp-syn/normalized-bench1.r.wcnf.xz,3600.0,3600.0,3600.0,3600.0,0.35,0.75,0.55,3600.0,3600.0,3600.0,3600.0
c93d228053502299c82449e0f616ed0b,bcp-syn/normalized-des.a.wcnf.xz,3600.0,3600.0,3600.0,3600.0,2.91,5.08,7.91,6.13,0.85,6.68,3600.0
e9f545f8e467738213c4b1ef6a2ed8c5,bcp-syn/normalized-duke2.b.wcnf.xz,3600.0,3600.0,3600.0,3600.0,1.09,1.39,1.27,3600.0,3600.0,3600.0,3600.0
0f04c00a5486e2a203317e634c5f782e,bcp-syn/normalized-ex1010.pi.wcnf.xz,3600.0,3600.0,3600.0,3600.0,3600.0,3600.0,3600.0,3600.0,3600.0,3600.0,3600.0
f48a4686ce1062158fd8b8b6cdf054a1,bcp-syn/normalized-ex5.r.wcnf.xz,3600.0,3600.0,3600.0,3600.0,1.01,2.6,3.99,3600.0,3600.0,3600.0,3600.0
43ecffcad44f6ed38a9629e557c0f61b,bcp-syn/normalized-exam.pi.wcnf.xz,3600.0,3600.0,3600.0,3600.0,0.33,0.73,0.44,158.45,7.13,32.85,3600.0
74c16f4fd4318290bf5bb616b9534c28,bcp-syn/normalized-f51m.b.wcnf.xz,2.19,0.27,1.87,0.06,0.05,0.07,0.08,0.09,0.05,0.77,2.53
187c39e3d999ecfaa7a892447c577e60,bcp-syn/normalized-fout.r.wcnf.xz,3600.0,3.52,1111.33,0.04,0.02,0.04,0.04,0.03,0.01,0.07,3600.0
f28fc9c4238877b310bc80783d8c514b,bcp-syn/normalized-jac3.wcnf.xz,3600.0,1.32,3600.0,44.52,0.13,0.71,1.55,31.26,0.32,3600.0,3600.0
0ec50551d2d89e2a952c295de3558cb3,bcp-syn/normalized-lin.rom.r.wcnf.xz,3600.0,1296.67,3600.0,316.81,0.05,0.2,0.18,0.58,0.19,4.19,3600.0
7fd739a98516946a26b90338d972bc45,bcp-syn/normalized-m100_100_10_10.r.wcnf.xz,3600.0,1763.57,3600.0,3600.0,3.94,2.84,7.74,3600.0,3600.0,3600.0,3600.0
1d8588166ca124d5b06a338caa68a01a,bcp-syn/normalized-m100_100_10_15.r.wcnf.xz,1872.18,1052.8,3600.0,1207.72,0.23,2.1,2.17,574.63,309.63,3600.0,1638.9
b91a4ee42018c69391025e00cb3000da,bcp-syn/normalized-m100_100_10_30.r.wcnf.xz,8.41,9.24,16.0,38.45,0.59,0.19,0.23,20.56,9.33,31.31,50.27
a7bd96513e155e6cdbfd7832a4635ce7,bcp-syn/normalized-m100_100_30_30.r.wcnf.xz,60.59,23.26,11.01,106.3,0.23,1.37,0.29,19.27,13.76,191.71,85.17
4942f8dc2e3e423d7521c681c4838c4d,bcp-syn/normalized-m100_300_10_14.r.wcnf.xz,3600.0,3600.0,3600.0,3600.0,0.34,0.46,0.51,3600.0,3600.0,3600.0,3600.0
4785128ef29e1906e8bc86c5f65c784e,bcp-syn/normalized-m100_300_10_15.r.wcnf.xz,3600.0,3600.0,3600.0,3600.0,1.3,3.48,3.96,3600.0,3600.0,3600.0,3600.0
199bb18792912db0a2aa1b9a26dacb0c,bcp-syn/normalized-m100_300_10_20.r.wcnf.xz,3600.0,3600.0,3600.0,3600.0,0.91,2.52,3.24,3600.0,3600.0,3600.0,3600.0
7b3e3a997bb2a9af07d63217471bb0e0,bcp-syn/normalized-m200_500_10_10.r.wcnf.xz,3600.0,3600.0,3600.0,3600.0,570.45,849.79,810.67,3600.0,3600.0,3600.0,3600.0
33a48498ed84afdce9567ad3139dd0ba,bcp-syn/normalized-m4.r.wcnf.xz,3600.0,99.39,3600.0,1.63,0.18,0.07,0.07,0.17,0.03,0.18,3600.0
8280f632577c4d50d962090135510edf,bcp-syn/normalized-maincont.r.wcnf.xz,0.01,0.0,0.01,0.01,0.01,0.02,0.02,0.01,0.0,0.04,0.01
6d42517ed656c24ad661f7f95add6d09,bcp-syn/normalized-max1024.r.wcnf.xz,3600.0,3600.0,3600.0,3600.0,0.67,1.24,1.16,3600.0,2.99,3600.0,3600.0
7b1d1c1ea73197983cf43e1e397c65b2,bcp-syn/normalized-max512.r.wcnf.xz,3600.0,2.94,3600.0,0.28,0.02,0.04,0.04,0.04,0.01,0.09,3600.0
24637b32540de62606c4c229a94291e7,bcp-syn/normalized-mlp4.r.wcnf.xz,3600.0,120.35,3600.0,0.67,0.05,0.06,0.07,0.06,0.01,0.5,3600.0
d33ece2ec3eb6721fbdefe44ddebe2f1,bcp-syn/normalized-pdc.r.wcnf.xz,3600.0,3600.0,3600.0,231.47,0.21,1.22,0.62,14.33,0.19,17.42,3600.0
46a466d9c09be37d360dc0db0cf2e8d5,bcp-syn/normalized-prom2.pi.wcnf.xz,3600.0,3600.0,3600.0,3600.0,0.19,1.38,1.44,3600.0,120.02,3600.0,3600.0
b2158834b05a6635be9f11aefd8f365c,bcp-syn/normalized-prom2.r.wcnf.xz,3600.0,3600.0,3600.0,3600.0,0.18,1.37,1.42,3600.0,175.84,3600.0,3600.0
4b214a55b01478e51cbbfb51a7051613,bcp-syn/normalized-rot.b.wcnf.xz,3600.0,3600.0,3600.0,754.92,0.53,0.31,0.78,47.16,118.48,3600.0,3600.0
336a4a8cc1d1984c2ff7af95e377f870,bcp-syn/normalized-sao2.b.wcnf.xz,278.33,0.18,96.06,42.83,0.13,0.12,0.13,70.78,0.01,0.12,160.79
eb231d09b0fb5ece5bd4cd2b714f5130,bcp-syn/normalized-saucier.r.wcnf.xz,2119.72,1255.4,3600.0,388.25,11.38,1137.56,87.44,369.63,1164.48,3600.0,1392.66
a222d1dcaf8ce790e4bfa43a4472d1ae,bcp-syn/normalized-test1.r.wcnf.xz,3600.0,3600.0,3600.0,194.89,0.03,0.13,0.14,1.11,0.44,313.81,3600.0
a35420841c78f3bd84822b70c7785c82,bcp-syn/normalized-test4.pi.wcnf.xz,3600.0,3600.0,3600.0,3600.0,3600.0,3600.0,3600.0,3600.0,3600.0,3600.0,3600.0
4b24e34b378fb7ba5791c982c09f918a,circuit-trace/ctrl.wcnf.xz,0.15,0.22,0.14,0.31,405.43,143.23,60.1,0.29,0.14,2.84,0.14
837d41f6eff78d054f7fc84964d494f2,circuit-trace/mrisc_mem2wire.wcnf.xz,63.34,69.98,52.57,76.4,3600.0,2846.88,240.49,63.49,22.94,187.85,51.5
92e9cdb0d69727bacf405d21ea1d8357,circuit-trace/spi.wcnf.xz,3.55,9.97,3.41,8.71,3600.0,3600.0,3600.0,8.4,1.77,150.68,3.03
32aa464882ccb7227fb93f573d88b39e,circuit-trace/sudoku.wcnf.xz,2.7,9.85,3.25,7.91,3600.0,3600.0,3600.0,7.21,4.3,163.69,6.32
c98f00ad8ad5c397b0744e1e169ff592,fault-diagnosis/s38584_nan_explicit_11_0.wcnf.xz,273.78,155.6,3600.0,279.25,3600.0,3600.0,3600.0,389.59,165.47,108.08,314.59
2760c0557c1eab1d39b22a0106c27b47,fault-diagnosis/s38584_nan_explicit_12_0.wcnf.xz,254.91,86.19,315.03,206.44,3600.0,3600.0,3600.0,153.87,115.57,174.76,135.03
d2902da636e172763b780ed035770a02,fault-diagnosis/s38584_nan_explicit_13_0.wcnf.xz,293.66,66.39,179.56,70.97,3600.0,3600.0,3600.0,77.91,63.9,83.99,195.99
269ec656713f1642cb16f71203c18fa8,fault-diagnosis/s38584_nan_explicit_14_0.wcnf.xz,3600.0,331.52,3600.0,930.53,3600.0,3600.0,3600.0,829.47,732.17,366.92,2058.56
785439bcf808f5424cb1fc1bf4cfacb2,fault-diagnosis/s38584_nan_explicit_15_0.wcnf.xz,686.87,3600.0,1425.92,954.71,3600.0,3600.0,3600.0,1239.15,472.5,290.12,603.76
b46ac8d0239d99fa9f9337a16d17fd88,fault-diagnosis/s38584_nan_explicit_16_0.wcnf.xz,87.76,75.19,124.64,70.9,3600.0,3600.0,3600.0,65.95,142.92,82.5,68.6
7139ce9fc133c48031ddd6003ce17dcb,fault-diagnosis/s38584_nan_explicit_17_0.wcnf.xz,253.3,23.76,97.7,43.18,3600.0,3600.0,3600.0,35.72,50.11,90.01,41.5
249d305859654a38825e0608ea1711e6,fault-diagnosis/s38584_nan_explicit_19_0.wcnf.xz,57.48,40.39,85.14,62.96,3600.0,3600.0,3600.0,64.72,65.3,82.26,65.21
652eb8bcd457d3b0245c9f90febc3bb8,fault-diagnosis/s38584_nan_explicit_1_0.wcnf.xz,3600.0,3600.0,3600.0,1246.97,3600.0,3600.0,3600.0,1852.19,3600.0,528.53,3600.0
eca0b6d2581769eb2dbfe1081a31279d,fault-diagnosis/s38584_nan_explicit_20_0.wcnf.xz,76.37,39.13,65.8,55.31,3600.0,3600.0,3600.0,43.19,118.8,101.18,79.87
9343a19840bb63144ac979de169f5ad8,fault-diagnosis/s38584_nan_explicit_21_0.wcnf.xz,16.44,9.56,25.57,9.52,3600.0,1102.5,592.38,11.06,28.07,78.03,17.91
917434c7886b5b44aa0dbcbd2a2e086d,fault-diagnosis/s38584_nan_explicit_22_0.wcnf.xz,25.17,17.15,62.99,29.58,3600.0,3600.0,3600.0,28.09,65.27,75.28,19.5
188ebcab5ba9e1563ff309aac6c44615,fault-diagnosis/s38584_nan_explicit_23_0.wcnf.xz,99.06,44.52,172.2,46.59,3600.0,3600.0,3600.0,42.29,121.46,74.96,33.14
e02fd0ed919709eada52e44ffb1859a1,fault-diagnosis/s38584_nan_explicit_24_0.wcnf.xz,17.94,10.39,28.3,20.01,3600.0,3600.0,3600.0,20.96,48.4,67.55,17.16
1a7176b0277f5873f9d8f11a30849482,fault-diagnosis/s38584_nan_explicit_25_0.wcnf.xz,69.45,11.58,32.29,24.82,3600.0,3600.0,3600.0,24.68,29.82,68.73,37.3
bd560a5b006fb33e145930266fb6f0bd,fault-diagnosis/s38584_nan_explicit_26_0.wcnf.xz,22.75,16.49,64.45,24.56,3600.0,3600.0,3600.0,24.55,51.46,71.39,27.07
19ffddff4f2ca2e26e0bb7fd0c32883d,fault-diagnosis/s38584_nan_explicit_27_0.wcnf.xz,26.2,20.72,62.26,42.5,3600.0,3600.0,3600.0,39.39,63.2,86.13,37.35
718752da0cd9b7883ef53ba75d6c0a34,fault-diagnosis/s38584_nan_explicit_30_0.wcnf.xz,45.95,24.56,123.82,51.82,3600.0,3600.0,3600.0,47.57,119.63,70.94,39.6
90df7c52b24e6631f0245d6348b42051,fault-diagnosis/s38584_nan_explicit_31_0.wcnf.xz,198.69,24.64,47.77,37.15,3600.0,3600.0,3600.0,36.97,59.08,71.61,39.75
8f2a65a6c0f1df86e5caf247130739eb,fault-diagnosis/s38584_nan_explicit_33_0.wcnf.xz,24.95,17.79,19.55,21.39,3600.0,3600.0,3600.0,20.0,24.35,60.09,14.34
212b7b876f89a2d32cc979df374336eb,fault-diagnosis/s38584_nan_explicit_34_0.wcnf.xz,26.8,14.28,39.49,20.99,3600.0,3600.0,3600.0,21.18,35.46,58.44,19.95
0f35c2fca42e7a811c187a06acd4321e,fault-diagnosis/s38584_nan_explicit_36_0.wcnf.xz,11.87,13.5,21.54,24.4,3600.0,3600.0,2907.26,23.69,30.06,57.08,12.73
5e65ad30ade20e6c59c3825688ac527d,fault-diagnosis/s38584_nan_explicit_38_0.wcnf.xz,26.66,13.0,34.82,26.15,3600.0,3600.0,3600.0,24.61,25.58,64.02,15.95
a303bac398b1e8104d4a4231fbb932ec,fault-diagnosis/s38584_nan_explicit_39_0.wcnf.xz,34.12,21.71,43.97,25.26,3600.0,3600.0,3600.0,26.53,112.12,69.74,36.38
806a08ebf9e1b5c9365643ca7eb84f92,fault-diagnosis/s38584_nan_explicit_3_0.wcnf.xz,3600.0,3600.0,3600.0,3600.0,3600.0,3600.0,3600.0,3600.0,1246.32,3600.0,3600.0
89b6fa8293080d7d629c8c4266dcd5ad,fault-diagnosis/s38584_nan_explicit_41_0.wcnf.xz,71.71,12.18,46.56,20.38,3600.0,2542.17,3600.0,21.75,33.52,60.64,30.87
3fc893248f29e1820737833a0b620799,fault-diagnosis/s38584_nan_explicit_42_0.wcnf.xz,13.96,14.91,64.68,19.96,3600.0,3600.0,3600.0,20.33,30.61,57.76,13.72
29cd4f0df87932e301947ab327790b58,fault-diagnosis/s38584_nan_explicit_43_0.wcnf.xz,22.07,12.01,22.37,33.25,3600.0,689.07,760.83,32.42,24.67,61.51,12.93
8a4f3229e32e713c200b0bd2bf1b9fe8,fault-diagnosis/s38584_nan_explicit_44_0.wcnf.xz,9.35,13.82,19.39,21.16,3600.0,1237.63,1289.12,20.21,34.87,57.69,9.05
d0d7f25fb4bbd2425b7ea22a87b13305,fault-diagnosis/s38584_nan_explicit_47_0.wcnf.xz,50.73,15.4,29.14,20.95,3600.0,419.12,353.67,20.81,22.52,50.17,8.71
c6c48722670cc5675410f937e432d2bd,fault-diagnosis/s38584_nan_explicit_48_0.wcnf.xz,35.28,47.98,84.76,92.69,3600.0,1203.28,864.53,109.09,27.12,63.25,38.08
c3cddee7ccf41aee0db915f505da1726,fault-diagnosis/s38584_nan_explicit_49_0.wcnf.xz,20.65,16.47,14.55,21.19,3600.0,967.51,556.89,20.79,27.98,54.38,10.12
3c33b18f62a0fef3e4a50732f7aba859,fault-diagnosis/s38584_nan_explicit_4_0.wcnf.xz,3600.0,3600.0,3600.0,897.73,3600.0,3600.0,3600.0,3600.0,3600.0,1875.69,3600.0
d9022ddf9dceb923f2156de669026497,fault-diagnosis/s38584_nan_explicit_5_0.wcnf.xz,3600.0,3600.0,3600.0,3600.0,3600.0,3600.0,3600.0,3600.0,3600.0,3600.0,3600.0
41a2c134035cdcafcb8c05eff42e4b36,fault-diagnosis/s38584_nan_explicit_8_0.wcnf.xz,3600.0,3600.0,3600.0,3600.0,3600.0,3600.0,3600.0,3600.0,3600.0,3600.0,3600.0
3101d75bd9bcf2f2361fc939a5753d6f,packup/1aabfc32-d491-11df-9a24-00163e3d3b7c_l3.wcnf.xz,2.49,4.32,4.7,17.14,1.01,68.13,4.09,20.62,4.12,13.66,2.94
33b11f076f17824abf6e7a3cf03bcd37,packup/2c3aece6-c8b2-11df-a040-00163e3d3b7c_l3.wcnf.xz,8.82,16.56,8.92,11.63,0.67,31.66,39.14,14.45,20.05,13.23,8.73
8a89c852aec6e94b19ac11b85841f5f4,packup/4ede8d96-c17a-11df-a7c5-00163e3d3b7c_l3.wcnf.xz,0.41,0.48,0.74,0.82,0.6,0.44,0.29,0.91,0.2,3.86,0.42
56af858890b6722e47441f025f636baf,packup/7f80e4f0-4fe9-11e0-acd7-00163e1e087d_l3.wcnf.xz,8.16,3.38,4.31,4.57,0.36,177.7,38.62,4.24,5.3,7.96,8.22
9fc734d7baae62b1d3d4bac4e5255eae,packup/rand118_l2.wcnf.xz,2.32,1.24,5.83,4.27,0.89,1.27,1.01,4.14,0.51,6.86,2.37
483bffb141d266442cf6cee5757cd77e,packup/rand179_l2.wcnf.xz,5.69,5.8,14.47,47.09,1.24,2.43,1.66,52.02,0.95,10.57,5.21
6dabf4a60f6c32cf0e203a7c83eaa691,packup/rand196_l2.wcnf.xz,11.14,29.13,25.45,104.95,1.32,4.66,4.0,112.06,1.6,18.9,11.27
9281de482280de5a80729fbd2cc1563b,packup/rand208_l2.wcnf.xz,0.97,1.05,3.77,3.3,0.96,1.84,1.79,3.53,0.51,7.02,1.06
8d706daf0e85d2eb5f93c799537c8703,packup/rand209_l2.wcnf.xz,6.94,3.16,13.69,35.86,0.87,3.69,1.09,37.94,0.87,9.01,7.34
74a94caf12714c9f9145b27264984669,packup/rand21_l2.wcnf.xz,14.13,81.78,31.71,121.48,1.08,3600.0,1.6,122.35,1.55,17.18,14.19
35451a31e15f01e95af1d1d67389d674,packup/rand242_l2.wcnf.xz,1.65,2.09,7.29,5.22,1.36,2.24,1.5,5.26,0.69,8.01,1.8
e98c98f0b81d7a6397d3d7b53682423f,packup/rand289_l2.wcnf.xz,1.12,1.08,4.05,2.5,1.21,1.45,0.89,2.66,0.5,7.12,1.28
de6a782dfa9462a17a499b1efa227226,packup/rand308_l2.wcnf.xz,7.92,2.8,9.77,43.29,0.55,0.78,0.93,44.21,0.45,5.09,7.75
3b7f71618537f734fa6108fb8683e870,packup/rand30_l2.wcnf.xz,1.44,1.46,5.88,6.11,0.73,1.5,0.89,6.7,0.51,6.37,1.47
7a5430de6c49d369d571ed6f5fb6f757,packup/rand313_l2.wcnf.xz,7.58,7.46,15.82,72.96,0.9,1.86,1.14,80.69,1.23,19.51,8.44
eab0049343ce4a140a70543d2e80e06a,packup/rand377_l2.wcnf.xz,0.94,0.8,2.63,4.0,0.57,0.53,0.69,4.55,0.3,5.18,0.99
279107d3da5b06f96b604e515cdc4121,packup/rand425_l2.wcnf.xz,1.23,1.11,4.35,6.64,0.7,0.83,1.23,7.51,0.43,6.45,1.31
ffca706d1a6391cb0c79296faf6997fb,packup/rand446_l2.wcnf.xz,1.04,1.21,4.69,4.12,1.08,1.6,1.05,4.11,0.57,7.66,1.14
b30e7aa47612f90b6bb57c40c3fef598,packup/rand484_l2.wcnf.xz,1.22,1.23,4.47,2.25,1.07,1.65,1.28,2.64,0.57,7.04,1.3
81d4c5d331d3cead039efb836b237ba4,packup/rand507_l2.wcnf.xz,2.98,2.66,8.75,40.1,0.68,0.8,0.61,42.02,0.45,6.57,2.87
c1b94aacfd194a128e2e56c2ec05fc3f,packup/rand695_l2.wcnf.xz,1.29,1.55,5.08,20.68,0.57,0.4,0.84,21.11,0.33,7.69,1.37
7f86bbbcbeb037ef51beb9c6fc585d37,packup/rand717_l2.wcnf.xz,10.32,8.57,22.68,55.55,1.02,4.82,4.16,62.68,1.11,10.68,11.44
f1074b578a69d2ccf6fb2cd121282223,packup/rand736_l2.wcnf.xz,1.75,2.34,7.91,36.95,0.63,0.54,0.92,38.95,0.41,6.86,1.84
39f26e2302620fbe84047310ed5dfea1,packup/rand736_l3.wcnf.xz,0.55,0.88,1.4,4.58,0.69,0.62,0.32,5.58,0.23,4.25,0.54
640ed54db44eb4881b7414624ab7fc9e,packup/rand794_l2.wcnf.xz,1.28,0.99,3.74,3.64,0.84,1.12,0.9,3.78,0.5,7.19,1.14
99596736bf262c778ad06ec023a84dc7,packup/rand7_l2.wcnf.xz,2.41,3.74,11.33,33.01,0.77,2.48,1.02,35.52,0.71,7.72,2.53
7fcf8b121a708053060906c2583767e1,packup/rand813_l2.wcnf.xz,1.65,2.52,8.99,41.3,0.89,0.65,1.26,42.36,0.46,7.2,1.52
700dad165f38ca4d10525a73586acb1d,packup/rand869_l2.wcnf.xz,2.32,2.32,6.8,9.19,1.25,6.1,5.0,9.18,0.83,8.57,2.69
8a8071c810f901f864bf7dd9ed15258d,packup/rand874_l2.wcnf.xz,2.46,3.23,10.26,27.99,1.28,6.19,2.99,28.02,1.07,12.75,2.61
1112f48590b0eaf6090657faf34d0b25,packup/rand892_l2.wcnf.xz,1.46,2.74,6.12,43.4,0.77,0.59,0.97,44.57,0.4,6.77,1.67
322258d20c96797bd8a8b7319ec625b4,packup/rand937_l2.wcnf.xz,1.57,1.51,5.99,4.61,0.86,3.11,1.04,4.84,0.53,7.17,1.72
e562155336af0ff0041f4976fcb8bd0e,packup/rand943_l2.wcnf.xz,14.84,12.82,21.07,26.2,1.04,8.17,3.87,28.44,0.9,12.22,12.9
c0bd4c3b9e89b07e1f34b0145bb590ac,packup/rand954_l2.wcnf.xz,2.19,1.65,6.09,9.12,0.76,1.26,0.84,9.88,0.56,7.41,2.77
74f27fc66b0669ecaa42e59ab7de78e6,packup/rand96_l2.wcnf.xz,1.07,0.89,3.59,3.18,1.21,1.33,1.07,3.3,0.53,7.12,1.07
6ad6d4112799e66a3c28bdabb0a73f0b,packup/rand984_l2.wcnf.xz,3.24,4.68,11.89,26.26,1.07,2.19,1.5,28.5,0.84,9.94,3.14
62b047bc70df11d5c336fad0e5a9c884,tpr-multiple-path/b18-s_PathRelaxation_Set_FS_1.wcnf.xz,6.58,12.19,8.34,23.78,3600.0,10.98,32.66,24.38,6.0,130.89,5.74
ba33e88bcad65f6505ab49ba14ecd5a7,tpr-multiple-path/b18-s_PathRelaxation_Set_FS_10.wcnf.xz,24.93,35.49,18.69,147.8,3600.0,117.29,59.27,82.78,19.32,87.16,24.6
3975c905fa7d86719cecaafc6289f411,tpr-multiple-path/b18-s_PathRelaxation_Set_FS_12.wcnf.xz,25.14,41.7,29.22,180.41,3600.0,127.49,68.43,95.4,21.18,106.52,19.45
af9efa3605775aaa0e7c5fcddfd16bfd,tpr-multiple-path/b18-s_PathRelaxation_Set_FS_2.wcnf.xz,40.54,70.61,30.3,42.14,3600.0,190.72,184.99,38.68,21.04,3600.0,38.14
3b19920ae1a6c99d6f747950c3b65af5,tpr-multiple-path/b18-s_PathRelaxation_Set_FS_3.wcnf.xz,62.16,117.57,63.14,48.45,3600.0,188.55,144.06,41.24,25.35,185.17,60.26
d9318fec8f9aa3cb87f9f44065f9f01c,tpr-multiple-path/b18-s_PathRelaxation_Set_FS_4.wcnf.xz,206.34,720.86,226.1,300.47,3600.0,308.3,250.53,227.62,150.96,1014.81,361.51
0b0b871794383b743cd1760db2a5a467,tpr-multiple-path/b18-s_PathRelaxation_Set_FS_5.wcnf.xz,169.78,678.62,176.41,196.1,3600.0,348.65,244.84,204.06,138.19,3600.0,181.22
3946ee2522d4962d3451009e6349b370,tpr-multiple-path/b18-s_PathRelaxation_Set_FS_6.wcnf.xz,246.45,729.86,205.91,401.22,3600.0,360.98,213.73,305.11,82.24,1927.74,206.49
733675d2d17d8e9fd002a3f3cc227eaf,tpr-multiple-path/b18-s_PathRelaxation_Set_FS_7.wcnf.xz,247.35,824.66,188.25,230.63,3600.0,324.67,190.8,251.0,112.92,2614.09,313.84
03ff4f5f4d44986947f084cd2555ae55,tpr-multiple-path/b18-s_PathRelaxation_Set_FS_8.wcnf.xz,180.38,772.76,331.63,282.15,3600.0,375.79,212.41,193.28,147.51,3600.0,183.38
2b0032a6464cb7e491970883dd0cfce1,tpr-multiple-path/b18-s_PathRelaxation_Set_FS_9.wcnf.xz,169.24,680.39,187.1,192.77,3600.0,412.21,205.68,163.25,205.46,3600.0,309.49
309f3af9a4519f8db978549da2518ee4,tpr-multiple-path/b20-s_PathRelaxation_Set_FS_1.wcnf.xz,2.53,2.83,2.67,2.61,481.6,16.76,12.37,2.53,0.72,10.04,3.33
9a0464b97f69dadaf33248db0731bf77,tpr-multiple-path/b20-s_PathRelaxation_Set_FS_10.wcnf.xz,8.96,7.73,41.52,7.53,3600.0,20.63,16.1,7.48,1.98,29.79,6.86
a00f5440e27d838b822a5a2321fc8908,tpr-multiple-path/b20-s_PathRelaxation_Set_FS_11.wcnf.xz,7.06,8.63,10.97,10.47,3600.0,25.08,14.36,10.9,2.0,23.35,5.3
bbf8dceb2064a17bb1a336782ab65582,tpr-multiple-path/b20-s_PathRelaxation_Set_FS_12.wcnf.xz,5.54,6.68,6.87,8.22,1801.53,38.92,21.12,9.85,1.37,22.98,4.18
beda4f1f2c6cfe66b041059b86fe05bf,tpr-multiple-path/b20-s_PathRelaxation_Set_FS_2.wcnf.xz,2.45,1.6,2.59,4.94,308.79,17.38,12.07,4.55,1.25,7.76,4.09
c7da585ead3c5da31fd2003d72336b9d,tpr-multiple-path/b20-s_PathRelaxation_Set_FS_3.wcnf.xz,4.22,4.84,21.61,5.33,3600.0,23.65,11.82,5.59,1.56,9.94,6.66
f16ae27bbab7407f824a19ad0087ded7,tpr-multiple-path/b20-s_PathRelaxation_Set_FS_4.wcnf.xz,3.24,5.01,13.26,5.8,3600.0,29.49,17.8,5.25,1.42,9.77,13.12
5f89c1f64cd0762d1aa49bd40873e305,tpr-multiple-path/b20-s_PathRelaxation_Set_FS_5.wcnf.xz,3.49,6.36,20.81,5.54,3262.54,38.45,19.62,5.48,1.55,26.9,4.6
4ef518118b92cd18997daf8eb0208576,tpr-multiple-path/b20-s_PathRelaxation_Set_FS_6.wcnf.xz,4.25,5.17,17.49,7.1,3529.61,18.84,19.38,8.63,1.79,14.12,5.7
2ad0d049bde9e9efdf536413fa8b1393,tpr-multiple-path/b20-s_PathRelaxation_Set_FS_7.wcnf.xz,8.53,7.61,25.07,6.22,2365.11,28.3,13.5,5.54,1.41,21.22,11.48
afa144b62cd95e29c88818e153007d29,tpr-multiple-path/b20-s_PathRelaxation_Set_FS_8.wcnf.xz,5.49,7.46,24.41,6.78,3600.0,26.89,22.51,6.52,1.6,29.12,5.92
0a4e0ddf32a804c983f9790392e0a3e8,tpr-multiple-path/b20-s_PathRelaxation_Set_FS_9.wcnf.xz,7.88,7.5,6.23,5.45,3600.0,27.49,23.99,6.08,1.52,25.62,6.56
312153a2949a38f8a147e24817d4f152,tpr-multiple-path/b21-s_PathRelaxation_Set_FS_1.wcnf.xz,54.73,15.75,53.1,16.09,3600.0,15.22,7.39,10.24,0.87,18.6,43.73
e68353fac07e05212b4dcb454650b206,tpr-multiple-path/b21-s_PathRelaxation_Set_FS_10.wcnf.xz,220.11,95.91,203.0,65.8,3600.0,182.25,27.23,79.12,9.42,81.73,208.53
fd96a7a0b7f12c830bd43a5b152b7e0a,tpr-multiple-path/b21-s_PathRelaxation_Set_FS_11.wcnf.xz,183.17,50.44,258.42,259.31,3600.0,324.35,27.37,57.46,6.36,97.32,186.06
d7146009c783e8916a5e6a89b8dbd2ab,tpr-multiple-path/b21-s_PathRelaxation_Set_FS_12.wcnf.xz,261.33,81.44,223.6,272.99,3600.0,67.94,26.74,301.06,9.76,102.7,252.9
681946bd7c5719481262520d0262b6e1,tpr-multiple-path/b21-s_PathRelaxation_Set_FS_2.wcnf.xz,175.86,57.89,102.33,133.3,3600.0,45.87,19.89,354.88,5.36,129.82,150.94
45cace944917917f36bb9602d8e0f6e9,tpr-multiple-path/b21-s_PathRelaxation_Set_FS_3.wcnf.xz,196.91,47.57,164.12,157.43,3600.0,69.3,29.04,229.88,10.69,105.39,210.07
a9324a95284588a7ef4ed7ffd876285c,tpr-multiple-path/b21-s_PathRelaxation_Set_FS_4.wcnf.xz,270.09,161.14,189.88,44.78,3600.0,75.27,29.79,51.32,20.5,94.95,211.79
32a9c2f30a7ba47deafd2e6811c1aa0f,tpr-multiple-path/b21-s_PathRelaxation_Set_FS_5.wcnf.xz,241.37,93.26,242.71,96.02,3600.0,165.29,45.52,156.25,8.19,158.52,284.47
3ce1cc3c50333a018d39606b11aba6e7,tpr-multiple-path/b21-s_PathRelaxation_Set_FS_6.wcnf.xz,167.04,66.18,183.84,143.53,3600.0,61.74,36.43,146.31,5.3,57.77,163.12
3f0c032a12a3c3943a8350ae99f1cbd9,tpr-multiple-path/b21-s_PathRelaxation_Set_FS_7.wcnf.xz,180.12,63.9,137.92,75.76,2697.92,66.1,23.22,141.88,4.29,109.88,170.88
1af0e15ca92d847384e2eca55d7099a9,tpr-multiple-path/b21-s_PathRelaxation_Set_FS_8.wcnf.xz,206.24,75.04,162.33,63.79,3600.0,87.17,25.85,127.2,3.17,163.01,209.96
49b2bedc76fb0b2a6aaec03d3940fb8d,tpr-multiple-path/b21-s_PathRelaxation_Set_FS_9.wcnf.xz,232.63,51.08,207.53,104.06,3600.0,70.81,29.84,24.48,7.6,201.03,219.66
a1ab534c1480b52dd671c16e7ee37b1d,aes-key-recovery/AES1-72-28.wcnf.xz,1.81,2.59,3600.0,32.17,3600.0,4.77,3.89,35.03,1.56,26.62,3600.0
f66d93dc7167252b9a55bf7a898ac590,aes-key-recovery/AES1-72-29.wcnf.xz,2399.86,4.73,3600.0,26.6,3600.0,53.52,25.09,31.36,1.76,25.25,3600.0
00ce6bb538811d3ef134b8f0099636b1,aes-key-recovery/AES1-74-33.wcnf.xz,3600.0,17.39,3600.0,164.96,3600.0,3600.0,97.8,94.75,24.1,89.83,3600.0
1800ab603ddd15f1cb66e07bff090dc7,aes-key-recovery/AES1-74-34.wcnf.xz,0.68,1.74,3600.0,21.83,3600.0,11.42,3.69,21.23,1.29,25.3,3600.0
a831640bab9cad457bc488f7717155fd,aes-key-recovery/AES1-74-35.wcnf.xz,3600.0,8.66,3600.0,30.29,3600.0,139.53,76.22,33.57,3.31,31.05,3600.0
39008f10c70ae6ebc5cfcdcd081963c0,aes-key-recovery/AES1-76-36.wcnf.xz,3600.0,3600.0,3600.0,3600.0,3600.0,3600.0,3600.0,3600.0,3600.0,3600.0,3600.0
98c4eaee281141a7520c090e2bc19ab0,aes-key-recovery/AES1-76-40.wcnf.xz,3600.0,18.34,3600.0,59.97,3600.0,1075.02,123.76,57.29,72.96,80.23,1301.12
38b428e3b079cd23105033003155315f,aes-key-recovery/AES2-30-41.wcnf.xz,0.55,0.78,3600.0,22.77,3600.0,3.66,3.42,22.82,1.2,24.25,338.33
38b428e3b079cd23105033003155315f,aes-key-recovery/AES2-30-43.wcnf.xz,0.55,0.78,3600.0,22.74,3600.0,3.66,3.42,22.99,1.2,24.7,326.41
38b428e3b079cd23105033003155315f,aes-key-recovery/AES2-30-44.wcnf.xz,0.57,0.79,3600.0,22.76,3600.0,3.66,3.44,23.16,1.21,24.66,330.89
38b428e3b079cd23105033003155315f,aes-key-recovery/AES2-30-45.wcnf.xz,0.56,0.78,3600.0,22.97,3600.0,3.67,3.41,23.06,1.21,24.7,338.12
38b428e3b079cd23105033003155315f,aes-key-recovery/AES2-40-46.wcnf.xz,0.56,0.78,3600.0,22.72,3600.0,3.67,3.42,22.91,1.2,24.98,329.64
38b428e3b079cd23105033003155315f,aes-key-recovery/AES2-40-47.wcnf.xz,0.56,0.78,3600.0,22.78,3600.0,4.51,3.43,22.97,1.21,24.49,323.59
38b428e3b079cd23105033003155315f,aes-key-recovery/AES2-40-49.wcnf.xz,0.55,0.78,3600.0,22.71,3600.0,3.67,3.42,23.01,1.21,24.47,334.73
9e860e73573cdedca8f30fd876a15263,aes-key-recovery/AES2-50-51.wcnf.xz,1.64,24.13,3600.0,38.73,3600.0,4.07,3.61,38.13,1.63,24.46,626.6
94e1011945273040c0a9088f9937acd4,aes-key-recovery/AES2-50-52.wcnf.xz,3600.0,8.48,3600.0,23.94,3600.0,13.17,13.89,23.46,1.81,24.85,3600.0
c0907811033b79e25c0f5abf537da1ab,aes-key-recovery/AES2-50-53.wcnf.xz,27.57,0.93,3600.0,23.05,3600.0,4.01,3.94,28.07,1.43,24.22,3600.0
3c2668526cf23d3d4f578c154abd7789,aes-key-recovery/AES2-50-55.wcnf.xz,0.81,0.78,3600.0,23.29,1727.99,3.68,3.59,23.86,1.16,24.48,3365.63
e37be47bb3c3d4aee762635e3ed3ccfd,aes-key-recovery/AES2-60-56.wcnf.xz,3600.0,6.04,3600.0,28.64,3600.0,3600.0,3200.58,28.98,4.38,25.07,3600.0
144c11b3418444a290144e59f1e10457,aes-key-recovery/AES2-60-57.wcnf.xz,265.86,3600.0,3600.0,24.99,3600.0,327.29,12.23,23.58,2.22,26.91,3600.0
1456662a9395472c9d581bfd9d447717,aes-key-recovery/AES2-60-58.wcnf.xz,3600.0,40.55,3600.0,22.7,3600.0,6.29,27.87,23.78,1.82,24.69,3600.0
181c2c4efeae4e8fc51d429163a8f4b5,aes-key-recovery/AES2-60-59.wcnf.xz,1.0,0.82,3600.0,44.47,3600.0,3.75,3.76,36.82,1.04,24.39,3600.0
a6d942ddfd83183f73d4e372bce81de5,aes-key-recovery/AES2-70-61.wcnf.xz,3600.0,149.82,3600.0,26.73,3600.0,3600.0,942.47,27.99,9.78,31.28,3600.0
502c729562a2b6d9bae4adff52707a0e,aes-key-recovery/AES2-70-62.wcnf.xz,3600.0,128.17,3600.0,3292.95,3600.0,3600.0,3600.0,2126.26,85.82,908.13,3600.0
654c5ce8821316d376bae6fe2d8107e2,aes-key-recovery/AES2-70-63.wcnf.xz,3600.0,309.41,3600.0,759.31,3600.0,3600.0,1574.14,237.6,4.52,28.39,3600.0
795f51d123b4250430762d4df2863b13,aes-key-recovery/AES2-70-64.wcnf.xz,3600.0,39.73,3600.0,85.42,3600.0,3600.0,345.16,85.57,11.76,47.14,3600.0
444d5893b9e8ca571821f0373dcf9dc9,aes-key-recovery/AES2-70-65.wcnf.xz,3600.0,3600.0,3600.0,119.44,3600.0,3600.0,3600.0,58.09,67.9,83.81,3600.0
df3d39e260281f91ef8ef425f0287c5d,aes-key-recovery/AES2-72-67.wcnf.xz,3600.0,3600.0,3600.0,2911.71,3600.0,3600.0,3600.0,3600.0,3600.0,2516.29,3600.0
6b31c6fc92441da4dadf8e042ebfee78,aes-key-recovery/AES2-72-68.wcnf.xz,3600.0,118.88,3600.0,47.46,3600.0,3600.0,3600.0,30.4,19.41,32.12,3600.0
4160acbbfac8f4149116ffa21dfb5f3f,aes-key-recovery/AES2-72-69.wcnf.xz,3600.0,63.1,3600.0,346.18,3600.0,3600.0,3600.0,201.35,15.11,46.53,3600.0
eabe12aa6407f6d6aa9dc4741f3cd065,aes-key-recovery/AES2-72-70.wcnf.xz,3600.0,9.14,3600.0,134.33,3600.0,3600.0,257.18,44.41,4.8,31.16,3600.0
63cc6bde9842683a4dfe779a19b7cca7,aes-key-recovery/AES2-74-11.wcnf.xz,3600.0,69.2,3600.0,57.45,3600.0,3600.0,1216.72,51.07,13.12,49.09,3600.0
6c8bd88d0463016318a279f53aa2baaa,aes-key-recovery/AES2-74-72.wcnf.xz,3600.0,12.37,3600.0,37.01,3600.0,3600.0,3600.0,38.95,4.3,28.45,3600.0
053e238d2da9db22df66c86599613144,aes-key-recovery/AES2-74-73.wcnf.xz,32.37,13.3,3600.0,45.36,3600.0,13.47,6.92,125.62,2.99,27.06,3600.0
d0eb9b21f6c5e4dd238660084c26b449,aes-key-recovery/AES2-74-75.wcnf.xz,3600.0,9.34,3600.0,29.24,3600.0,3600.0,3600.0,28.76,5.84,29.61,3600.0
2b5354b9d8348afb5a8a9a13d60ac187,bcp-hipp/SU1__simp-genos.haps.1.wcnf.xz,0.19,0.14,0.18,1.58,3600.0,1.16,0.71,1.56,0.22,3.46,0.18
9f8ebd7c94d8a4a816ec8a5ff2bf3e17,bcp-hipp/SU1__simp-genos.haps.10.wcnf.xz,24.76,17.59,28.04,14.24,3600.0,3600.0,2985.87,13.31,35.28,147.71,23.11
42a790fd6984349045f66ac53d0ae43d,bcp-hipp/SU1__simp-genos.haps.18.wcnf.xz,0.55,0.33,0.64,2.28,3600.0,12.7,4.51,2.17,0.36,4.23,0.63
35730ebc51853ff18cd29eda02b47ba1,bcp-hipp/SU1__simp-genos.haps.19.wcnf.xz,1.29,0.83,1.35,3.82,3600.0,3.02,2.44,3.77,0.58,5.89,1.27
4fade06b1065581759acabd47ea233db,bcp-hipp/SU1__simp-genos.haps.26.wcnf.xz,9.75,16.39,20.4,27.62,3600.0,228.23,82.02,14.79,14.04,98.01,9.76
a4c1cedd2cc7bd66de592f9c007097d9,bcp-hipp/SU1__simp-genos.haps.27.wcnf.xz,3.01,2.36,2.2,3.25,3600.0,4.93,4.5,4.23,0.41,4.51,2.71
0770dc16f959309f1bf97c1665d7bd99,bcp-hipp/SU1__simp-genos.haps.29.wcnf.xz,1.08,0.75,1.72,4.94,3600.0,16.15,5.4,4.79,0.56,7.7,0.96
33c1bad83446b3b7cc4e401905c34966,bcp-hipp/SU1__simp-genos.haps.30.wcnf.xz,0.86,0.72,1.07,2.43,3600.0,8.91,6.51,2.44,1.63,20.55,0.86
c812e7eef9d4e11adc8283ad6c933571,bcp-hipp/SU1__simp-genos.haps.32.wcnf.xz,1.17,3.28,1.94,6.57,3600.0,6.8,6.61,5.59,0.68,30.59,1.19
fa8117146e09da0cc24b65d4e3af7623,bcp-hipp/SU1__simp-genos.haps.34.wcnf.xz,0.55,0.48,0.64,4.06,3600.0,7.01,1.83,4.04,0.37,5.11,0.36
3b3648cdc625770bd6b82eff3781ceda,bcp-hipp/SU1__simp-genos.haps.37.wcnf.xz,0.18,0.16,0.23,1.78,3600.0,6.73,0.94,1.74,0.23,3.65,0.18
7961a7ced3c961561f524d18edc3ed9d,bcp-hipp/SU1__simp-genos.haps.38.wcnf.xz,1.2,1.06,1.73,1.92,3600.0,4.48,1.81,1.84,0.68,6.08,1.13
f1fb8d559dc9c0a4c89029ea1bfd8e08,bcp-hipp/SU1__simp-genos.haps.50.wcnf.xz,0.28,0.29,0.35,3.95,3600.0,2.79,1.46,3.88,0.33,5.6,0.23
f6b416cba6555ac4c9967cbd67466f8d,bcp-hipp/SU1__simp-genos.haps.54.wcnf.xz,0.31,0.25,0.48,4.1,3600.0,3.27,1.64,4.0,0.37,5.33,0.33
ffe2521028ca9070eb2c7b47f56aaae6,bcp-hipp/SU1__simp-genos.haps.62.wcnf.xz,1.41,1.99,1.69,3.53,3600.0,9.76,9.39,2.93,1.27,6.26,1.51
c531a438d753fd45df52b0f3ab81038c,bcp-hipp/SU1__simp-genos.haps.69.wcnf.xz,1.72,1.83,1.21,3.52,3600.0,9.49,3.64,3.32,0.94,11.02,1.25
6ae9e14b40c7eac79c1d588c79312afd,bcp-hipp/SU1__simp-genos.haps.7.wcnf.xz,185.24,1585.2,146.08,298.76,3600.0,3600.0,3600.0,350.82,1868.95,610.53,198.76
c1b8279c073344cb5e4e81f7592ca545,bcp-hipp/SU1__simp-genos.haps.70.wcnf.xz,0.44,0.21,0.44,4.35,3600.0,2.05,1.43,4.37,0.29,4.43,0.29
02bf00f5ca90b6a1867119159cb7ae50,bcp-hipp/SU1__simp-genos.haps.8.wcnf.xz,0.21,0.17,0.31,1.69,3600.0,1.35,0.9,1.66,0.22,3.56,0.16
dc7771fb9ccad5b7278b2d0553e9c70a,bcp-hipp/SU1__simp-genos.haps.85.wcnf.xz,0.26,0.22,0.36,2.25,3600.0,1.75,1.15,2.14,0.28,4.0,0.19
7cc5fcced11db484f391797918289ada,bcp-hipp/SU1__simp-genos.haps.86.wcnf.xz,0.46,0.45,0.87,4.24,3600.0,5.14,2.32,4.08,0.5,5.51,0.54
3a32d230968a10e92388d1563d05ef5a,bcp-hipp/SU3__simp-genos.haps.21.wcnf.xz,1138.32,1305.81,878.58,965.73,3600.0,3600.0,3600.0,380.15,338.34,3600.0,958.12
2cee525f41e9c6a54a523780ec8198d6,bcp-hipp/SU3__simp-genos.haps.23.wcnf.xz,0.54,0.69,1.46,2.49,3600.0,6.41,3.0,2.57,0.27,7.86,0.87
f679c39712fe4b3264c0fe76913f9465,bcp-hipp/SU3__simp-genos.haps.27.wcnf.xz,6.88,3.19,8.83,6.73,3600.0,3211.97,559.32,5.24,2.2,46.45,6.26
487a3345966bf35e8193cbcba420cacd,bcp-hipp/SU3__simp-genos.haps.38.wcnf.xz,141.71,47.26,116.63,232.21,3600.0,3600.0,3600.0,191.26,14.75,137.31,133.84
aaf336d10853a20d4deb45fbfa720c65,bcp-hipp/SU3__simp-genos.haps.53.wcnf.xz,77.77,733.79,70.36,165.84,3600.0,3600.0,3600.0,574.41,47.68,3600.0,82.65
dafa42781e8bd37f27269334020eefed,bcp-hipp/SU3__simp-genos.haps.58.wcnf.xz,41.87,5.9,22.12,4.44,3600.0,3600.0,605.89,6.71,2.84,33.43,38.73
ea4a088d0eea057dbe7c569ced6105a1,bcp-hipp/SU3__simp-genos.haps.63.wcnf.xz,3600.0,3600.0,3600.0,3600.0,3600.0,3600.0,3600.0,3600.0,3600.0,3600.0,3600.0
d4b2acaed9517dda46114b960e36da7f,bcp-hipp/SU3__simp-genos.haps.64.wcnf.xz,20.44,860.39,43.18,46.08,3600.0,3600.0,2467.93,43.8,6.36,637.08,22.57
997b0ab050f77921bcae6a77845c7f61,bcp-hipp/SU3__simp-genos.haps.72.wcnf.xz,11.58,8.95,15.3,96.68,3600.0,690.48,260.36,60.11,113.71,312.77,12.84
02a3f6392753517f4a264d9b80266253,bcp-hipp/SU3__simp-genos.haps.74.wcnf.xz,2.48,0.32,3.19,1.91,3600.0,4.17,4.24,1.86,0.36,3.73,2.52
2498e75b78b547c4566b42f2e38b39c0,bcp-hipp/SU3__simp-genos.haps.80.wcnf.xz,3600.0,3600.0,3600.0,3600.0,3600.0,3600.0,3600.0,3600.0,3600.0,3600.0,3600.0
0c238f40ee999f426fdf9c71c7d0032a,bcp-hipp/SU3__simp-genos.haps.86.wcnf.xz,2.81,3.04,3.22,2.74,3600.0,1143.0,625.47,2.66,6.38,5.2,2.35
1adb68ae17983638bf5c9905675fb0b5,bcp-hipp/SU3__simp-genos.haps.88.wcnf.xz,321.63,819.7,678.33,213.78,3600.0,3600.0,3600.0,149.16,1788.85,3600.0,373.24
d82e18210458db54a3a9efaebe4ea280,bcp-hipp/SU3__simp-genos.haps.9.wcnf.xz,3600.0,3600.0,3600.0,3600.0,3600.0,3600.0,3600.0,3600.0,3600.0,3600.0,3600.0
16e91ab3c6c7017513d02ca8cf239218,bcp-mtg/c1355_F1001gat-1048gat@1.wcnf.xz,0.03,0.07,0.03,0.03,2.65,0.14,0.13,0.03,0.03,1.12,0.03
fed6c2efc6c750a579c50d574e0072df,bcp-mtg/c1355_F1001gat@1.wcnf.xz,0.07,0.14,0.05,0.05,742.33,2.44,9.13,0.05,0.8,4.59,0.04
84fd758c208e0adacc1ae168edae4714,bcp-mtg/c1355_F1036gat-1229gat@1.wcnf.xz,0.03,0.04,0.02,0.04,4.77,0.16,0.13,0.04,0.06,1.5,0.03
0475a6cd67d2b420d2d144434c14490e,bcp-mtg/c1355_F106gat-409gat@1.wcnf.xz,0.07,0.04,0.05,0.11,43.83,0.12,0.09,0.1,0.05,0.79,0.07
71f8b59dd06f9257cd6fc5fe900e61d5,bcp-mtg/c1355_F106gat@0.wcnf.xz,0.06,0.1,0.07,0.14,3600.0,0.58,0.38,0.14,0.13,1.37,0.06
145e4ddfdc90de51de90ad8a10c5bc31,bcp-mtg/c1355_F113gat-1260gat@1.wcnf.xz,0.03,0.04,0.03,0.04,4.25,0.19,0.18,0.03,0.04,1.04,0.03
7e383cdfcd4935557c8f8fa4584172ca,bcp-mtg/c1355_F1150gat@0.wcnf.xz,0.03,0.04,0.03,0.04,5.26,0.25,0.16,0.04,0.07,0.93,0.03
88245369ef8455fcec5ec3922aa3f25c,bcp-mtg/c1355_F1183gat-1262gat@1.wcnf.xz,0.02,0.01,0.02,0.02,0.06,0.04,0.02,0.02,0.01,0.13,0.02
083dd1276f285beb9848c4daca7a38e2,bcp-mtg/c1355_F120gat-414gat@1.wcnf.xz,0.07,0.04,0.07,0.11,53.1,0.11,0.08,0.11,0.04,48.03,0.06
232193a3f7106f0deab02c8d76ab058d,bcp-mtg/c1355_F1229gat@1.wcnf.xz,0.02,0.01,0.02,0.02,0.08,0.04,0.02,0.03,0.01,0.14,0.02
96225486d1e6748993d56835eeace49a,bcp-mtg/c1355_F127gat-418gat@1.wcnf.xz,0.04,0.06,0.06,0.11,21.46,0.12,0.08,0.1,0.05,1.22,0.07
8c9937a43fe28aafa5ba774a60ee984a,bcp-mtg/c1355_F141gat@0.wcnf.xz,0.07,0.09,0.06,0.15,3600.0,0.58,0.28,0.13,0.09,1.37,0.05
505e40f760ad0b83445118780d3bae2e,bcp-mtg/c1355_F155gat@1.wcnf.xz,0.08,0.1,0.11,0.14,3600.0,0.73,0.28,0.13,0.09,2.29,0.08
9425291df2cafecacfc81acff96d1111,bcp-mtg/c1355_F176gat-1278gat@1.wcnf.xz,0.02,0.04,0.03,0.04,5.52,0.24,0.14,0.04,0.05,1.26,0.02
3f22afda2ca198c30e8d669d23564977,bcp-mtg/c1355_F183gat@0.wcnf.xz,0.08,0.1,0.06,0.16,3600.0,0.75,0.31,0.15,0.12,2.82,0.09
23c44f149a11e319a714caeac7e9258a,bcp-mtg/c1355_F197gat-308gat@1.wcnf.xz,0.07,0.05,0.06,0.12,47.19,0.13,0.09,0.11,0.06,12.77,0.07
9939bdb3dcefbb037938a5d5df540a70,bcp-mtg/c1355_F1gat@0.wcnf.xz,0.08,0.09,0.09,0.16,3600.0,0.61,0.27,0.15,0.11,1.91,0.06
70293349dbb3b4aa1f6392b4821bf5ec,bcp-mtg/c1355_F43gat@1.wcnf.xz,0.06,0.12,0.07,0.14,3600.0,0.61,0.36,0.13,0.1,2.71,0.05
5d6d6f93e4c80a3b00a97d5ec87f963a,bcp-mtg/c1355_F50gat@1.wcnf.xz,0.06,0.1,0.16,0.15,3600.0,0.57,0.34,0.14,0.19,2.44,0.06
192eb1b640176b96f751def38ea4fb8e,bcp-mtg/c1355_F543gat@1.wcnf.xz,0.07,0.06,0.05,0.12,53.97,0.13,0.09,0.11,0.05,2.64,0.06
6b46fce5acfb1001d9f782ff4b683509,bcp-mtg/c1355_F57gat@1.wcnf.xz,0.07,0.1,0.06,0.16,3600.0,0.65,0.27,0.15,0.08,1.23,0.07
9b7a7e6767e5024c5fa4a374738ff556,bcp-mtg/c1355_F71gat@1.wcnf.xz,0.07,0.1,0.06,0.16,3600.0,0.79,0.26,0.14,0.1,1.65,0.06
da2ea42418ea8bddd25e2fec8b3e5e9f,bcp-mtg/c3540_F20@1.wcnf.xz,0.4,0.25,0.15,0.62,422.34,14.55,4.74,0.54,0.48,2.81,0.23
0f2257fb0517fe3cee728125781d26b7,bcp-mtg/c3540_F41@1.wcnf.xz,0.12,0.15,0.17,0.4,677.81,4.71,2.34,0.38,0.25,1.83,0.26
f96d7546ec7bccb1b2faca5fb006a05e,bcp-mtg/c3540_F45@0.wcnf.xz,0.35,0.46,0.24,0.65,1602.45,22.26,5.44,0.59,0.7,2.91,0.42
707ec35c2c8053e7f8fa957aba37b5ca,bcp-mtg/c3540_F45@1.wcnf.xz,0.35,0.43,0.37,0.68,2338.42,28.95,6.44,0.67,0.82,3.1,0.57
ef18817ac93c7236a898e31fdcddffa1,bcp-mtg/c6288_F137gat@1.wcnf.xz,1.3,1.39,0.75,2.99,3600.0,12.59,2.06,3.96,1.3,7.25,1.09
bff56fa3c43f038040445917d6fdd913,bcp-mtg/c6288_F205gat@1.wcnf.xz,0.57,0.74,0.72,1.0,3600.0,5.87,4.86,1.25,0.56,3.1,0.85
fd2e48ba724dc83462d10dd36634b512,bcp-mtg/c6288_F35gat@1.wcnf.xz,0.09,0.16,0.05,0.24,164.84,1.24,0.29,0.23,0.12,1.35,0.06
54486a4b9704b9599df896a130286f9b,bcp-mtg/c6288_F69gat@1.wcnf.xz,0.31,0.26,0.2,0.56,3600.0,1.75,0.8,0.58,0.44,1.9,0.39
a2bc02ec50e92e85b7218f2afe7fd2b7,circuit-debugging/rsdecoder-debug.dimacs.wcnf.xz,161.24,303.8,2.91,3.88,3600.0,3600.0,110.25,4.07,35.79,3600.0,3600.0
d2d10ef7ef30d53d66c487be214d0292,circuit-debugging/sudoku-debug.dimacs.wcnf.xz,63.76,8.4,1817.0,3.45,3600.0,351.3,41.13,3.8,14.75,365.83,214.21
ef52f4457dbea616f3876b43a9351026,circuit-debugging/wb-debug.dimacs.wcnf.xz,3600.0,6.45,3600.0,3.36,661.9,14.56,29.46,3.49,35.1,301.97,3600.0
24d35f7606d53f28a3caea7a3ae9d302,des/cnf.10.p.10.wcnf.xz,20.87,13.74,32.08,39.9,3600.0,782.08,380.09,36.17,33.04,3600.0,27.31
b9c6c515672d311ea66e4f30418a75c1,des/cnf.10.p.9.wcnf.xz,45.16,27.63,24.9,97.13,3600.0,3600.0,395.71,38.26,118.51,3600.0,68.79
84376b8158bc0e3342462b051b39bbec,des/cnf.11.p.10.wcnf.xz,81.97,168.18,76.27,41.0,3600.0,731.7,225.96,35.75,72.97,148.19,99.59
b603044b951f850776b78e44f4ecf48d,des/cnf.12.p.10.wcnf.xz,81.52,228.26,131.53,82.58,3600.0,3600.0,618.98,57.75,45.09,3600.0,150.64
d588b740b8a0a9f4cf538a89499f9f51,des/cnf.12.p.8.wcnf.xz,50.64,136.73,53.19,30.23,3600.0,1326.65,388.34,36.96,48.14,3600.0,73.96
3f922d44800b6bf40dd12095bb8761be,des/cnf.12.p.9.wcnf.xz,136.08,204.94,92.03,81.97,3600.0,3600.0,504.2,272.58,90.87,3600.0,115.36
de534324de6b892747eef96f625421c4,des/cnf.12.t.9.wcnf.xz,11.5,9.08,12.68,15.06,151.97,98.32,50.47,15.07,11.75,21.31,11.66
848a151933a7b70063a5bc613fc513d2,des/cnf.13.p.8.wcnf.xz,87.84,80.41,115.61,136.1,3600.0,3600.0,590.85,42.3,60.99,3600.0,132.49
4279fd26c0bff88aafb9090302b7e3a4,des/cnf.13.p.9.wcnf.xz,144.06,384.48,90.9,72.95,3600.0,1527.59,468.71,58.43,250.33,3600.0,134.31
16edd067a692020d5cb5e558e6b1c016,des/cnf.14.p.10.wcnf.xz,791.29,902.27,167.87,111.11,3600.0,3600.0,1107.91,123.71,202.76,3600.0,427.11
3ed60e33561944e9b995907895981fd2,des/cnf.14.p.9.wcnf.xz,84.02,631.79,91.56,83.72,3600.0,3600.0,421.43,48.48,58.41,3600.0,129.11
52c887570daa61a1b19ef3d34ae1a0d1,des/cnf.14.t.7.wcnf.xz,11.24,5.5,12.37,15.67,54.92,49.95,28.21,14.06,13.79,23.33,13.64
99910de6665e7a762b9a623a1a3de4ef,des/cnf.15.p.10.wcnf.xz,329.11,1176.35,642.29,517.98,3600.0,3600.0,1133.47,132.28,472.67,3600.0,448.22
90a893a34f1a5f098216b37e5066f9be,des/cnf.15.p.9.wcnf.xz,289.55,144.77,218.55,58.32,3600.0,3600.0,861.31,56.61,509.75,3600.0,226.62
81ab491b4159ff474420ed88112f5754,des/cnf.15.t.10.wcnf.xz,20.07,10.53,19.17,30.01,608.21,92.53,65.84,30.46,21.05,31.29,20.69
f68c81a218f566819054a0b0419cdc16,des/cnf.16.p.10.wcnf.xz,1023.73,862.2,437.78,109.53,3600.0,3600.0,1000.43,126.01,1054.93,3600.0,338.92
148c73f25a728d3a069eeba30d748995,des/cnf.16.p.9.wcnf.xz,689.27,803.14,1005.59,175.51,3600.0,3600.0,1087.34,92.82,223.88,3600.0,895.37
25bb0811dd01417d7fdd58191847c7e6,des/cnf.16.t.9.wcnf.xz,15.73,19.92,14.21,27.98,558.46,38.02,29.02,23.07,17.22,43.4,13.08
d23455085a72533eadc7bfb69e7bcea8,des/cnf.17.d.10.wcnf.xz,15.71,24.38,14.95,28.14,74.66,51.15,77.91,22.26,21.63,34.96,17.55
bd8885d8f9699c3035e6abd0abd0ea61,des/cnf.17.d.9.wcnf.xz,8.78,10.39,8.59,17.03,62.1,56.17,14.56,13.1,9.93,25.59,7.15
3f1147b09fb3c2ad26755088bd853452,des/cnf.17.p.10.wcnf.xz,871.24,1548.67,1671.17,662.92,3600.0,3600.0,3283.23,444.27,335.46,3600.0,1707.13
1a237b35437e394ffcac85b4e55c9695,des/cnf.17.p.9.wcnf.xz,225.11,1192.32,211.76,258.06,3600.0,3600.0,1134.45,197.7,399.85,3600.0,366.9
e9ace0836700010ac381ecfe9b302659,des/cnf.17.t.10.wcnf.xz,39.57,54.51,31.8,32.1,641.6,1326.65,76.95,38.43,23.04,92.52,18.22
ed2f7b0dab79591c36e91ecfc33a81d3,des/cnf.18.p.10.wcnf.xz,3165.9,2102.99,2868.01,452.71,3600.0,3600.0,1199.79,361.51,3600.0,3600.0,3240.09
133a8559169c7514609c90661c4f0e9f,des/cnf.18.p.8.wcnf.xz,318.34,1159.25,217.62,656.54,3600.0,3600.0,658.72,367.54,170.17,3600.0,306.31
e27bdb11715b5f9cd84e4e2fde28b8c9,des/cnf.18.p.9.wcnf.xz,1163.37,1503.16,1300.44,366.87,3600.0,3600.0,1491.23,194.69,288.41,3600.0,2644.7
847750f3f03dd421901c02a80e0d5215,des/cnf.19.p.8.wcnf.xz,221.08,2465.87,220.76,225.66,3600.0,2681.92,1159.75,148.68,220.12,3600.0,241.92
39ffc870e8763c59716aee787d1cc738,des/cnf.19.p.9.wcnf.xz,199.25,1052.5,243.96,230.21,3600.0,2560.35,827.48,123.44,121.33,3600.0,291.43
d25cf225a28b12ec7740fe8c0dd2d0be,des/cnf.20.d.10.wcnf.xz,9.46,16.11,10.48,17.67,86.83,29.5,16.7,17.7,12.35,32.0,13.01
41dfe1e9721ac236343f28900dbbcf02,des/cnf.20.d.9.wcnf.xz,10.2,15.3,12.4,14.17,76.48,34.67,50.11,18.01,11.83,26.45,10.27
a8a60055cd89e091c80cca40a729be11,des/cnf.20.p.9.wcnf.xz,1546.73,1599.39,1208.22,357.77,3600.0,3600.0,2652.46,358.98,3600.0,3600.0,1778.96
aef3f8db462aebe208ceb5ac30522290,des/cnf.20.t.10.wcnf.xz,51.67,59.45,51.49,60.87,3509.55,434.55,60.59,49.9,39.86,141.65,36.98
5a7952fda07a7360cc29288ab623a9ad,des/cnf.20.t.8.wcnf.xz,20.52,32.68,25.37,34.3,379.12,149.41,77.6,32.5,20.83,37.64,24.91
e0cf8fe482adbaae98b571a9511924d0,des/cnf.8.p.10.wcnf.xz,11.01,12.35,22.01,38.6,3600.0,3600.0,306.62,28.95,25.84,2813.93,16.32
56f46d7ae81adf1bc77e920f7fa32dbb,des/cnf.9.p.10.wcnf.xz,19.3,12.76,26.78,52.72,3600.0,3600.0,367.56,17.29,38.7,3600.0,17.93
7cbae4a2d8d3010b403e8f8d75d98be9,mbd/b14_C-mbd14-0209.wcnf.xz,3600.0,611.93,1896.94,323.41,3600.0,3600.0,524.08,56.47,138.02,3600.0,3600.0
54e7b6e94362f3943666ade43e989c35,mbd/b14_C-mbd14-0218.wcnf.xz,234.2,15.79,232.21,34.92,1255.02,3600.0,484.01,43.49,17.04,268.6,246.44
5452c067f3d71ee9b231ee47636a3cfd,mbd/b14_C-mbd14-0231.wcnf.xz,367.37,77.5,364.37,11.53,2207.21,379.0,176.25,7.76,25.03,96.01,470.26
55631971d94cd7679485c7514def0542,mbd/b14_C-mbd14-0248.wcnf.xz,41.54,1.97,347.12,10.18,527.7,543.69,147.84,3.74,12.36,10.84,40.82
505e80d5cdbe202f4326d83cfc85554b,mbd/b14_C-mbd14-0256.wcnf.xz,1078.05,17.91,564.38,9.94,1030.31,667.45,137.62,12.22,20.66,75.5,1082.14
74d791b11bea8f41f252daeab8851d9c,mbd/b14_C-mbd14-0259.wcnf.xz,1896.49,113.28,1013.25,34.68,3600.0,1489.57,1283.07,91.86,861.38,2815.85,1913.15
38336e1c28f2d24a133dab71e61dbca1,mbd/b15_C-mbd14-0240.wcnf.xz,3600.0,312.69,1031.25,37.15,3600.0,206.53,101.68,60.87,425.58,489.61,1432.67
443fec583406a12f5fb162cb24c7e8f1,mbd/b15_C-mbd14-0288.wcnf.xz,433.07,74.26,2837.37,19.96,453.2,219.99,133.66,28.22,85.26,80.46,310.72
3fcdee4dcffe9b809ae50eb2d6a6f7d6,mbd/b15_C-mbd14-0305.wcnf.xz,194.22,6.76,490.96,14.94,301.94,50.15,24.05,11.34,1.87,7.97,209.83
01f9f9976418f53a179aece20024c43a,mbd/b15_C-mbd14-0330.wcnf.xz,82.99,4.89,172.42,2.88,119.54,27.88,20.8,4.02,2.61,10.37,55.09
ce2c3a515b490ba8b6223eeda2273c41,mbd/b17_C-mbd14-0205.wcnf.xz,37.63,1.34,33.52,0.93,8.97,7.95,13.43,0.93,0.57,4.75,47.05
31aa58f0efe3e16a0b0eb9c16d63276c,mbd/b17_C-mbd14-0206.wcnf.xz,115.93,1.46,130.09,1.09,20.76,75.94,16.57,1.36,0.63,4.81,116.38
f474b4453cfebda943c1fc818b760153,mbd/b17_C-mbd14-0217.wcnf.xz,58.9,0.78,111.19,0.76,35.03,16.79,6.58,0.76,0.45,4.71,60.85
e45ecd4a45e2e9bae62c56649c6439c4,mbd/b17_C-mbd14-0218.wcnf.xz,8.69,0.29,9.26,0.82,13.6,5.68,3.8,0.79,0.44,4.58,10.7
507bfa82a9d65a7ec61b254193e8becd,mbd/b17_C-mbd14-0220.wcnf.xz,29.35,4.66,46.63,0.97,20.17,24.53,12.85,1.18,0.67,4.82,37.77
6565b44b6fdf2035bfbeb9c2bec12ce4,mbd/b17_C-mbd14-0224.wcnf.xz,12.02,1.32,12.9,0.88,8.08,12.27,11.65,0.86,0.53,4.63,12.87
693df0c235ab3523195e11f7064674cc,mbd/b17_C-mbd14-0230.wcnf.xz,36.0,1.04,38.56,0.91,17.14,23.21,10.15,0.9,0.48,4.79,25.66
e265b52a62fde5f8e82b346ed1f2231f,mbd/b20_C-mbd14-0202.wcnf.xz,9.36,0.26,7.65,1.15,237.58,9.48,7.52,1.1,0.39,2.58,10.59
69277b1d32e55717bf1f8864a626a0f0,mbd/b20_C-mbd14-0211.wcnf.xz,235.81,5.25,245.44,3.88,3600.0,144.35,73.95,7.21,3.65,24.1,226.46
b6630b7946a4592ebec6ad37f0365d72,mbd/b20_C-mbd14-0213.wcnf.xz,77.79,3.71,104.04,5.41,3600.0,48.5,38.07,2.38,1.09,3.79,68.68
92686360ca99238ff5b74ef85291008e,mbd/b20_C-mbd14-0214.wcnf.xz,71.44,1.46,136.85,2.1,642.97,136.2,68.81,2.83,1.04,3.31,66.95
8ae823f4c95e2d24e02feee5980c8aef,mbd/b20_C-mbd14-0216.wcnf.xz,40.46,1.96,95.98,4.88,1962.19,138.13,77.93,1.69,0.73,3.65,37.69
a3a1b877b4092951500152a123020702,mbd/b20_C-mbd14-0217.wcnf.xz,92.71,1.47,311.5,3.95,1665.06,37.96,42.25,1.7,0.78,3.34,79.79
a759653ae31a9c0da1a6b6b56fdc23f8,mbd/b20_C-mbd14-0221.wcnf.xz,25.67,1.94,24.68,6.06,1846.48,87.67,63.98,1.79,0.79,3.42,26.7
7a6eaf22e741ef14c4b7875f9cfe0c5c,mbd/b21_C-mbd14-0203.wcnf.xz,867.49,6.8,382.97,16.97,1136.56,254.14,84.44,12.82,19.4,19.25,743.4
5cf9529cf90d8d00c9a811744ef0a90b,mbd/b21_C-mbd14-0204.wcnf.xz,83.77,0.5,100.55,2.73,836.41,64.71,29.18,1.42,0.59,3.15,37.18
df6b22bdefbde1bbfeaa15ceaf48fefb,mbd/b21_C-mbd14-0217.wcnf.xz,20.93,1.89,19.96,1.28,952.85,55.8,106.06,1.52,0.42,4.92,15.5
ae052230dce71819098b6e1cedbc1614,mbd/b21_C-mbd14-0218.wcnf.xz,3600.0,3600.0,3600.0,3600.0,3600.0,3600.0,2497.52,1404.88,3600.0,3600.0,3600.0
38bbd0041ce4a1e089dbe05a593688cd,mbd/b21_C-mbd14-0224.wcnf.xz,13.41,0.45,25.62,1.19,222.8,21.19,42.62,1.19,0.32,2.79,17.04
2402595052875bfca55246ad7fdf837b,mbd/b21_C-mbd14-0227.wcnf.xz,95.58,0.55,73.01,1.99,371.35,19.24,29.96,1.25,0.45,3.06,91.73
b8715e1b2b65f38dc2e177e6d51d54e7,mbd/b22_C-mbd14-0207.wcnf.xz,18.02,0.67,18.78,1.17,127.93,14.2,9.74,1.16,0.53,4.16,20.59
4226ceebd73382570d5679734ae13817,mbd/b22_C-mbd14-0208.wcnf.xz,18.34,1.2,20.94,1.89,343.51,17.44,9.19,1.75,0.65,4.2,20.68
463aa78ebd9212633043a00a43d1cafd,mbd/b22_C-mbd14-0210.wcnf.xz,144.91,19.97,204.06,2.55,3073.63,731.2,303.9,2.37,1.85,6.24,125.93
f25739fb331700be9d3e54bb3d88fb7d,mbd/b22_C-mbd14-0211.wcnf.xz,35.16,0.84,24.13,1.08,860.32,74.17,42.64,1.06,0.57,4.83,36.68
6519a08b7636f18e29595f0779bced98,mbd/b22_C-mbd14-0213.wcnf.xz,25.23,0.58,26.02,0.97,206.5,26.75,16.58,0.99,0.59,4.86,24.35
8591966e42564f7412257611d3cf3ab8,sean-safarpour/SM_MAIN_MEM_buggy1.dimacs.filtered.wcnf.xz,3600.0,2326.01,3600.0,407.35,3600.0,3600.0,3293.81,957.51,3600.0,3600.0,3600.0
3294b0d0664f2bfb5352a30ac1e6f8ec,sean-safarpour/b15-bug-fourvec-gate-0.dimacs.seq.filtered.wcnf.xz,3600.0,374.25,3600.0,4.39,3600.0,3600.0,98.64,4.66,57.89,2431.75,3600.0
160366f8931dcb5bcc7cc0a96bbabb49,sean-safarpour/c1_DD_s3_f1_e2_v1-bug-fourvec-gate-0.dimacs.seq.filtered.wcnf.xz,66.75,2.22,747.84,2.91,1203.43,12.18,21.07,3.04,4.52,238.64,98.49
fdfe495bac6691692a526c059754e39e,sean-safarpour/c4_DD_s3_f1_e1_v1-bug-gate-0.dimacs.seq.filtered.wcnf.xz,1261.23,39.59,3600.0,6.01,3600.0,225.74,86.49,6.13,66.01,953.44,3600.0
09ed602c6685983a25cbfe105cafa064,sean-safarpour/c4_DD_s3_f1_e2_v1-bug-fourvec-gate-0.dimacs.seq.filtered.wcnf.xz,696.88,76.26,1480.37,4.73,3600.0,233.13,115.0,4.79,67.82,208.01,2374.08
dd7e895d0ac3f012c0f3d1be6b12b9b0,sean-safarpour/c5_DD_s3_f1_e1_v1-bug-gate-0.dimacs.seq.filtered.wcnf.xz,3600.0,1.65,3600.0,1.91,146.92,9.78,30.73,2.02,6.01,349.3,3600.0
741afaa6912bc18b998a2ea6f98c8d68,sean-safarpour/divider-problem.dimacs_11.filtered.wcnf.xz,3600.0,119.9,806.78,91.35,3600.0,3600.0,1243.44,39.1,86.09,347.76,302.82
c4be8deef10a55118e0418ed725a09f5,sean-safarpour/divider-problem.dimacs_2.filtered.wcnf.xz,476.21,95.07,1374.4,14.21,3600.0,3600.0,3600.0,32.92,50.44,986.01,370.18
f314f0d945da067f76de9561b7059bd9,sean-safarpour/divider-problem.dimacs_8.filtered.wcnf.xz,2937.58,78.48,1053.65,41.92,3600.0,3600.0,632.57,11.94,49.95,310.63,327.24
eed1dbec6440e32442ff4be575be646e,sean-safarpour/dividers10.dimacs.filtered.wcnf.xz,132.89,5.17,67.34,2.87,3600.0,971.52,94.38,2.82,5.53,44.86,30.54
a8f092a0e4e3d6c0120c8ad1adb01cde,sean-safarpour/dividers_multivec1.dimacs.filtered.wcnf.xz,34.06,3.44,439.35,2.25,3600.0,112.48,69.0,3.61,9.43,88.02,43.25
d92e0a0b5def26967fd12e5dc15ac345,sean-safarpour/i2c-problem.dimacs_25.filtered.wcnf.xz,728.61,312.61,3600.0,27.38,3600.0,3600.0,81.46,17.42,70.25,717.68,873.62
8a2a6554eaf17a611960b89004e9f11e,sean-safarpour/i2c-problem.dimacs_26.filtered.wcnf.xz,149.51,353.96,1234.17,32.16,3600.0,3600.0,116.69,29.17,48.69,1260.32,155.57
030d130289e1890a2cc787911715c4b7,sean-safarpour/mrisc_mem2wire-problem.dimacs_29.filtered.wcnf.xz,269.72,114.91,3600.0,7.7,3600.0,643.89,206.77,9.11,49.21,1051.35,271.83
0f93e8b25d57ec13ee4a061ea0ce126c,sean-safarpour/rsdecoder-problem.dimacs_31.filtered.wcnf.xz,3600.0,3600.0,3600.0,485.88,3600.0,3600.0,3600.0,373.48,279.48,3600.0,3600.0
1ea1220ce6e3e4abc5607790ca36741c,sean-safarpour/rsdecoder-problem.dimacs_37.filtered.wcnf.xz,3600.0,3600.0,3600.0,589.06,3600.0,3600.0,102.37,571.64,629.55,3600.0,3600.0
80c990ab54e96b248ab29e8f1ad015b9,sean-safarpour/rsdecoder-problem.dimacs_38.filtered.wcnf.xz,3600.0,3600.0,3600.0,3600.0,3600.0,3600.0,3600.0,3600.0,3600.0,3600.0,3600.0
698a47fe7680ed7339250a7ae77be5f6,sean-safarpour/rsdecoder-problem.dimacs_39.filtered.wcnf.xz,3600.0,3600.0,3600.0,95.97,3600.0,3600.0,92.09,62.19,175.46,3600.0,3600.0
66e6751b4dce72b3c656a9fbc986847d,sean-safarpour/rsdecoder-problem.dimacs_40.filtered.wcnf.xz,3600.0,3600.0,3600.0,35.98,3600.0,3600.0,77.39,35.88,135.72,3500.34,3600.0
7e367781dd0d228be9b3c603b654eb4c,sean-safarpour/rsdecoder-problem.dimacs_41.filtered.wcnf.xz,3600.0,3600.0,3600.0,3147.88,3600.0,3600.0,3600.0,3600.0,3600.0,3600.0,3600.0
24230395cc756cc158bf84fa9765f365,sean-safarpour/rsdecoder1_blackbox_CSEEblock-problem.dimacs_32.filtered.wcnf.xz,3600.0,264.27,3600.0,397.47,3600.0,3600.0,494.77,215.02,467.8,3600.0,3600.0
8d1350972dbdb56070b94867ac63e6f9,sean-safarpour/rsdecoder5.dimacs.filtered.wcnf.xz,3600.0,369.4,2105.72,305.72,3600.0,3600.0,3600.0,329.6,133.12,3600.0,932.28
ba42e623ca6ccf1a68b54d9ae1435938,sean-safarpour/rsdecoder_fsm2.dimacs.filtered.wcnf.xz,58.76,58.99,2460.35,17.16,3600.0,3600.0,328.6,11.65,66.12,393.6,1451.85
a13fd3ebddd72080bc1c69d9ba6d144b,sean-safarpour/rsdecoder_multivec1-problem.dimacs_33.filtered.wcnf.xz,3600.0,2581.17,3600.0,66.18,3600.0,3600.0,3600.0,81.87,247.63,3600.0,3600.0
d6aea59dd60db472f1f6d4ff4f7877f2,sean-safarpour/rsdecoder_multivec1.dimacs.filtered.wcnf.xz,3600.0,1900.21,2442.56,12.88,3600.0,3600.0,3600.0,24.02,220.52,2422.98,3600.0
cc42a5d5cb96b3a770b15ce76ac4bb44,sean-safarpour/wb-problem.dimacs_46.filtered.wcnf.xz,3600.0,42.76,3600.0,51.45,71.21,28.72,76.86,56.65,223.46,1893.34,3600.0
16fc6f08bc2a7a967ee9cb955e2b021f,sean-safarpour/wb1.dimacs.filtered.wcnf.xz,3600.0,2.59,3600.0,2.67,60.33,18.86,65.68,2.91,6.93,116.23,3600.0
16610fb301fc8b776f27701cf86d77fa,sean-safarpour/wb2.dimacs.filtered.wcnf.xz,3600.0,659.19,3600.0,40.56,3600.0,692.7,98.83,52.8,47.34,312.93,3600.0
46ad7203939c4b674403814a09f0a959,sean-safarpour/wb_4m8s-problem.dimacs_47.filtered.wcnf.xz,3600.0,3600.0,3600.0,3600.0,3600.0,3600.0,3600.0,3600.0,3600.0,3600.0,3600.0
47ecd4b3ed230b0d660851fd03ddfb30,sean-safarpour/wb_4m8s-problem.dimacs_48.filtered.wcnf.xz,2706.42,26.75,3600.0,21.91,3600.0,1101.35,95.29,23.75,126.72,3600.0,3600.0
5422a57691a067ae4db249688ce4f614,sean-safarpour/wb_4m8s-problem.dimacs_49.filtered.wcnf.xz,3600.0,3600.0,3600.0,3600.0,3600.0,3600.0,3600.0,3600.0,3600.0,3600.0,3600.0
c64ee6f11939406e870e0d765fd6136e,sean-safarpour/wb_4m8s3.dimacs.filtered.wcnf.xz,3363.06,5.07,3600.0,3.81,3600.0,74.64,24.57,4.17,15.96,682.85,2092.14
4d94f19fe0d0fadc9e8abfe0597a3220,sean-safarpour/wb_4m8s4.dimacs.filtered.wcnf.xz,3600.0,3600.0,3600.0,3600.0,3600.0,3600.0,3600.0,3600.0,3600.0,3600.0,3600.0
6ed7a5b1432ec471aafb7b16435ac112,sean-safarpour/wb_conmax1.dimacs.filtered.wcnf.xz,3600.0,3600.0,3600.0,1833.7,3600.0,3600.0,2550.97,3600.0,371.82,1978.27,3600.0
54f082f367bd1ed812009210705008a9,sean-safarpour/wb_conmax3.dimacs.filtered.wcnf.xz,3600.0,682.68,3600.0,24.11,3600.0,3600.0,494.91,24.35,84.32,1946.02,3600.0
