hash,filename,RC2-B,Pacose,UWrMaxSat,smax-minisat,QMaxSAT,maxino,smax-mergesat,RC2-A,maxino-pref,MaxHS
8626cac83f20bf23efebb49841c702a1,ms_evals/MS20/mse20-complete-weighted/MinimumWeightDominatingSetProblem/web-wikipedia2009.wcnf.gz,3600.0,3600.0,3600.0,3600.0,3600.0,3600.0,3600.0,3600.0,3600.0,3600.0
b8f21602a87ca4573418d0fad28219ba,ms_evals/MS20/mse20-complete-weighted/MinimumWeightDominatingSetProblem/inf-road-usa.wcnf.gz,3600.0,3600.0,3600.0,3600.0,3600.0,3600.0,3600.0,3600.0,3600.0,3600.0
02a100f8d984252f043ac236091d531b,ms_evals/MS20/mse20-complete-weighted/MinimumWeightDominatingSetProblem/sc-rel9.wcnf.gz,3600.0,3600.0,3600.0,3600.0,3600.0,3600.0,3600.0,3600.0,3600.0,3600.0
3d12ebd88525ddae7249edf6cc4cfdb0,ms_evals/MS20/mse20-complete-weighted/MinimumWeightDominatingSetProblem/channel-500x100x100-b050.wcnf.gz,3600.0,3600.0,3600.0,3600.0,3600.0,3600.0,3600.0,3600.0,3600.0,3600.0
d72b8cabd334fa4dccd0158384f9add0,ms_evals/MS20/mse20-complete-weighted/MinimumWeightDominatingSetProblem/bn-human-BNU_1_0025865_session_1-bg.wcnf.gz,3600.0,3600.0,3600.0,3600.0,3600.0,3600.0,3600.0,3600.0,3600.0,1743.62
0803cb5e95b150932996026b3d39d6a7,ms_evals/MS20/mse20-complete-weighted/MinimumWeightDominatingSetProblem/delaunay_n24.wcnf.gz,3600.0,3600.0,3600.0,3600.0,3600.0,3600.0,3600.0,3600.0,3600.0,3600.0
90f547247fbccdcca329b0723a6c56a4,ms_evals/MS20/mse20-complete-weighted/MinimumWeightDominatingSetProblem/hugebubbles-00020.wcnf.gz,3600.0,3600.0,3600.0,3600.0,3600.0,3600.0,3600.0,3600.0,3600.0,3600.0
df5497c587c0f3fef709c41ccecebcae,ms_evals/MS20/mse20-complete-weighted/hs-timetabling/BrazilInstance6.xml.wcnf.gz,3600.0,3600.0,3600.0,3600.0,3600.0,3600.0,3600.0,3600.0,3600.0,3600.0
e06918db36a26edf2cd4c46e386043f6,ms_evals/MS20/mse20-complete-weighted/hs-timetabling/FinlandSecondarySchool.xml.wcnf.gz,3600.0,3600.0,3600.0,3600.0,3600.0,3600.0,3600.0,3600.0,3600.0,3600.0
a9c98e116504b85319672f5f416c3837,ms_evals/MS20/mse20-complete-weighted/hs-timetabling/BrazilInstance5.xml.wcnf.gz,3600.0,3600.0,3600.0,3600.0,3600.0,3600.0,3600.0,3600.0,3600.0,3600.0
4bcbd8862bb9b5a06133d0c2289ed908,ms_evals/MS20/mse20-complete-weighted/hs-timetabling/ItalyInstance1.xml.wcnf.gz,969.47,2658.27,442.55,730.24,865.14,823.98,513.3,1254.26,3600.0,495.34
64f0b64f0470368037824092394df3fe,ms_evals/MS20/mse20-complete-weighted/hs-timetabling/BrazilInstance2.xml.wcnf.gz,3600.0,3600.0,3600.0,3600.0,3600.0,3600.0,3600.0,3600.0,3600.0,3600.0
6822ca2cc37207e6b3f88d94d3210c74,ms_evals/MS20/mse20-complete-weighted/hs-timetabling/BrazilInstance7.xml.wcnf.gz,3600.0,3600.0,3600.0,3600.0,3600.0,3600.0,3600.0,3600.0,3600.0,3600.0
4774f189878eb33d53d29cda34e728f8,ms_evals/MS20/mse20-complete-weighted/hs-timetabling/ItalyInstance4.xml.wcnf.gz,3600.0,3600.0,3600.0,3600.0,3600.0,3600.0,3600.0,3600.0,3600.0,3600.0
5c8e2b1ca0c3fd0267e266ab6acaf1b8,ms_evals/MS20/mse20-complete-weighted/hs-timetabling/BrazilInstance4.xml.wcnf.gz,3600.0,3600.0,3600.0,3600.0,3600.0,3600.0,3600.0,3600.0,3600.0,3600.0
aea9c8a623c49be4cc7891a6cc0f73d0,ms_evals/MS20/mse20-complete-weighted/hs-timetabling/BrazilInstance1.xml.wcnf.gz,3600.0,3600.0,3600.0,3600.0,3600.0,3600.0,3600.0,3600.0,3600.0,3600.0
be236a97258c3fc46a00028a1e06915b,ms_evals/MS20/mse20-complete-weighted/dalculus/f1-DataDisplay_0_order4.seq-B-2-combined-EDCBAir.wcnf.gz,0.13,0.02,0.03,0.02,0.08,0.02,0.04,0.12,0.01,0.26
cb54fcfc9c2fa6be3df9e0df19def6ba,ms_evals/MS20/mse20-complete-weighted/dalculus/f49-DC_TotalLoss.seq-B-2-2-irabcde.wcnf.gz,0.71,3600.0,0.2,0.19,3600.0,0.07,3600.0,0.51,0.07,0.87
c8197db72d3600aaee3511e43d58da65,ms_evals/MS20/mse20-complete-weighted/dalculus/f49-DC_TotalLoss.seq-A-3-2-abcdeir.wcnf.gz,1.05,0.55,0.4,1.46,11.06,0.18,3600.0,0.98,0.19,0.56
271e11e4dd354c07b46379cfc3eb16fc,ms_evals/MS20/mse20-complete-weighted/dalculus/f49-DC_TotalLoss.seq-A-2-2-EDCBAir.wcnf.gz,0.58,0.19,0.32,7.35,3.67,0.06,3600.0,0.51,0.06,114.45
566cd4c224d3d18fda098baa07413c01,ms_evals/MS20/mse20-complete-weighted/dalculus/f49-DC_TotalLoss.seq-B-3-1-irEDCBA.wcnf.gz,1.33,0.66,0.48,5.64,9.82,0.13,3600.0,1.08,0.16,3.23
55d991227734b2e48287b7452d9a962b,ms_evals/MS20/mse20-complete-weighted/dalculus/f1-DataDisplay_0_order4.seq-B-3-combined-EDCBAir.wcnf.gz,0.12,0.01,0.01,0.02,0.04,0.02,0.05,0.12,0.01,0.03
6f26fe744cf4afe2910bfb2d42e37716,ms_evals/MS20/mse20-complete-weighted/dalculus/f1-DataDisplay_0_order4.seq-A-3-2-irEDCBA.wcnf.gz,0.12,0.02,0.02,0.02,0.03,0.01,0.03,0.12,0.02,0.02
c3389d6454ee2259503ef1b7d6596f1c,ms_evals/MS20/mse20-complete-weighted/dalculus/f1-DataDisplay_0_order4.seq-B-3-2-abcdeir.wcnf.gz,0.12,0.01,0.01,0.01,0.02,0.01,0.02,0.12,0.01,0.02
e7e28b1c67485043da60a196578e89f5,ms_evals/MS20/mse20-complete-weighted/dalculus/f1-DataDisplay_0_order4.seq-B-2-combined-irEDCBA.wcnf.gz,0.13,0.03,0.02,0.02,0.35,0.01,0.03,0.12,0.01,0.25
c41fb7abe9bec54c9a738c569615b686,ms_evals/MS20/mse20-complete-weighted/dalculus/f49-DC_TotalLoss.seq-B-3-combined-irEDCBA.wcnf.gz,1.57,0.7,0.72,6.62,15.2,0.22,3600.0,1.33,0.21,2.23
7925c50aa0e580af626c3b4ebfc1be88,ms_evals/MS20/mse20-complete-weighted/dalculus/f49-DC_TotalLoss.seq-A-3-1-EDCBAir.wcnf.gz,1.3,0.74,0.51,2.47,16.77,0.16,3600.0,1.17,0.17,1.25
63c27d5bcf0446025082ef4c539aeebd,ms_evals/MS20/mse20-complete-weighted/dalculus/f49-DC_TotalLoss.seq-A-2-1-EDCBAir.wcnf.gz,1.0,1641.32,0.38,1.81,3600.0,0.11,3600.0,0.66,0.11,252.54
d8fb078600eabeb25f9d2b584c40721a,ms_evals/MS20/mse20-complete-weighted/causal-discovery/causal_Alarm_7_1000.wcnf.gz,2009.79,1429.36,125.6,3600.0,549.11,1536.07,3600.0,3600.0,3600.0,366.75
c5cdfa79932ce3eab41188113f867c50,ms_evals/MS20/mse20-complete-weighted/causal-discovery/causal_carpo_9_10000.wcnf.gz,3600.0,3135.7,1064.47,3600.0,3600.0,1619.27,3600.0,3600.0,3600.0,3600.0
fb205d98e896ca988c2abbc55d4d90cc,ms_evals/MS20/mse20-complete-weighted/causal-discovery/causal_Letter_7_20000.wcnf.gz,3600.0,974.56,1746.35,3600.0,861.73,1023.27,3600.0,3600.0,3600.0,267.42
e2f00de0e485b8c578e1415d089e7828,ms_evals/MS20/mse20-complete-weighted/causal-discovery/causal_Spectf_10_267.wcnf.gz,3486.41,2139.31,1298.34,3600.0,235.88,1425.74,3600.0,413.51,3600.0,2069.87
d4ec15b9d8bd1e0c00c602e240e0924f,ms_evals/MS20/mse20-complete-weighted/causal-discovery/causal_Link_9_100.wcnf.gz,3600.0,3600.0,3600.0,3600.0,3600.0,3600.0,3600.0,2516.32,3600.0,2920.29
3b9ea25d577e312e55a02384da5d0e7a,ms_evals/MS20/mse20-complete-weighted/causal-discovery/causal_n6_i9_N10000_uai14_log_int.wcnf.gz,50.77,12.92,2.63,3600.0,9.12,7.1,3600.0,551.67,40.54,6.32
6be4fb2b959efcc30e8def677277e8c7,ms_evals/MS20/mse20-complete-weighted/causal-discovery/causal_insurance_9_100.wcnf.gz,3600.0,3600.0,3600.0,3600.0,3600.0,3600.0,3600.0,3600.0,3600.0,3600.0
12d14dbe1869cc67868912577415bfe1,ms_evals/MS20/mse20-complete-weighted/causal-discovery/causal_n5_i5_N500_uai13_log_int.wcnf.gz,23.98,7.47,6.04,57.47,6.31,3.46,3600.0,31.71,2.69,6.09
762eea2e35e3e74887295a1f696f45e6,ms_evals/MS20/mse20-complete-weighted/causal-discovery/causal_Diabetes_8_1000.wcnf.gz,176.15,168.1,831.41,3600.0,85.71,3600.0,3600.0,29.74,3600.0,113.92
79094f0bb69bbbf5efe0a2a97ba59934,ms_evals/MS20/mse20-complete-weighted/MaxSATQueriesinInterpretableClassifiers/wdbc_train_1_CNF_5_20.wcnf.gz,3600.0,3600.0,3600.0,3600.0,3600.0,3600.0,3600.0,3600.0,3600.0,3600.0
958039e1746e770878497c355009ad20,ms_evals/MS20/mse20-complete-weighted/MaxSATQueriesinInterpretableClassifiers/wdbc_test_0_CNF_1_15.wcnf.gz,0.11,0.01,0.01,0.01,0.01,0.02,0.02,0.11,0.01,0.01
3f7a1f07240fe0b6704d2e9c58903922,ms_evals/MS20/mse20-complete-weighted/MaxSATQueriesinInterpretableClassifiers/compas_train_1_CNF_5_15.wcnf.gz,3600.0,3600.0,3600.0,3600.0,3600.0,3600.0,3600.0,3600.0,3600.0,3600.0
38c8f4c5e42286143ae172d599b585c3,ms_evals/MS20/mse20-complete-weighted/MaxSATQueriesinInterpretableClassifiers/tictactoe_train_0_DNF_3_15.wcnf.gz,3600.0,3600.0,3600.0,3600.0,3600.0,3600.0,3600.0,3600.0,3600.0,3600.0
7bec9ca4d42b7e399cd3cb9c0e3c0029,ms_evals/MS20/mse20-complete-weighted/MaxSATQueriesinInterpretableClassifiers/parkinsons_train_0_CNF_3_15.wcnf.gz,2.82,0.72,0.29,6.23,0.23,0.49,27.11,0.66,5.2,129.75
c70e2fa655d912dad305b094f15076e0,ms_evals/MS20/mse20-complete-weighted/MaxSATQueriesinInterpretableClassifiers/compas_train_1_CNF_1_20.wcnf.gz,178.7,154.94,6.02,3600.0,415.84,15.58,3600.0,178.62,19.56,1.11
6722035b49845fcb5708be92f492001b,ms_evals/MS20/mse20-complete-weighted/MaxSATQueriesinInterpretableClassifiers/parkinsons_test_6_DNF_3_5.wcnf.gz,0.11,0.01,0.01,0.01,0.01,0.02,0.01,0.11,0.01,0.02
8a5e842fb8dc23f44101561f7faf7c1f,ms_evals/MS20/mse20-complete-weighted/MaxSATQueriesinInterpretableClassifiers/toms_train_1_CNF_5_15.wcnf.gz,3600.0,3600.0,3600.0,3600.0,3600.0,3600.0,3600.0,3600.0,3600.0,3600.0
65ef0094b3531afe17247fc6da53c46d,ms_evals/MS20/mse20-complete-weighted/MaxSATQueriesinInterpretableClassifiers/transfusion_train_1_DNF_4_10.wcnf.gz,0.44,4.75,0.11,0.14,1.81,0.11,0.24,0.35,0.12,0.04
2d67d812a6936ebdbbc556842ed22e52,ms_evals/MS20/mse20-complete-weighted/MaxSATQueriesinInterpretableClassifiers/credit_train_4_DNF_2_10.wcnf.gz,3600.0,3600.0,3600.0,3600.0,3600.0,3600.0,3600.0,3600.0,3600.0,3600.0
deac262bd04d980235a441a41d7323cb,ms_evals/MS20/mse20-complete-weighted/MaxSATQueriesinInterpretableClassifiers/transfusion_test_1_CNF_2_20.wcnf.gz,0.1,0.01,0.01,0.01,0.01,0.01,0.01,0.1,0.01,0.01
e4a4b89091e312d65a2ca0961be26321,ms_evals/MS20/mse20-complete-weighted/MaxSATQueriesinInterpretableClassifiers/titanic_train_5_CNF_1_10.wcnf.gz,1.4,1.7,0.09,0.17,1.34,0.15,0.34,1.36,0.19,0.18
1acd22f11b1f45efda2e98e600120881,ms_evals/MS20/mse20-complete-weighted/ParametricRBACMaintenance/role_domino_0.45_10.wcnf.gz,3600.0,3600.0,3600.0,3600.0,3600.0,3600.0,3600.0,3600.0,3600.0,3600.0
4151bf4be88a54bed27d053d2f18f345,ms_evals/MS20/mse20-complete-weighted/ParametricRBACMaintenance/role_domino_0.1_2.wcnf.gz,3600.0,3600.0,3600.0,3600.0,3600.0,3600.0,3600.0,3600.0,3600.0,3600.0
788bd31ad1e640277dd22b9d3dc1111a,ms_evals/MS20/mse20-complete-weighted/ParametricRBACMaintenance/role_smallcomp_0.4_4.wcnf.gz,841.92,1091.83,106.16,3600.0,942.83,109.12,3600.0,248.12,207.78,321.33
9a1e78db1d7e8ac581764d2a1a886d90,ms_evals/MS20/mse20-complete-weighted/ParametricRBACMaintenance/role_domino_0.45_11.wcnf.gz,3600.0,3600.0,3600.0,3600.0,3600.0,3600.0,3600.0,3600.0,3600.0,3600.0
6d4bec23a380962d89e9e95d5281385e,ms_evals/MS20/mse20-complete-weighted/ParametricRBACMaintenance/role_domino_1.0_3.wcnf.gz,3600.0,3600.0,3600.0,3600.0,3600.0,3600.0,3600.0,3600.0,3600.0,3600.0
fd50aa94beceb5c97863c25210b2568a,ms_evals/MS20/mse20-complete-weighted/ParametricRBACMaintenance/role_smallcomp_0.85_10.wcnf.gz,3600.0,3600.0,3600.0,567.32,3600.0,3600.0,618.42,3600.0,3600.0,3600.0
13cecb50db254d6f7d664de7374c3483,ms_evals/MS20/mse20-complete-weighted/ParametricRBACMaintenance/role_domino_0.9_0.wcnf.gz,3600.0,3600.0,3600.0,3600.0,3600.0,3600.0,3600.0,3600.0,3600.0,3600.0
7ca6dda7e031bc83d015993595dbd7fc,ms_evals/MS20/mse20-complete-weighted/ParametricRBACMaintenance/role_smallcomp_0.65_2.wcnf.gz,345.12,3042.7,3600.0,3600.0,3600.0,1602.97,3600.0,3600.0,628.19,3600.0
9f2fe059952e98c0f1b93d8ca881ec01,ms_evals/MS20/mse20-complete-weighted/ParametricRBACMaintenance/role_domino_0.8_18.wcnf.gz,3600.0,3600.0,3600.0,3600.0,3600.0,3600.0,3600.0,3600.0,3600.0,3600.0
479ab9057e81abb5254558a5d03775aa,ms_evals/MS20/mse20-complete-weighted/ParametricRBACMaintenance/role_smallcomp_0.5_0.wcnf.gz,3600.0,1635.86,95.68,3600.0,2139.82,217.59,3600.0,366.28,125.88,748.36
34362b1b341a4a374a21bcf113b464c3,ms_evals/MS20/mse20-complete-weighted/max-prob-min-cuts/test26--n-5000.wcnf.gz,1.95,0.11,2.68,3.88,0.74,1.11,3600.0,1.69,1.13,0.18
5d9a83647633159a8f2f6f0246713bff,ms_evals/MS20/mse20-complete-weighted/max-prob-min-cuts/test10--n-2500.wcnf.gz,0.17,0.65,0.02,0.06,0.11,0.02,0.08,0.14,0.02,0.01
e264ff9d01b1450d5b3104f7a370debf,ms_evals/MS20/mse20-complete-weighted/max-prob-min-cuts/test63--n-10000.wcnf.gz,9.54,0.39,19.83,28.28,1.72,7.54,42.06,9.34,7.98,0.05
8f978aecd6dfae21cbe8e2149ad7d014,ms_evals/MS20/mse20-complete-weighted/max-prob-min-cuts/test50--n-7500.wcnf.gz,8.64,1.86,29.12,26.55,2.0,7.44,39.24,8.54,7.72,0.31
648c665e555caa0776cf0198ae92891c,ms_evals/MS20/mse20-complete-weighted/max-prob-min-cuts/test29--n-5000.wcnf.gz,4.63,13.54,5.03,16.28,17.31,2.29,3600.0,4.65,2.33,0.07
3b94663f0790ed5bdde437324bc13510,ms_evals/MS20/mse20-complete-weighted/max-prob-min-cuts/test67--n-10000.wcnf.gz,10.07,30.74,10.96,38.44,29.28,5.37,53.78,10.11,5.38,0.1
d368c30b07473ab76db2f7ee7e2868c7,ms_evals/MS20/mse20-complete-weighted/max-prob-min-cuts/test17--n-2500.wcnf.gz,0.56,0.1,0.98,1.07,0.39,0.34,1.38,0.56,0.35,0.05
6a868ff84ce377a88e48a866bfcd2fbd,ms_evals/MS20/mse20-complete-weighted/max-prob-min-cuts/test37--n-5000.wcnf.gz,1.97,12.82,1.21,7.0,11.7,0.8,3600.0,1.95,0.8,0.07
3fa16ef6282d0d7b124e92de7477eba3,ms_evals/MS20/mse20-complete-weighted/max-prob-min-cuts/test78--n-10000.wcnf.gz,6.48,18.92,6.83,24.73,15.86,3.93,36.55,6.34,3.91,0.25
b166618c899db099bdc4cb84a3cb1835,ms_evals/MS20/mse20-complete-weighted/max-prob-min-cuts/test36--n-5000.wcnf.gz,1.73,0.99,1.4,4.67,1.11,0.97,3600.0,1.73,0.98,0.08
98ec031d3d4686d28d8eb12a03c557a5,ms_evals/MS20/mse20-complete-weighted/max-prob-min-cuts/test16--n-2500.wcnf.gz,0.33,0.12,0.39,0.45,0.25,0.14,0.57,0.32,0.14,0.03
f0eb9400fa8b93fd42ede1bed0512b5d,ms_evals/MS20/mse20-complete-weighted/max-prob-min-cuts/test59--n-7500.wcnf.gz,3.89,16.16,3.41,12.93,15.74,2.08,3600.0,3.83,2.12,0.13
687c73b29ce10136e299856382090f39,ms_evals/MS20/mse20-complete-weighted/max-prob-min-cuts/test6--n-2500.wcnf.gz,0.8,1.16,0.72,1.77,1.45,0.35,2.21,0.8,0.35,0.03
990cba596f5a64010b06323dd8db6713,ms_evals/MS20/mse20-complete-weighted/max-prob-min-cuts/test1--n-2500.wcnf.gz,0.35,0.11,0.3,0.47,0.27,0.14,0.63,0.35,0.14,0.02
a70d6cec01b06a4c98adf9f4c34abb8c,ms_evals/MS20/mse20-complete-weighted/max-prob-min-cuts/test47--n-7500.wcnf.gz,8.17,78.38,6.32,33.32,74.26,3.57,47.43,8.05,3.6,0.11
819c8765201bd74366beccf0f1c561b5,ms_evals/MS20/mse20-complete-weighted/max-prob-min-cuts/test66--n-10000.wcnf.gz,5.3,0.35,9.45,13.3,1.35,3.95,18.81,5.34,3.9,0.04
27caa805db384b4f3995cadb5f9f575d,ms_evals/MS20/mse20-complete-weighted/max-prob-min-cuts/test11--n-2500.wcnf.gz,0.75,0.13,1.36,1.7,0.46,0.51,2.25,0.71,0.52,0.12
c4aedd2de3144480303b77d0966fc694,ms_evals/MS20/mse20-complete-weighted/max-prob-min-cuts/test51--n-7500.wcnf.gz,5.03,0.37,12.21,14.84,1.12,4.37,3600.0,4.63,4.43,0.4
64b76ade5c0381211addcd3f792c9ce3,ms_evals/MS20/mse20-complete-weighted/max-prob-min-cuts/test34--n-5000.wcnf.gz,2.11,15.49,0.82,8.41,15.81,0.7,3600.0,2.11,0.71,0.04
1642ec7ddf0fb51f985cbf223370680b,ms_evals/MS20/mse20-complete-weighted/max-prob-min-cuts/test22--n-5000.wcnf.gz,4.63,43.89,3.23,18.99,43.75,1.89,3600.0,4.65,1.9,0.07
ae2290309f93bcf7027f8e395c989ad2,ms_evals/MS20/mse20-complete-weighted/max-prob-min-cuts/test45--n-7500.wcnf.gz,6.06,16.96,6.95,18.34,15.98,3.26,24.67,5.95,3.29,0.09
9debe51c8639030b752d9e6aaa22db10,ms_evals/MS20/mse20-complete-weighted/max-prob-min-cuts/test53--n-7500.wcnf.gz,5.14,0.29,20.64,16.63,1.15,5.16,22.5,5.14,5.15,0.05
a6f8162e704a9e38b642c3e142fa9ca6,ms_evals/MS20/mse20-complete-weighted/max-prob-min-cuts/test65--n-10000.wcnf.gz,13.62,85.06,15.11,61.65,81.65,7.34,3600.0,13.56,7.26,0.12
05efef002477bc007e48a758866e328c,ms_evals/MS20/mse20-complete-weighted/max-prob-min-cuts/test20--n-2500.wcnf.gz,0.8,0.1,1.28,1.71,0.39,0.51,2.25,0.71,0.53,0.1
658746cdeb229867849408152f72b191,ms_evals/MS20/mse20-complete-weighted/max-prob-min-cuts/test60--n-7500.wcnf.gz,3.38,0.03,6.26,8.71,1.01,2.8,3600.0,3.35,2.87,0.19
158889608510c91ecd71f957670744b9,ms_evals/MS20/mse20-complete-weighted/max-prob-min-cuts/test32--n-5000.wcnf.gz,2.33,3.38,2.19,6.86,3.55,1.26,3600.0,2.24,1.29,0.09
b449216784f860dda3e8150530729836,ms_evals/MS20/mse20-complete-weighted/max-prob-min-cuts/test15--n-2500.wcnf.gz,0.59,0.02,0.72,1.08,0.35,0.32,1.41,0.54,0.32,0.07
3fd5d46a4941f53541836853b59e424c,ms_evals/MS20/mse20-complete-weighted/max-prob-min-cuts/test35--n-5000.wcnf.gz,2.38,10.64,1.81,8.07,9.25,1.19,3600.0,2.35,1.19,0.09
c108ff45eb5d5a0ea7f3d019340caf4e,ms_evals/MS20/mse20-complete-weighted/max-prob-min-cuts/test70--n-10000.wcnf.gz,12.99,1.9,35.98,39.82,2.25,10.74,3600.0,12.47,10.94,0.44
1585d41fd2172311a0cb25d554039d55,ms_evals/MS20/mse20-complete-weighted/max-prob-min-cuts/test40--n-5000.wcnf.gz,2.69,0.09,7.05,6.63,0.89,2.16,3600.0,2.34,2.18,0.3
98f16f7abdc2024a77243845a9493400,ms_evals/MS20/mse20-complete-weighted/warehouses/warehouse1.wcsp.wcnf.gz,0.68,8.32,12.72,877.08,5.17,15.2,831.59,0.9,36.86,0.04
babb10a91114400b785a87b1a55d60cc,ms_evals/MS20/mse20-complete-weighted/warehouses/cap131.wcsp.wcnf.gz,53.52,3600.0,3600.0,3600.0,3600.0,3600.0,3600.0,1888.65,3600.0,0.69
f12650c147656ae5dbd2d7446f7de308,ms_evals/MS20/mse20-complete-weighted/warehouses/cap92.wcsp.wcnf.gz,5.12,1174.06,145.76,3600.0,3600.0,3600.0,3600.0,7.51,3600.0,0.21
782e8c8c5112a96ef3006841b6345409,ms_evals/MS20/mse20-complete-weighted/warehouses/warehouse0.wcsp.wcnf.gz,0.1,0.06,0.02,0.01,0.03,0.01,0.02,0.1,0.02,0.01
c9534ba465ae742fe74c5c94c39318a6,ms_evals/MS20/mse20-complete-weighted/warehouses/cap72.wcsp.wcnf.gz,1.2,96.04,4.19,3600.0,95.39,3600.0,3600.0,0.69,3600.0,0.1
1886a56531a3f88b26c15f38d92618e3,ms_evals/MS20/mse20-complete-weighted/warehouses/cap71.wcsp.wcnf.gz,1.08,78.26,0.76,3600.0,55.37,3600.0,3600.0,0.48,3600.0,0.1
d17aff68faaabd81271dd6945dd37c79,ms_evals/MS20/mse20-complete-weighted/warehouses/cap132.wcsp.wcnf.gz,313.13,3600.0,3600.0,3600.0,3600.0,3600.0,3600.0,3600.0,3600.0,0.69
892c84ffee0fd88576ac1958b792889b,ms_evals/MS20/mse20-complete-weighted/warehouses/cap91.wcsp.wcnf.gz,3.08,544.93,1.99,3600.0,2904.47,3600.0,3600.0,0.84,3600.0,0.21
d46b43970860bc73fd550df5b3fd7dd7,ms_evals/MS20/mse20-complete-weighted/CSG/CSGNaive140-140-0.wcnf.gz,17.25,2.12,6.42,22.26,1.26,4.65,30.21,16.46,4.64,9.87
11dc387ba0011fff3185b37ef188ad1a,ms_evals/MS20/mse20-complete-weighted/CSG/CSGNaive60-60-53.wcnf.gz,1.28,0.09,0.3,0.62,0.07,0.18,0.87,1.26,0.17,0.53
3f1f434cb98fb79966f667ced531ad0d,ms_evals/MS20/mse20-complete-weighted/CSG/CSG140-140-6.wcnf.gz,124.73,178.91,47.3,3600.0,107.44,170.99,3600.0,225.19,233.45,18.45
64d1c392d5c860691ab2b06ebb614f62,ms_evals/MS20/mse20-complete-weighted/CSG/CSGNaive150-150-55.wcnf.gz,80.16,198.14,21.98,805.76,98.33,48.96,619.93,1310.38,51.42,18.56
8fa3495c60f54e544d77a6462301f71b,ms_evals/MS20/mse20-complete-weighted/CSG/CSG140-140-46.wcnf.gz,17.23,2.95,6.39,19.59,2.74,4.72,28.16,16.2,4.65,10.01
c4aeebd4eaf526052b5efe7284083913,ms_evals/MS20/mse20-complete-weighted/CSG/CSG60-60-88.wcnf.gz,1.26,0.07,0.28,0.39,0.08,0.16,0.69,1.26,0.16,0.47
4a2e71bc2e4a949785befe83f811bce1,ms_evals/MS20/mse20-complete-weighted/CSG/CSGNaive140-140-6.wcnf.gz,245.65,143.99,61.62,3600.0,114.78,194.82,3600.0,1256.24,226.36,21.44
fa34dfbb2a37c42ff5b90599346674b1,ms_evals/MS20/mse20-complete-weighted/CSG/CSGNaive70-70-91.wcnf.gz,1.81,0.08,0.43,0.94,0.08,0.26,1.33,1.79,0.25,0.72
591438f7eb97135499f3fda335307def,ms_evals/MS20/mse20-complete-weighted/CSG/CSG150-150-55.wcnf.gz,73.51,142.72,18.15,1132.42,82.53,51.24,1369.48,236.91,47.23,18.64
766c02ca3b5bce43027cca99807d8cdd,ms_evals/MS20/mse20-complete-weighted/CSG/CSG40-40-95.wcnf.gz,0.42,0.02,0.08,0.1,0.02,0.04,0.14,0.42,0.04,0.14
0c52ea87206c4d975327317d48f70891,ms_evals/MS20/mse20-complete-weighted/security-witness/RSN_Security_Min_Witness-Shortest-MBIST_100cores_20controllers_5memories_na-D6.wcnf.gz,82.13,5.16,20.72,12.7,71.17,46.83,3600.0,80.84,46.62,16.02
2c90cbc367a98c72117e4ecb72d1cc66,ms_evals/MS20/mse20-complete-weighted/security-witness/RSN_Security_Min_Witness-Shortest-FlexScan-D0.wcnf.gz,52.16,142.85,3.25,84.08,55.97,1.49,59.21,52.21,1.5,4.12
e5fa369f51ccf5c54a48a8e541e173fc,ms_evals/MS20/mse20-complete-weighted/security-witness/RSN_Security_Min_Witness-Shortest-MBIST_100cores_100controllers_5memories_na-D6.wcnf.gz,90.97,19.62,112.0,31.11,3600.0,181.55,3600.0,91.1,182.96,43.05
a37f9b986a578d3c7c1c5600f269ad43,ms_evals/MS20/mse20-complete-weighted/security-witness/RSN_Security_Min_Witness-Shortest-MBIST_100cores_100controllers_5memories_na-DF.wcnf.gz,91.14,19.66,111.97,31.0,3600.0,181.76,3600.0,90.94,182.98,42.82
fe3416a13b7d7252c598c48c8d3ff649,ms_evals/MS20/mse20-complete-weighted/security-witness/RSN_Security_Min_Witness-Shortest-MBIST_100cores_20controllers_5memories_na-D7.wcnf.gz,124.24,5.19,20.7,12.94,119.8,43.18,3600.0,132.17,43.16,16.0
97827955dd4fdb3d93f29dbff14f7d9a,ms_evals/MS20/mse20-complete-weighted/security-witness/RSN_Security_Min_Witness-Shortest-FlexScan-DA.wcnf.gz,48.93,147.8,3.26,91.1,46.69,1.5,59.73,48.83,1.51,4.19
c9332800b91c0f37f941e71e8281c409,ms_evals/MS20/mse20-complete-weighted/security-witness/RSN_Security_Min_Witness-Shortest-MBIST_100cores_100controllers_5memories_na-D5.wcnf.gz,2052.29,42.56,168.37,67.17,2346.38,2203.28,132.4,2346.75,2165.95,98.62
aac50c2320c182787f9f86d9ea1eff45,ms_evals/MS20/mse20-complete-weighted/security-witness/RSN_Security_Min_Witness-Shortest-MBIST_100cores_20controllers_5memories_na-DE.wcnf.gz,130.07,5.48,20.51,13.76,107.77,44.21,3600.0,129.0,44.37,15.78
974f0b487fc374ca65debb037e77cc53,ms_evals/MS20/mse20-complete-weighted/security-witness/RSN_Security_Min_Witness-Shortest-FlexScan-D3.wcnf.gz,50.38,149.56,3.24,74.43,76.41,1.53,59.21,50.25,1.49,4.14
266a49fe4ae9ea5654f636baa8c438e9,ms_evals/MS20/mse20-complete-weighted/security-witness/RSN_Security_Min_Witness-Shortest-MBIST_100cores_20controllers_5memories_na-DD.wcnf.gz,17.44,2.34,9.02,4.19,5.89,9.85,6.29,17.62,9.85,5.51
ef4ddef5f3f41916a19ea9b62d75ce71,ms_evals/MS20/mse20-complete-weighted/security-witness/RSN_Security_Min_Witness-Shortest-FlexScan-D2.wcnf.gz,52.12,143.22,3.26,88.14,51.63,1.49,59.19,52.6,1.5,4.13
eaff138174e56f9ad435dec947c06c99,ms_evals/MS20/mse20-complete-weighted/security-witness/RSN_Security_Min_Witness-Shortest-MBIST_100cores_100controllers_5memories_na-D4.wcnf.gz,2303.34,44.15,168.36,100.82,1803.68,2306.99,133.67,2691.08,2332.36,102.47
cf3349cc675a938133e2de3bc95d2bb0,ms_evals/MS20/mse20-complete-weighted/security-witness/RSN_Security_Min_Witness-Shortest-MBIST_5cores_100controllers_100memories_na-DC.wcnf.gz,109.33,17.04,60.11,42.22,3600.0,80.12,3600.0,110.1,80.14,30.61
5539f48b3370ebf6eee60482c0ba67fe,ms_evals/MS20/mse20-complete-weighted/security-witness/RSN_Security_Min_Witness-Shortest-MBIST_100cores_100controllers_5memories_na-DD.wcnf.gz,91.11,19.49,112.4,30.64,3600.0,182.73,3600.0,92.09,182.91,42.85
892fa4cca644160266c2cd26bd89e857,ms_evals/MS20/mse20-complete-weighted/security-witness/RSN_Security_Min_Witness-Shortest-MBIST_100cores_100controllers_5memories_na-DA.wcnf.gz,1143.0,127.3,168.05,106.31,2424.15,1374.75,140.74,1128.37,1373.19,105.35
b2a03158f9f7d2a960177a3d1bb862a0,ms_evals/MS20/mse20-complete-weighted/security-witness/RSN_Security_Min_Witness-Shortest-MBIST_100cores_20controllers_5memories_na-DA.wcnf.gz,78.06,10.63,20.24,12.75,98.84,16.03,3600.0,78.35,16.1,17.37
703782a3d754275454d971dc53b0e65b,ms_evals/MS20/mse20-complete-weighted/security-witness/RSN_Security_Min_Witness-Shortest-FlexScan-D7.wcnf.gz,51.02,84.76,3.24,76.65,27.87,1.49,57.73,51.16,1.5,4.12
71afb896460ec2c9e3799070ae1fea7e,ms_evals/MS20/mse20-complete-weighted/security-witness/RSN_Security_Min_Witness-Shortest-MBIST_100cores_100controllers_5memories_na-D8.wcnf.gz,2653.41,44.2,166.86,105.34,2198.99,2135.99,161.95,2711.04,2168.97,101.66
f3ff13751f043f5f3d1083c35d67407b,ms_evals/MS20/mse20-complete-weighted/security-witness/RSN_Security_Min_Witness-Shortest-MBIST_100cores_20controllers_5memories_na-D1.wcnf.gz,112.49,5.19,20.63,12.58,107.18,48.38,3600.0,125.78,48.29,15.92
2fe04c04df3c716accd95249a7967343,ms_evals/MS20/mse20-complete-weighted/security-witness/RSN_Security_Min_Witness-Shortest-FlexScan-D6.wcnf.gz,51.54,84.1,3.23,90.14,46.86,1.48,127.2,51.23,1.48,4.1
2020cf5152e68e0daa7754df3883f3e6,ms_evals/MS20/mse20-complete-weighted/security-witness/RSN_Security_Min_Witness-Shortest-FlexScan-DF.wcnf.gz,51.31,45.87,3.22,85.68,28.2,1.49,58.73,51.3,1.48,4.13
33f598561bc4a3a463706bdc112f2c95,ms_evals/MS20/mse20-complete-weighted/security-witness/RSN_Security_Min_Witness-Shortest-MBIST_100cores_20controllers_5memories_na-D9.wcnf.gz,17.58,2.34,9.11,4.21,5.9,9.83,6.28,17.45,9.84,5.48
fad7771ae3d33c2502de12b0c049395e,ms_evals/MS20/mse20-complete-weighted/security-witness/RSN_Security_Min_Witness-Shortest-FlexScan-D4.wcnf.gz,52.19,103.51,3.24,78.61,49.22,1.49,58.79,51.96,1.54,4.1
e59689092bd40de6c96c63ece48a2ae9,ms_evals/MS20/mse20-complete-weighted/security-witness/RSN_Security_Min_Witness-Shortest-MBIST_100cores_20controllers_5memories_na-D2.wcnf.gz,125.09,5.18,20.48,12.93,101.99,47.96,3600.0,118.54,48.46,15.96
5a72668677efa375a707a0b78a764d80,ms_evals/MS20/mse20-complete-weighted/security-witness/RSN_Security_Min_Witness-Shortest-FlexScan-DD.wcnf.gz,52.04,40.97,3.24,75.31,43.01,1.48,58.2,51.95,1.53,4.11
76c17ea575860baa9d35b564014d748e,ms_evals/MS20/mse20-complete-weighted/security-witness/RSN_Security_Min_Witness-Shortest-MBIST_100cores_100controllers_5memories_na-D2.wcnf.gz,2300.01,44.43,168.07,105.03,2147.59,1898.04,159.97,2494.45,1968.88,101.82
5e63382f4b256dce859cd0a131434fef,ms_evals/MS20/mse20-complete-weighted/security-witness/RSN_Security_Min_Witness-Shortest-MBIST_100cores_100controllers_5memories_na-DC.wcnf.gz,2566.34,41.34,169.19,69.91,2089.43,1860.33,128.74,2468.19,1872.01,100.86
2d5cac0a05ea003161c26be2b3564ea9,ms_evals/MS20/mse20-complete-weighted/security-witness/RSN_Security_Min_Witness-Shortest-MBIST_100cores_100controllers_5memories_na-D3.wcnf.gz,92.0,19.6,112.05,30.77,3600.0,183.31,3600.0,91.08,181.87,42.88
00b6c9dab699ef684326713b6e639a8e,ms_evals/MS20/mse20-complete-weighted/security-witness/RSN_Security_Min_Witness-Shortest-MBIST_100cores_20controllers_5memories_na-D3.wcnf.gz,119.93,5.31,20.5,12.79,107.78,49.4,3600.0,117.61,49.47,15.91
85dcb7cf845acdc5d6fa789803311dad,ms_evals/MS20/mse20-complete-weighted/security-witness/RSN_Security_Min_Witness-Shortest-FlexScan-DE.wcnf.gz,49.78,82.47,3.27,87.85,38.28,1.47,57.35,49.77,1.5,4.15
44d5e3253a430f4842aa779e0acb3b39,ms_evals/MS20/mse20-complete-weighted/shiftdesign/limits-10-10_data-1_inst-048_60m.sm-extracted.wcnf.gz,35.01,4.7,37.71,247.33,14.48,6.26,564.56,31.77,6.26,83.62
9a426a5d289c2fffa9467697db84871d,ms_evals/MS20/mse20-complete-weighted/shiftdesign/limits-10-10_data-1_inst-031_60m.sm-extracted.wcnf.gz,9.72,0.66,4.39,47.15,2.46,1.67,93.06,9.76,1.66,1.19
c29d14f6c25d7c20a4f8b73aed0ccdf4,ms_evals/MS20/mse20-complete-weighted/shiftdesign/limits-10-10_data-3_inst-003_30m.sm-extracted.wcnf.gz,731.45,156.29,279.14,3600.0,313.94,848.19,3600.0,369.32,1152.14,3600.0
6a4e745b45d492f69717520470a74f02,ms_evals/MS20/mse20-complete-weighted/shiftdesign/limits-10-10_data-1_inst-102_30m.sm-extracted.wcnf.gz,427.37,102.21,415.01,3600.0,327.52,444.69,3600.0,264.69,766.39,3600.0
972f97a058e82efe6805cb3486312522,ms_evals/MS20/mse20-complete-weighted/shiftdesign/limits-10-10_data-1_inst-018_60m.sm-extracted.wcnf.gz,77.87,13.73,93.56,1169.0,44.69,12.88,2191.74,63.67,12.8,718.7
6d4f7fccfb01c41948b291fa6ee86bcc,ms_evals/MS20/mse20-complete-weighted/shiftdesign/limits-10-10_data-2_inst-025_30m.sm-extracted.wcnf.gz,1657.0,779.22,761.17,3600.0,3600.0,1089.48,3600.0,557.1,890.92,3600.0
64a831bd3a500df70f62507fc37a24c8,ms_evals/MS20/mse20-complete-weighted/shiftdesign/limits-10-10_data-3_inst-028_60m.sm-extracted.wcnf.gz,226.93,72.69,130.54,3600.0,247.9,202.57,3600.0,172.51,478.33,971.93
6d356d7635b41ae528ca44c8ea52504f,ms_evals/MS20/mse20-complete-weighted/set-covering/scp53_weighted.wcnf.gz,2.89,3600.0,0.81,0.07,3600.0,0.22,0.12,0.38,0.22,0.08
777816167499b5ad6dc43aff63254400,ms_evals/MS20/mse20-complete-weighted/set-covering/scp48_weighted.wcnf.gz,9.16,3600.0,3600.0,3600.0,3600.0,3600.0,3600.0,1.02,3600.0,0.08
63c5be7b6d1cb1680cbf510131bed931,ms_evals/MS20/mse20-complete-weighted/set-covering/scp43_weighted.wcnf.gz,2.0,3600.0,2.2,2180.76,3600.0,3196.13,1780.77,0.31,193.58,0.04
bbf732ab832d0e268154c108774f34c7,ms_evals/MS20/mse20-complete-weighted/set-covering/scp59_weighted.wcnf.gz,7.63,3600.0,2.9,364.88,3600.0,3.69,78.56,0.48,4.77,0.09
6a91bfaf3c6d718f95d40fa6a8e17f7b,ms_evals/MS20/mse20-complete-weighted/set-covering/scp56_weighted.wcnf.gz,3.91,3600.0,2.32,9.31,3600.0,0.43,10.62,0.4,1.14,0.09
f4a9d436757ec482d503593681ae6313,ms_evals/MS20/mse20-complete-weighted/set-covering/scp63_weighted.wcnf.gz,753.72,3600.0,502.22,3600.0,3600.0,3600.0,3600.0,506.8,3600.0,0.48
619bca319401d8d2d4886dc718f80f58,ms_evals/MS20/mse20-complete-weighted/set-covering/scp45_weighted.wcnf.gz,1.43,3600.0,0.35,0.32,3600.0,0.46,1.38,0.27,0.49,0.05
0115006a8b0fe642877e2693fd730ef1,ms_evals/MS20/mse20-complete-weighted/set-covering/scpnrg5_weighted.wcnf.gz,3600.0,3600.0,3600.0,3600.0,3600.0,3600.0,3600.0,3600.0,3600.0,3600.0
8db14c8186cdf6fd6be7b010009a0f3e,ms_evals/MS20/mse20-complete-weighted/set-covering/scpnrf1_weighted.wcnf.gz,3600.0,3600.0,3600.0,3600.0,3600.0,3600.0,3600.0,3600.0,3600.0,78.37
ff6c962a63a7c393ba2b6afb8895014b,ms_evals/MS20/mse20-complete-weighted/set-covering/scp61_weighted.wcnf.gz,250.09,3600.0,754.44,3600.0,3600.0,3600.0,3600.0,36.75,3600.0,0.53
b2f91eb849cdac92abde479aec49bdfc,ms_evals/MS20/mse20-complete-weighted/set-covering/scp54_weighted.wcnf.gz,19.57,3600.0,5.26,16.2,3600.0,3.31,14.17,1.08,2.74,0.1
55fce4899d3acc21a0eabf21b98184fd,ms_evals/MS20/mse20-complete-weighted/correlation-clustering/Rounded_CorrelationClustering_Ecoli_BINARY_N300_D0.200.wcnf.gz,3600.0,3600.0,3600.0,3600.0,3600.0,3600.0,3600.0,3600.0,3600.0,3600.0
9e2cc912c32cfef19389b276af579fe7,ms_evals/MS20/mse20-complete-weighted/correlation-clustering/Rounded_CorrelationClustering_Protein3_BINARY_N300.wcnf.gz,3600.0,3600.0,3600.0,3600.0,3600.0,3600.0,3600.0,3600.0,3600.0,132.06
0d07a839a420110c52638a7e475cebc9,ms_evals/MS20/mse20-complete-weighted/correlation-clustering/Rounded_CorrelationClustering_Protein2_TRANSITIVE_N120.wcnf.gz,29.39,3600.0,5.41,3600.0,3600.0,32.88,3600.0,69.87,28.55,7.95
dc7935975562c2568f61bc2869283371,ms_evals/MS20/mse20-complete-weighted/correlation-clustering/Rounded_CorrelationClustering_Protein4_BINARY_N400.wcnf.gz,3600.0,3600.0,3600.0,3600.0,3600.0,3600.0,3600.0,3600.0,3600.0,571.68
c29b76c06de5cecb0ecd340fd7bb13a3,ms_evals/MS20/mse20-complete-weighted/correlation-clustering/Rounded_CorrelationClustering_Protein4_TRANSITIVE_N170.wcnf.gz,1451.58,3600.0,102.24,3600.0,3600.0,1501.85,3600.0,3600.0,3600.0,24.45
8b633de9151b74c20f9ac2fb024ef2e4,ms_evals/MS20/mse20-complete-weighted/correlation-clustering/Rounded_CorrelationClustering_Protein2_TRANSITIVE_N220.wcnf.gz,843.35,3600.0,148.94,3600.0,3600.0,3600.0,3600.0,3600.0,3600.0,67.84
296cbd9fb5199b749b0ce0b24c1e858f,ms_evals/MS20/mse20-complete-weighted/correlation-clustering/Rounded_CorrelationClustering_Protein2_UNARY_N240.wcnf.gz,3600.0,3600.0,3600.0,3600.0,3600.0,3600.0,3600.0,3600.0,3600.0,3600.0
9b6a035cb7ee49abd407c6f8193fe66a,ms_evals/MS20/mse20-complete-weighted/correlation-clustering/Rounded_CorrelationClustering_Ionosphere_BINARY_N300_D0.200.wcnf.gz,3600.0,3600.0,3600.0,3600.0,3600.0,3600.0,3600.0,3600.0,3600.0,3600.0
7d41b8a28868be6dc8a96770916d14d0,ms_evals/MS20/mse20-complete-weighted/correlation-clustering/Rounded_CorrelationClustering_Protein1_BINARY_N280.wcnf.gz,134.57,3600.0,3600.0,3600.0,3600.0,3600.0,3600.0,3600.0,3600.0,53.92
19aa76ad81cf5ea98ede53690836f46e,ms_evals/MS20/mse20-complete-weighted/correlation-clustering/Rounded_CorrelationClustering_Ionosphere_BINARY_N280_D0.200.wcnf.gz,3600.0,3600.0,3600.0,3600.0,3600.0,3600.0,3600.0,3600.0,3600.0,3600.0
0cc4ca9d1da768c5ddf7d3675c9041e6,ms_evals/MS20/mse20-complete-weighted/correlation-clustering/Rounded_CorrelationClustering_Protein4_BINARY_N280.wcnf.gz,3600.0,3600.0,3600.0,3600.0,3600.0,3600.0,3600.0,3600.0,3600.0,161.88
f3e9ebf0130ba3c13a92c76fb6454fae,ms_evals/MS20/mse20-complete-weighted/correlation-clustering/Rounded_CorrelationClustering_Protein3_UNARY_N300.wcnf.gz,3600.0,3600.0,3600.0,3600.0,3600.0,3600.0,3600.0,3600.0,3600.0,3600.0
df6d9eaa3fa042f9b33b08e60063b32a,ms_evals/MS20/mse20-complete-weighted/qcp/file_qc_wcnf_N6_H21_3.wcnf.gz,0.16,0.01,0.01,0.01,0.01,0.01,0.01,0.16,0.02,0.02
931d9964f40310db32df186742102e75,ms_evals/MS20/mse20-complete-weighted/qcp/file_qc_wcnf_N8_H38_1.wcnf.gz,0.37,0.05,0.07,0.01,0.04,0.02,0.01,0.3,0.04,0.04
b43ce7fe382e20d0783958b99f65466b,ms_evals/MS20/mse20-complete-weighted/qcp/file_qc_wcnf_N7_H29_3.wcnf.gz,0.29,0.03,0.06,0.01,0.02,0.02,0.02,0.22,0.02,0.1
ff490a18a159ac73d28b2993df366eb7,ms_evals/MS20/mse20-complete-weighted/qcp/file_qc_wcnf_N7_H29_4.wcnf.gz,0.22,0.03,0.02,0.01,0.02,0.02,0.02,0.21,0.01,0.05
e43b9e3866ee41f35f0a62a105d14dca,ms_evals/MS20/mse20-complete-weighted/qcp/file_qc_wcnf_N9_H48_0.wcnf.gz,0.84,0.08,0.33,0.02,0.07,0.05,0.03,0.44,0.05,0.16
c551730cfb269c2a1d8400bbb890d8e2,ms_evals/MS20/mse20-complete-weighted/qcp/file_qc_wcnf_N10_H60_0.wcnf.gz,0.93,0.08,0.29,0.03,0.17,0.07,0.04,0.62,0.07,0.08
df4ea579b4323eae6864e9368b342c9e,ms_evals/MS20/mse20-complete-weighted/qcp/file_qc_wcnf_N9_H48_2.wcnf.gz,0.55,0.04,0.12,0.01,0.06,0.03,0.02,0.43,0.03,0.05
ed76872f77dfde454ddf05b161c4ad28,ms_evals/MS20/mse20-complete-weighted/qcp/file_qc_wcnf_N10_H60_2.wcnf.gz,1.49,0.24,0.57,0.04,0.34,0.12,0.31,0.67,0.19,0.15
d1351bc88bd87eef2bc60ab6c8e04310,ms_evals/MS20/mse20-complete-weighted/qcp/file_qc_wcnf_N8_H38_4.wcnf.gz,0.93,0.05,0.06,0.02,0.05,0.07,0.04,0.32,0.04,0.79
12c0a0daa301ed7502141d7f6ee92314,ms_evals/MS20/mse20-complete-weighted/lisbon-wedding/lisbon-wedding-1-17.wcnf.gz,3600.0,3600.0,3600.0,3600.0,3600.0,3600.0,3600.0,3600.0,3600.0,3600.0
f5d4a9e397b493e18160e9b0b797c16b,ms_evals/MS20/mse20-complete-weighted/lisbon-wedding/lisbon-wedding-8-19.wcnf.gz,3600.0,3600.0,3600.0,3600.0,3600.0,3600.0,3600.0,3600.0,3600.0,3600.0
5480c6eea887e886047292b05e9b9d65,ms_evals/MS20/mse20-complete-weighted/lisbon-wedding/lisbon-wedding-4-17.wcnf.gz,3600.0,3600.0,3600.0,3600.0,3600.0,3600.0,3600.0,3600.0,3600.0,3600.0
98acd3873cae90a1a07409ada0862436,ms_evals/MS20/mse20-complete-weighted/lisbon-wedding/lisbon-wedding-3-17.wcnf.gz,143.63,3600.0,79.52,3600.0,3600.0,215.64,3600.0,81.32,3307.51,907.69
524b2c384626eccac11398c9513c08ae,ms_evals/MS20/mse20-complete-weighted/lisbon-wedding/lisbon-wedding-10-17.wcnf.gz,170.78,3600.0,34.85,980.01,3600.0,3600.0,2175.5,122.23,3600.0,3600.0
ca527d9b4fd26daddd82ace0cfa0f16e,ms_evals/MS20/mse20-complete-weighted/lisbon-wedding/lisbon-wedding-7-19.wcnf.gz,3600.0,3600.0,3600.0,3600.0,3600.0,3600.0,3600.0,3600.0,3600.0,3600.0
248b1e8a2957fa99a988bddeaedd6524,ms_evals/MS20/mse20-complete-weighted/lisbon-wedding/lisbon-wedding-7-18.wcnf.gz,3600.0,3600.0,3600.0,3600.0,3600.0,3600.0,3600.0,3600.0,3600.0,3600.0
7f85edd6c468639fbc8afb22da7941a4,ms_evals/MS20/mse20-complete-weighted/lisbon-wedding/lisbon-wedding-2-19.wcnf.gz,3600.0,3600.0,3600.0,3600.0,3600.0,3600.0,3600.0,3600.0,3600.0,3600.0
cd5a2dc0dd0121b5819597dd7c98031c,ms_evals/MS20/mse20-complete-weighted/lisbon-wedding/lisbon-wedding-6-17.wcnf.gz,14.08,3600.0,15.66,3600.0,3600.0,86.86,3600.0,50.11,3600.0,290.12
7e488e0e753a70036ded19ee0f1e6b4e,ms_evals/MS20/mse20-complete-weighted/lisbon-wedding/lisbon-wedding-3-19.wcnf.gz,3600.0,3600.0,3600.0,3600.0,3600.0,3600.0,3600.0,3600.0,3600.0,3600.0
3d3adee6bfdc683458372fcfeed8941b,ms_evals/MS20/mse20-complete-weighted/lisbon-wedding/lisbon-wedding-2-17.wcnf.gz,3600.0,3600.0,3600.0,3600.0,3600.0,3600.0,3600.0,3600.0,3600.0,3600.0
b09dd34e45bcdb8678a417c2374eec8f,ms_evals/MS20/mse20-complete-weighted/lisbon-wedding/lisbon-wedding-6-19.wcnf.gz,3600.0,3600.0,3600.0,3600.0,3600.0,3600.0,3600.0,3600.0,3600.0,3600.0
38517a0ed43ce0aff6d19f310cfd567e,ms_evals/MS20/mse20-complete-weighted/lisbon-wedding/lisbon-wedding-10-18.wcnf.gz,3600.0,3600.0,3600.0,3600.0,3600.0,3600.0,3600.0,3600.0,3600.0,3600.0
701180562cf182c300be0e17603bf498,ms_evals/MS20/mse20-complete-weighted/timetabling/comp13.wcnf.gz,22.56,39.99,15.32,32.26,55.44,15.22,244.19,13.81,19.18,663.28
87b46cab3872871f34db889c0aadf10c,ms_evals/MS20/mse20-complete-weighted/timetabling/comp02.wcnf.gz,3600.0,650.59,2365.01,3600.0,1437.9,3600.0,3600.0,3600.0,3600.0,2837.61
62aa29125c77d341d0d818bef1497fc3,ms_evals/MS20/mse20-complete-weighted/timetabling/test2.lp.sm-extracted.wcnf.gz,127.51,525.52,8.45,73.32,804.37,59.1,618.24,200.87,54.12,76.51
06964b79d3492a8002b374fb217f89ae,ms_evals/MS20/mse20-complete-weighted/timetabling/test3.wcnf.gz,3600.0,3600.0,3600.0,3600.0,3600.0,3600.0,3600.0,3600.0,3600.0,3600.0
9939e88f30f7be5cad86c312e8fd64c2,ms_evals/MS20/mse20-complete-weighted/timetabling/EA01.lp.sm-extracted.wcnf.gz,645.05,462.72,99.78,579.41,199.94,295.26,2904.55,521.14,293.45,169.64
205b19c8f8331444dc92b39f3ecbf4c4,ms_evals/MS20/mse20-complete-weighted/timetabling/comp13.lp.sm-extracted.wcnf.gz,332.4,356.19,44.47,601.64,533.28,328.63,1190.33,212.34,1081.38,1038.84
95274b1de1edbbf7a45d1345b40a08da,ms_evals/MS20/mse20-complete-weighted/timetabling/EA09.lp.sm-extracted.wcnf.gz,756.08,444.24,140.77,723.11,169.33,338.3,1534.21,747.77,955.82,115.83
f0fbcabc029cb1624a4ffe2c6d8b3914,ms_evals/MS20/mse20-complete-weighted/timetabling/comp17.wcnf.gz,103.45,621.86,122.56,1626.08,1777.64,223.71,1527.84,249.02,1247.81,2308.54
7af24842dfb577e805381e4e75888407,ms_evals/MS20/mse20-complete-weighted/timetabling/comp21.wcnf.gz,3600.0,3600.0,3600.0,3600.0,3600.0,3600.0,3600.0,3600.0,3600.0,3600.0
dba3af5b4fb143b01fe017337feeee9f,ms_evals/MS20/mse20-complete-weighted/railway-transport/wg2.wcnf.gz,3600.0,3600.0,3600.0,3600.0,3600.0,3600.0,3600.0,3600.0,3600.0,3600.0
e663d06d76208c5e2c8766771ab8fdfc,ms_evals/MS20/mse20-complete-weighted/railway-transport/r11.wcnf.gz,3600.0,3600.0,3600.0,3600.0,3600.0,3600.0,3600.0,3600.0,3600.0,3600.0
bf312e3713f08c2baff18d90037798e9,ms_evals/MS20/mse20-complete-weighted/railway-transport/bf2030fvcons.wcnf.gz,270.29,305.53,363.2,3600.0,223.23,203.03,3600.0,642.14,3600.0,209.97
ae9f667f8c9e86649c7b57aee0a1b945,ms_evals/MS20/mse20-complete-weighted/railway-transport/f2030.wcnf.gz,776.42,252.4,1652.34,3600.0,562.27,3600.0,3600.0,3600.0,3600.0,3600.0
f22a9b93914330eb63ccccd293d632be,ms_evals/MS20/mse20-complete-weighted/railway-transport/bf2030fvslack.wcnf.gz,3600.0,3600.0,3600.0,3600.0,3600.0,3600.0,3600.0,3600.0,3600.0,3600.0
db6a8400b605b33fefe53fe41db58608,ms_evals/MS20/mse20-complete-weighted/af-synthesis/af-synthesis_stb_50_140_3.wcnf.gz,2979.53,227.57,294.87,3600.0,463.86,2666.87,3600.0,1228.99,3600.0,3167.93
d2a0e3824f458f963643d90f4e253d64,ms_evals/MS20/mse20-complete-weighted/af-synthesis/af-synthesis_stb_50_100_4.wcnf.gz,3600.0,1165.98,3600.0,3600.0,3600.0,3600.0,3600.0,3600.0,3600.0,3600.0
24bc67bc4af0dae7c91a8c2b4321f3ef,ms_evals/MS20/mse20-complete-weighted/af-synthesis/af-synthesis_stb_50_80_7.wcnf.gz,3453.25,768.54,932.2,3600.0,1252.85,3600.0,3600.0,2006.57,3600.0,3600.0
e2a8ac0364b27dc7e7795395377978c0,ms_evals/MS20/mse20-complete-weighted/af-synthesis/af-synthesis_stb_50_40_9.wcnf.gz,3600.0,998.86,3600.0,3600.0,3600.0,3600.0,3600.0,3600.0,3600.0,3600.0
dae31c195efb71c9092e6b422d10c89c,ms_evals/MS20/mse20-complete-weighted/af-synthesis/af-synthesis_stb_50_120_4.wcnf.gz,2273.29,647.92,1061.78,3600.0,1576.26,3600.0,3600.0,1815.41,3600.0,3600.0
4dcd43729ee1967a108f1dfcfda1d0f5,ms_evals/MS20/mse20-complete-weighted/af-synthesis/af-synthesis_stb_50_40_2.wcnf.gz,921.75,226.79,456.92,3600.0,1011.01,2753.74,3600.0,3101.0,3600.0,3600.0
d9b2fe4aa5cd097aecb518f5f23f9bd6,ms_evals/MS20/mse20-complete-weighted/af-synthesis/af-synthesis_stb_50_140_0.wcnf.gz,3482.64,364.95,1338.8,3600.0,1920.96,3600.0,3600.0,3600.0,3600.0,3600.0
9eb67aaeeb64005c3e2011ba3e10205f,ms_evals/MS20/mse20-complete-weighted/af-synthesis/af-synthesis_stb_50_140_1.wcnf.gz,3600.0,1148.13,1491.55,3600.0,2811.13,3600.0,3600.0,3600.0,3600.0,3600.0
918a737232c938fa7a847d320856ce67,ms_evals/MS20/mse20-complete-weighted/af-synthesis/af-synthesis_stb_50_200_4.wcnf.gz,3600.0,321.68,530.89,3600.0,1025.86,3567.93,3600.0,3600.0,3600.0,2422.48
7b17c434772811926a97e42dab2e4e77,ms_evals/MS20/mse20-complete-weighted/af-synthesis/af-synthesis_stb_50_200_0.wcnf.gz,2001.4,365.95,955.14,3600.0,2049.56,3600.0,3600.0,3600.0,3600.0,3600.0
9334abf9f099aa8712cc9ad7f441291b,ms_evals/MS20/mse20-complete-weighted/af-synthesis/af-synthesis_stb_50_20_8.wcnf.gz,3600.0,347.53,2392.43,3600.0,3600.0,3600.0,3600.0,3600.0,3600.0,3600.0
10538d318bff7e093a5974345f95ff95,ms_evals/MS20/mse20-complete-weighted/af-synthesis/af-synthesis_stb_50_100_9.wcnf.gz,2006.83,690.77,2006.81,3600.0,1671.7,2967.6,3600.0,1697.6,3600.0,3600.0
dad0ac061e0003c3c159ebc44bbbbb7c,ms_evals/MS20/mse20-complete-weighted/drmx-cryptogen/wolfram72_7.wcnf.gz,232.47,3600.0,6.34,45.29,3600.0,3600.0,142.62,223.41,3600.0,14.99
91134a3df4847fb3c585519cd6c633f4,ms_evals/MS20/mse20-complete-weighted/drmx-cryptogen/geffe128_6.wcnf.gz,34.01,3600.0,6.05,36.17,3600.0,3600.0,29.5,34.11,3600.0,9.46
73f363610ae7450e8c0fe6334cc44f33,ms_evals/MS20/mse20-complete-weighted/drmx-cryptogen/wolfram80_8.wcnf.gz,364.92,3600.0,12.05,86.52,3600.0,3600.0,233.32,354.5,3600.0,14.13
8c63c172111787543f764b94133980ea,ms_evals/MS20/mse20-complete-weighted/drmx-cryptogen/wolfram72_0.wcnf.gz,227.62,3600.0,5.56,60.89,3600.0,3600.0,123.45,227.86,3600.0,7.01
d7b19e1caffd07748c6b8a064e1f7ebc,ms_evals/MS20/mse20-complete-weighted/drmx-cryptogen/threshold128_9.wcnf.gz,57.69,3600.0,19.1,49.69,3600.0,3600.0,329.21,57.42,3600.0,41.39
5de1532c169c35fe82123432b912a847,ms_evals/MS20/mse20-complete-weighted/drmx-cryptogen/wolfram80_4.wcnf.gz,376.73,3600.0,24.15,172.56,3600.0,3600.0,835.39,375.56,3600.0,66.31
7f05a8af6ba88676744babcb475d7e19,ms_evals/MS20/mse20-complete-weighted/drmx-cryptogen/wolfram72_9.wcnf.gz,245.38,3600.0,14.65,80.59,3600.0,3600.0,394.03,243.92,3600.0,26.79
99ab8e8c7925745b64d5b79ea073bab8,ms_evals/MS20/mse20-complete-weighted/drmx-cryptogen/threshold128_3.wcnf.gz,276.56,3600.0,90.89,148.63,3600.0,3600.0,194.13,280.53,3600.0,9.59
397b4f42b82b83f25aa1b1575a2c1960,ms_evals/MS20/mse20-complete-weighted/drmx-cryptogen/geffe128_9.wcnf.gz,25.99,3600.0,46.51,74.55,3600.0,3600.0,171.76,26.04,3600.0,45.45
b9bce79af9a38b04ef9ba6d312d9083b,ms_evals/MS20/mse20-complete-weighted/drmx-cryptogen/geffe128_1.wcnf.gz,44.62,3600.0,14.17,90.13,3600.0,3600.0,177.41,44.29,3600.0,46.07
981431654d6618d316d474f6472e81d3,ms_evals/MS20/mse20-complete-weighted/planning/driverlog09.wcsp.wcnf.gz,1.17,0.16,0.39,6.3,0.26,0.33,6.84,1.28,0.31,0.58
8b6a7360e098338b89494567596c99a5,ms_evals/MS20/mse20-complete-weighted/planning/rovers02c.wcsp.wcnf.gz,0.18,0.02,0.03,0.03,0.02,0.02,0.05,0.18,0.03,0.04
1409c08bbfe53a623a03e3e81700e9cd,ms_evals/MS20/mse20-complete-weighted/planning/bwt3cc.wcsp.dir.wcnf.gz,0.1,0.01,0.01,0.01,0.01,0.02,0.02,0.1,0.02,0.01
02cf91f9b012007cfcf0d0718b018f5f,ms_evals/MS20/mse20-complete-weighted/planning/driverlog04bc.wcsp.wcnf.gz,0.48,0.13,0.15,2.17,1.74,0.1,5.22,0.6,0.15,0.18
0a69617c66d460738aba7bf3ad9ae42e,ms_evals/MS20/mse20-complete-weighted/spot5/414.wcsp.dir.wcnf.gz,0.42,0.72,0.23,78.39,0.6,0.13,14.74,0.39,1.19,9.18
ca81689ac53dad89f6ef62375493a122,ms_evals/MS20/mse20-complete-weighted/spot5/28.wcsp.dir.wcnf.gz,888.95,5.29,621.65,3600.0,32.14,3600.0,3600.0,1648.91,3600.0,3600.0
65e3a953f21de9c5185c1a7e2f9c8b82,ms_evals/MS20/mse20-complete-weighted/spot5/503.wcsp.dir.wcnf.gz,0.12,0.03,0.02,0.01,0.06,0.01,0.02,0.12,0.01,0.04
169e6d5fdaba9c59c2a2ad26173e5b2c,ms_evals/MS20/mse20-complete-weighted/spot5/404.wcsp.dir.wcnf.gz,0.12,0.05,0.02,0.04,0.03,0.02,0.16,0.11,0.03,0.04
2317637f0240928ed9a60206585393eb,ms_evals/MS20/mse20-complete-weighted/spot5/1401.wcsp.dir.wcnf.gz,3600.0,29.04,2654.65,3600.0,85.07,3600.0,3600.0,3600.0,3600.0,3600.0
e673536fcfeec169c11ca4087c6c91c1,ms_evals/MS20/mse20-complete-weighted/spot5/42.wcsp.log.wcnf.gz,2.36,0.82,8.21,1340.31,1.79,5.94,359.2,2.82,9.64,100.82
8a7f87b14b5c792cc2ee4c418e823544,ms_evals/MS20/mse20-complete-weighted/spot5/1506.wcsp.log.wcnf.gz,3600.0,51.66,3230.76,3600.0,120.49,3600.0,3600.0,3600.0,3600.0,474.77
e54f7870f786604f42efddf6d5727f22,ms_evals/MS20/mse20-complete-weighted/spot5/1504.wcsp.dir.wcnf.gz,0.83,1.17,0.55,167.78,4.24,0.81,41.45,1.23,12.85,36.83
49cb202611d9b899d9340115147e8c5a,ms_evals/MS20/mse20-complete-weighted/spot5/1403.wcsp.dir.wcnf.gz,3600.0,20.68,2936.15,3600.0,108.04,3600.0,3600.0,3600.0,3600.0,3454.38
b221121b37596d5fc5257721b9f3b3e1,ms_evals/MS20/mse20-complete-weighted/spot5/29.wcsp.log.wcnf.gz,0.11,0.01,0.01,0.02,0.02,0.01,0.09,0.11,0.02,0.21
cdc529fd887f2530bac345ca0ccf6b71,ms_evals/MS20/mse20-complete-weighted/spot5/509.wcsp.log.wcnf.gz,1.14,1.14,0.21,465.55,1.49,0.23,662.52,1.78,0.61,727.86
be3c1ff3d6f0396c76f40cb36e11efba,ms_evals/MS20/mse20-complete-weighted/metro/inst22.lp.sm-extracted.wcnf.gz,35.9,8.5,10.56,980.17,10.84,5.58,1500.95,26.82,222.88,23.67
ac31a192d9d8db30cc2807e42d65081c,ms_evals/MS20/mse20-complete-weighted/metro/metro_9_8_7_30_10_6_500_1_0.lp.sm-extracted.wcnf.gz,49.74,40.94,6.17,293.99,28.42,5.52,439.39,35.15,18.08,26.75
7be20a42385b105474d229e1f427657a,ms_evals/MS20/mse20-complete-weighted/metro/metro_9_8_7_22_10_6_500_1_9.lp.sm-extracted.wcnf.gz,9.98,3.72,1.82,46.4,3.94,1.21,65.73,7.05,1.16,13.63
a8cdd3b60255e0fb59dca9aeec6bbdd1,ms_evals/MS20/mse20-complete-weighted/metro/metro_9_9_10_35_13_7_500_2_6.lp.sm-extracted.wcnf.gz,28.55,21.22,2.83,59.9,14.92,1.82,82.52,27.22,1.55,10.05
af1d5ad8d3b24dbf052a47856f691779,ms_evals/MS20/mse20-complete-weighted/metro/metro_9_8_7_30_10_6_500_1_3.lp.sm-extracted.wcnf.gz,73.74,63.36,11.76,595.26,32.99,14.19,1367.44,74.94,36.96,31.47
d2c422cccf0033b2b4f451c748b22688,ms_evals/MS20/mse20-complete-weighted/metro/metro_9_9_10_35_13_7_500_2_1.lp.sm-extracted.wcnf.gz,44.34,29.19,4.58,124.7,17.76,3.58,248.78,42.12,3.16,18.68
4f46e0d7327c13ad72e8665efca9d417,ms_evals/MS20/mse20-complete-weighted/metro/inst10.lp.sm-extracted.wcnf.gz,5.49,3.18,1.97,77.02,3.69,0.87,117.19,3.88,2.74,1.26
18180f60a1299a0c40b1bd242c7e8d54,ms_evals/MS20/mse20-complete-weighted/metro/inst2.lp.sm-extracted.wcnf.gz,4.12,0.95,1.43,95.56,1.19,0.76,88.73,1.83,2.21,6.42
53a038f7a0d7ce2c526a3dececa99948,ms_evals/MS20/mse20-complete-weighted/metro/metro_8_8_5_20_10_6_500_1_2.lp.sm-extracted.wcnf.gz,346.01,48.74,18.18,2356.03,39.95,80.84,2971.12,223.3,175.19,1301.04
f3b2464354ebfca4e904b6e9b3bcda14,ms_evals/MS20/mse20-complete-weighted/metro/metro_9_8_7_30_10_6_500_1_8.lp.sm-extracted.wcnf.gz,407.27,185.99,75.94,3600.0,162.52,48.8,3600.0,316.81,1370.52,338.52
61baac0c508b47694dbe1bcb5eb88d9c,ms_evals/MS20/mse20-complete-weighted/metro/metro_9_8_7_22_10_6_500_1_7.lp.sm-extracted.wcnf.gz,30.32,23.69,5.16,112.16,23.89,4.88,417.54,17.81,6.63,53.42
20aaa2eb9e8178b5bd5f03bbc96b1b09,ms_evals/MS20/mse20-complete-weighted/metro/metro_8_8_5_20_10_6_500_1_0.lp.sm-extracted.wcnf.gz,42.81,27.31,7.38,450.41,23.97,10.82,948.0,21.24,27.71,316.87
32c418220e8e237d62fe04f3e9feff86,ms_evals/MS20/mse20-complete-weighted/metro/metro_9_8_7_22_10_6_500_1_3.lp.sm-extracted.wcnf.gz,14.38,7.33,2.37,52.87,6.78,1.71,147.35,7.59,1.55,14.54
4deaa9ff8bcccf89c0b82c3ebcf7dd52,ms_evals/MS20/mse20-complete-weighted/metro/metro_9_8_7_30_10_6_500_1_5.lp.sm-extracted.wcnf.gz,184.25,103.72,21.02,908.27,70.58,24.65,1890.31,93.58,60.86,302.62
c6a03469fc336410865f8577bc8fc46a,ms_evals/MS20/mse20-complete-weighted/metro/metro_9_8_7_22_10_6_500_1_4.lp.sm-extracted.wcnf.gz,13.55,11.83,2.47,193.51,10.99,1.36,269.1,12.05,2.56,12.89
2b483212bbbdad1dc01738fe16ce9d7a,ms_evals/MS20/mse20-complete-weighted/metro/metro_8_8_5_20_10_6_500_1_7.lp.sm-extracted.wcnf.gz,77.45,18.1,10.73,720.86,84.75,9.96,1004.72,29.85,40.87,137.07
c3e7db201323c1d5c45e03a5955516b5,ms_evals/MS20/mse20-complete-weighted/metro/metro_9_9_10_35_13_7_500_2_4.lp.sm-extracted.wcnf.gz,66.81,49.94,8.03,381.42,49.03,7.92,1107.82,82.33,17.43,30.39
b1d0245506ad3936f2ff33ac63280e07,ms_evals/MS20/mse20-complete-weighted/railroad_scheduling/Subnetwork_9_weighted.wcnf.gz,3600.0,3600.0,3600.0,3600.0,3600.0,3600.0,3600.0,3600.0,3600.0,3600.0
7e0aa11845ef1a9ca9a4dde2109e4fca,ms_evals/MS20/mse20-complete-weighted/railroad_scheduling/MultiDay_3_weighted.wcnf.gz,3600.0,3600.0,3600.0,3600.0,3600.0,3600.0,3600.0,3600.0,3600.0,3600.0
aa5346e0caf38f37610f288c71c581ed,ms_evals/MS20/mse20-complete-weighted/railroad_scheduling/SingleDay_37_weighted.wcnf.gz,3600.0,3600.0,3600.0,3600.0,3600.0,3600.0,3600.0,3600.0,3600.0,3600.0
75701632104e3e597dc815a0a33e74fb,ms_evals/MS20/mse20-complete-weighted/railroad_scheduling/MultiDay_2_weighted.wcnf.gz,3600.0,3600.0,3600.0,3600.0,3600.0,3600.0,3600.0,3600.0,3600.0,3600.0
91d8278936cbdcddeb77a55e9deb0b46,ms_evals/MS20/mse20-complete-weighted/railroad_scheduling/Subnetwork_7_weighted.wcnf.gz,3600.0,3600.0,3600.0,3600.0,3600.0,3600.0,3600.0,3600.0,3600.0,3600.0
f891f513398f55ca8de1bd6bf72753c8,ms_evals/MS20/mse20-complete-weighted/railroad_scheduling/SingleDay_15_weighted.wcnf.gz,3600.0,3600.0,3600.0,3600.0,3600.0,3600.0,3600.0,3600.0,3600.0,3600.0
6ad341a03765d944df57fa97b9500846,ms_evals/MS20/mse20-complete-weighted/railroad_scheduling/MultiDay_4_weighted.wcnf.gz,3600.0,3600.0,3600.0,3600.0,3600.0,3600.0,3600.0,3600.0,3600.0,3600.0
d63044df54ba70ede3011831ecf15fed,ms_evals/MS20/mse20-complete-weighted/railroad_scheduling/SingleDay_3_weighted.wcnf.gz,3600.0,3600.0,3600.0,3600.0,3600.0,3600.0,3600.0,3600.0,3600.0,1356.88
cfaa160499effbc859b73559717dc2c0,ms_evals/MS20/mse20-complete-weighted/RBAC-violations-multiple/role_smallcomp_violations_0.75_3.wcnf.gz,50.9,3600.0,97.65,403.3,3600.0,134.19,519.47,72.76,142.43,271.81
d41c4f1490058e9c183139e60368c5c3,ms_evals/MS20/mse20-complete-weighted/RBAC-violations-multiple/role_domino_multiple_0.7_1.wcnf.gz,3600.0,3600.0,3600.0,3600.0,3600.0,3600.0,3600.0,3600.0,3600.0,3600.0
41c00e64fc0a7511689997e32496e21e,ms_evals/MS20/mse20-complete-weighted/RBAC-violations-multiple/role_smallcomp_violations_0.55_0.wcnf.gz,661.66,2080.9,3600.0,3600.0,2994.53,1915.42,3600.0,3600.0,945.81,3600.0
889c023c2d9f8c20203f471458514a68,ms_evals/MS20/mse20-complete-weighted/RBAC-violations-multiple/role_smallcomp_multiple_0.6_9.wcnf.gz,3600.0,3600.0,245.36,3600.0,3600.0,3600.0,3600.0,3600.0,3600.0,3600.0
1192741f253a7b6d0a4ed816b8df96ac,ms_evals/MS20/mse20-complete-weighted/RBAC-violations-multiple/role_domino_multiple_0.7_9.wcnf.gz,3600.0,3600.0,3600.0,3600.0,3600.0,3600.0,3600.0,3600.0,3600.0,3600.0
4ab169c31eb619affa56c15e6159cb5d,ms_evals/MS20/mse20-complete-weighted/RBAC-violations-multiple/role_smallcomp_violations_0.05_9.wcnf.gz,0.18,4.69,0.01,0.02,0.47,0.01,0.03,0.18,0.01,0.02
f6bc038e0a5f1431f18caf1bdd32ac04,ms_evals/MS20/mse20-complete-weighted/RBAC-violations-multiple/role_domino_violations_0.4_10.wcnf.gz,3600.0,3600.0,3600.0,3600.0,3600.0,3600.0,3600.0,3600.0,3600.0,3600.0
d06568a604e76e26e1eeeab8478494d9,ms_evals/MS20/mse20-complete-weighted/RBAC-violations-multiple/role_smallcomp_multiple_0.9_6.wcnf.gz,3600.0,3600.0,3600.0,3600.0,3600.0,3600.0,3600.0,3600.0,3600.0,3600.0
a9c37d749ad7c51dd4a8f4c74ff525f6,ms_evals/MS20/mse20-complete-weighted/RBAC-violations-multiple/role_domino_violations_1.0_8.wcnf.gz,3600.0,3600.0,3600.0,3600.0,3600.0,3600.0,3600.0,3600.0,3600.0,3600.0
b5e45b621862ef3c16fbc07a831f0752,ms_evals/MS20/mse20-complete-weighted/RBAC-violations-multiple/role_domino_violations_0.25_0.wcnf.gz,3600.0,3600.0,3600.0,3600.0,3600.0,3600.0,3600.0,3600.0,3600.0,3600.0
183a8032be46acce29d77880832d21ec,ms_evals/MS20/mse20-complete-weighted/RBAC-violations-multiple/role_domino_violations_0.1_13.wcnf.gz,3600.0,3600.0,3600.0,3600.0,3600.0,3600.0,3600.0,3600.0,3600.0,3600.0
27aac273696736891163482f082959a3,ms_evals/MS20/mse20-complete-weighted/RBAC-violations-multiple/role_smallcomp_violations_0.25_1.wcnf.gz,123.69,517.65,95.97,3477.48,150.9,142.37,3600.0,75.63,152.58,155.53
3b160179b2d4cc13c96e9ec567924c87,ms_evals/MS20/mse20-complete-weighted/RBAC-violations-multiple/role_domino_violations_0.85_11.wcnf.gz,3600.0,3600.0,3600.0,3600.0,3600.0,3600.0,3600.0,3600.0,3600.0,3600.0
4a5a0acaacd22f9604b9d3de4861909d,ms_evals/MS20/mse20-complete-weighted/RBAC-violations-multiple/role_domino_violations_0.05_17.wcnf.gz,3600.0,3600.0,3600.0,3600.0,3600.0,3600.0,3600.0,3600.0,3600.0,3600.0
6095483ac3c4077c591ef61a1f36bb90,ms_evals/MS20/mse20-complete-weighted/RBAC-violations-multiple/role_smallcomp_multiple_0.5_6.wcnf.gz,3600.0,3600.0,3600.0,3600.0,3600.0,3600.0,3600.0,3600.0,3600.0,3600.0
83bc848e085366d4dcf6987684f54991,ms_evals/MS20/mse20-complete-weighted/RBAC-violations-multiple/role_smallcomp_violations_0.5_6.wcnf.gz,3600.0,1755.78,92.96,3600.0,2400.89,185.56,3600.0,1451.67,247.97,296.8
b6f1282f79bc15f86ba617c63db84de6,ms_evals/MS20/mse20-complete-weighted/RBAC-violations-multiple/role_smallcomp_violations_0.1_9.wcnf.gz,5.62,10.57,10.78,71.86,8.29,19.42,167.98,7.94,12.85,0.03
7534fb21ce18ca677feb39c3e7d3da86,ms_evals/MS20/mse20-complete-weighted/RBAC-violations-multiple/role_domino_violations_0.65_14.wcnf.gz,3600.0,3600.0,3600.0,3600.0,3600.0,3600.0,3600.0,3600.0,3600.0,3600.0
c32a45687fecea1f479b31dc9a8b31e0,ms_evals/MS20/mse20-complete-weighted/RBAC-violations-multiple/role_smallcomp_multiple_0.2_8.wcnf.gz,130.79,3600.0,69.88,3600.0,3347.85,48.15,3600.0,1722.79,108.03,2385.87
b28d453f8072836d327a260476220da6,ms_evals/MS20/mse20-complete-weighted/RBAC-violations-multiple/role_smallcomp_multiple_0.9_1.wcnf.gz,3600.0,3600.0,3600.0,3600.0,3600.0,3600.0,3600.0,3600.0,3600.0,3600.0
7cd0c459e5c01f222b96b532dec1f4d8,ms_evals/MS20/mse20-complete-weighted/RBAC-violations-multiple/role_domino_violations_0.8_7.wcnf.gz,3600.0,3600.0,3600.0,3600.0,3600.0,3600.0,3600.0,3600.0,3600.0,3600.0
dcbb373bf49fef0b037eb20b1f398fa1,ms_evals/MS20/mse20-complete-weighted/RBAC-violations-multiple/role_domino_multiple_0.4_3.wcnf.gz,3600.0,3600.0,3600.0,3600.0,3600.0,3600.0,3600.0,3600.0,3600.0,3600.0
eaedd1c86ec7e1bc7c622f9f2b2be7c7,ms_evals/MS20/mse20-complete-weighted/RBAC-violations-multiple/role_domino_violations_0.5_11.wcnf.gz,3600.0,3600.0,3600.0,3600.0,3600.0,3600.0,3600.0,3600.0,3600.0,3600.0
edc62b9706daa18b84a6b09faa401167,ms_evals/MS20/mse20-complete-weighted/RBAC-violations-multiple/role_smallcomp_multiple_0.9_8.wcnf.gz,117.94,3600.0,65.42,2153.61,3600.0,60.23,1483.83,141.02,191.29,3600.0
89dca6b1ed66b938f7d069d7534cb427,ms_evals/MS20/mse20-complete-weighted/RBAC-violations-multiple/role_domino_violations_0.15_15.wcnf.gz,3600.0,3600.0,3600.0,3600.0,3600.0,3600.0,3600.0,3600.0,3600.0,3600.0
868f910ad0fb53ad6dc2b33612145c49,ms_evals/MS20/mse20-complete-weighted/RBAC-violations-multiple/role_smallcomp_violations_0.3_1.wcnf.gz,124.67,578.08,98.77,3600.0,494.73,169.12,3600.0,182.39,174.74,285.16
24aabb127926c2fd7738741fb91ae197,ms_evals/MS20/mse20-complete-weighted/RBAC-violations-multiple/role_domino_multiple_0.6_7.wcnf.gz,3600.0,3600.0,3600.0,3600.0,3600.0,3600.0,3600.0,3600.0,3600.0,3600.0
606e130700ff4918622bfe474b6d6378,ms_evals/MS20/mse20-complete-weighted/RBAC-violations-multiple/role_domino_violations_0.35_9.wcnf.gz,3600.0,3600.0,3600.0,3600.0,3600.0,3600.0,3600.0,3600.0,3600.0,3600.0
7d70d6baf82af30f64c3b4e46023c644,ms_evals/MS20/mse20-complete-weighted/RBAC-violations-multiple/role_domino_multiple_0.4_0.wcnf.gz,3600.0,3600.0,3600.0,3600.0,3600.0,3600.0,3600.0,3600.0,3600.0,3600.0
05e4c841806fe6dd89c1de5bd96f50ad,ms_evals/MS20/mse20-complete-weighted/RBAC-violations-multiple/role_smallcomp_multiple_0.1_7.wcnf.gz,3600.0,3600.0,3600.0,3600.0,3600.0,3600.0,3600.0,3600.0,3600.0,3600.0
259e7a54b91f75603b7491788012096f,ms_evals/MS20/mse20-complete-weighted/scSequencing/simNo_8-s_5-m_100-n_500-fp_0.01-fn_0.05.wcnf.gz,3600.0,3600.0,3600.0,3600.0,3600.0,3600.0,3600.0,3600.0,3600.0,3600.0
75444d1023555e5250c197974cd8d608,ms_evals/MS20/mse20-complete-weighted/scSequencing/simNo_5-s_15-m_100-n_500-fp_0.0001-fn_0.05.wcnf.gz,330.91,3600.0,253.69,206.36,3600.0,122.5,3600.0,184.56,108.55,3600.0
2ba699d3d62ddc519afc6a14d9d385d0,ms_evals/MS20/mse20-complete-weighted/scSequencing/simNo_2-s_15-m_100-n_50-fp_0.01-fn_0.05.wcnf.gz,14.44,3600.0,6.82,4.02,749.54,3.8,3600.0,11.38,4.06,6.95
67eba0b489655c88479bac066739ff1e,ms_evals/MS20/mse20-complete-weighted/scSequencing/simNo_8-s_5-m_300-n_300-fp_0.0001-fn_0.05.wcnf.gz,3600.0,3600.0,3600.0,3600.0,3600.0,3600.0,3600.0,3600.0,3600.0,3600.0
faef77de80e790af22f477e79e497a21,ms_evals/MS20/mse20-complete-weighted/scSequencing/simNo_6-s_5-m_50-n_50-fp_0.01-fn_0.05.wcnf.gz,3.99,3600.0,2.03,1.43,2330.21,1.72,3600.0,3.02,1.58,3.8
884fecda3db9b2d65fe3832fc02da7ed,ms_evals/MS20/mse20-complete-weighted/scSequencing/simNo_1-s_5-m_300-n_300-fp_0.01-fn_0.05.wcnf.gz,3600.0,3600.0,3600.0,3600.0,3600.0,3600.0,3600.0,3600.0,3600.0,3600.0
ccbde043f3e304f35f7eb21379ce9f4a,ms_evals/MS20/mse20-complete-weighted/scSequencing/simNo_2-s_5-m_100-n_500-fp_0.0001-fn_0.05.wcnf.gz,3600.0,3600.0,3600.0,3600.0,3600.0,3600.0,3600.0,3600.0,3600.0,3600.0
41f43c85bb0577468b23d36c30b38318,ms_evals/MS20/mse20-complete-weighted/scSequencing/simNo_3-s_5-m_50-n_50-fp_0.0001-fn_0.20.wcnf.gz,4.17,3600.0,1.93,1.5,411.28,1.4,3600.0,3.04,1.37,8.29
92e7cfbd3f7b26b07d437785473217c1,ms_evals/MS20/mse20-complete-weighted/scSequencing/simNo_1-s_15-m_100-n_50-fp_0.01-fn_0.05.wcnf.gz,17.39,3600.0,8.11,5.52,3600.0,5.14,3600.0,11.73,5.89,9.37
eef3640794ed34feaf85a954b962a3f2,ms_evals/MS20/mse20-complete-weighted/scSequencing/simNo_10-s_5-m_100-n_100-fp_0.0001-fn_0.05.wcnf.gz,39.14,3600.0,22.2,12.57,1721.02,15.04,3600.0,25.06,14.98,3600.0
e0757ff2d41ba8f538dee43476c193cf,ms_evals/MS20/mse20-complete-weighted/scSequencing/simNo_4-s_5-m_50-n_50-fp_0.0001-fn_0.05.wcnf.gz,2.64,6.57,1.14,0.43,3.36,0.55,3600.0,2.56,0.5,1.38
476f918eb6c910acd3936894fd2c01ad,ms_evals/MS20/mse20-complete-weighted/scSequencing/simNo_7-s_15-m_100-n_100-fp_0.0001-fn_0.20.wcnf.gz,48.16,3600.0,28.13,25.26,3600.0,20.06,3600.0,29.51,19.04,93.17
0ca8c645428ef12d4a5a95d72d9f629b,ms_evals/MS20/mse20-complete-weighted/scSequencing/simNo_10-s_15-m_100-n_500-fp_0.0001-fn_0.20.wcnf.gz,645.64,3600.0,461.68,475.25,3600.0,468.1,3600.0,287.66,329.85,3600.0
4e5da798e3500f986cd2924f4649d7b5,ms_evals/MS20/mse20-complete-weighted/scSequencing/simNo_5-s_15-m_100-n_50-fp_0.01-fn_0.05.wcnf.gz,19.89,3600.0,9.35,6.77,3600.0,6.48,3600.0,12.46,10.05,10.99
4e0d3df57665e33803ee0649919fd9f6,ms_evals/MS20/mse20-complete-weighted/scSequencing/simNo_7-s_5-m_300-n_300-fp_0.0001-fn_0.05.wcnf.gz,3600.0,3600.0,3600.0,3600.0,3600.0,3600.0,3600.0,3600.0,3600.0,3600.0
471c46d31e5958ce24af155ed4d6a074,ms_evals/MS20/mse20-complete-weighted/scSequencing/simNo_6-s_5-m_100-n_50-fp_0.0001-fn_0.20.wcnf.gz,25.03,3600.0,13.54,11.36,3600.0,13.63,3600.0,14.37,11.9,52.97
f26436eb2cb07e050ee6a21cdb5b25dd,ms_evals/MS20/mse20-complete-weighted/scSequencing/simNo_1-s_5-m_100-n_50-fp_0.0001-fn_0.05.wcnf.gz,15.67,3172.34,7.98,5.39,154.01,4.81,3600.0,11.62,4.55,9.92
24134c38c4629a37dbf26ab86ac30a48,ms_evals/MS20/mse20-complete-weighted/scSequencing/simNo_10-s_15-m_50-n_50-fp_0.01-fn_0.20.wcnf.gz,4.24,3600.0,1.86,456.66,3600.0,1.19,3600.0,3.06,1.44,2.38
5961e86eea30d449c7262b571ab47791,ms_evals/MS20/mse20-complete-weighted/scSequencing/simNo_9-s_5-m_100-n_100-fp_0.0001-fn_0.05.wcnf.gz,48.87,3600.0,29.22,19.53,1682.94,20.06,3600.0,27.82,20.33,3600.0
7bd205c9eac1470fbe03cc178f1a219c,ms_evals/MS20/mse20-complete-weighted/scSequencing/simNo_1-s_5-m_100-n_100-fp_0.01-fn_0.20.wcnf.gz,3600.0,3600.0,3600.0,3600.0,3600.0,3600.0,3600.0,3600.0,3600.0,3600.0
4f20789cb20da7f698b53c8488f91f8f,ms_evals/MS20/mse20-complete-weighted/scSequencing/simNo_10-s_15-m_300-n_300-fp_0.0001-fn_0.20.wcnf.gz,3600.0,3600.0,3600.0,3600.0,3600.0,3600.0,3600.0,3600.0,3600.0,3600.0
1db312cc746254812422d576ab444cdc,ms_evals/MS20/mse20-complete-weighted/scSequencing/simNo_10-s_5-m_300-n_300-fp_0.0001-fn_0.05.wcnf.gz,3600.0,3600.0,3600.0,3600.0,3600.0,3600.0,3600.0,3600.0,3600.0,3600.0
cb83b1db2615cee16059a9460929def1,ms_evals/MS20/mse20-complete-weighted/scSequencing/simNo_6-s_15-m_50-n_50-fp_0.01-fn_0.05.wcnf.gz,3.42,3600.0,1.49,0.86,41.58,0.78,3600.0,2.78,0.82,1.7
d4695d1919ddb4915b6b3c21cc54ed09,ms_evals/MS20/mse20-complete-weighted/scSequencing/simNo_2-s_5-m_100-n_100-fp_0.01-fn_0.20.wcnf.gz,3600.0,3600.0,3600.0,3600.0,3600.0,3600.0,3600.0,3600.0,3600.0,3600.0
7f0e7ab12690bb479a5a30b9c976afdd,ms_evals/MS20/mse20-complete-weighted/scSequencing/simNo_9-s_5-m_100-n_50-fp_0.01-fn_0.05.wcnf.gz,21.47,3600.0,10.62,8.81,3600.0,9.95,3600.0,12.75,14.15,37.66
0b4ddb09b3619a7841bfeb8ee74d29a2,ms_evals/MS20/mse20-complete-weighted/scSequencing/simNo_8-s_5-m_50-n_50-fp_0.01-fn_0.20.wcnf.gz,19.56,3600.0,5.58,3600.0,3600.0,1987.22,3600.0,22.31,2790.08,25.93
4688b0fcea482f36899992b5ec486875,ms_evals/MS20/mse20-complete-weighted/scSequencing/simNo_8-s_15-m_100-n_500-fp_0.0001-fn_0.20.wcnf.gz,606.22,3600.0,449.29,576.21,3600.0,485.91,3600.0,278.33,447.26,3600.0
6f74d747f49befd90154e931e27f9687,ms_evals/MS20/mse20-complete-weighted/scSequencing/simNo_9-s_15-m_100-n_100-fp_0.0001-fn_0.20.wcnf.gz,49.07,3600.0,29.2,25.84,3600.0,21.63,3600.0,29.25,20.78,62.51
224e063855f699a81a511b98fe8c5147,ms_evals/MS20/mse20-complete-weighted/scSequencing/simNo_3-s_5-m_300-n_300-fp_0.0001-fn_0.05.wcnf.gz,3600.0,3600.0,3600.0,3600.0,3600.0,3600.0,3600.0,3600.0,3600.0,3600.0
730e45a3193207f00bd5c49398fd69dd,ms_evals/MS20/mse20-complete-weighted/scSequencing/simNo_3-s_15-m_100-n_500-fp_0.01-fn_0.05.wcnf.gz,3600.0,3600.0,566.12,3600.0,3600.0,3600.0,3600.0,3600.0,3600.0,3600.0
43c1973119675bedbb40171e1a5c1d3e,ms_evals/MS20/mse20-complete-weighted/frb/frb35-17-1.wcnf.gz,3.51,26.92,3.82,3600.0,13.98,3600.0,3600.0,1.95,3600.0,8.97
26a2177c107e895ae6fb3e1df3fb44bb,ms_evals/MS20/mse20-complete-weighted/frb/frb25-13-2.wcnf.gz,0.65,0.69,0.24,3600.0,1.67,3600.0,3600.0,0.56,3600.0,0.08
a5fe876ac0c4c2dc71cef8020c7b27ec,ms_evals/MS20/mse20-complete-weighted/frb/frb30-15-1.wcnf.gz,2.25,3.84,8.06,3600.0,8.98,3600.0,3600.0,2.28,3600.0,113.11
5228befbc2606466e431ead441f00ac2,ms_evals/MS20/mse20-complete-weighted/frb/frb35-17-3.wcnf.gz,9.64,9.63,22.72,3600.0,14.61,3600.0,3600.0,5.3,3600.0,123.84
8d82b423ef1ee9d046d3b3cbe1defd12,ms_evals/MS20/mse20-complete-weighted/frb/frb15-9-5.wcnf.gz,0.41,0.07,0.11,1186.07,0.06,0.64,401.69,0.49,0.02,0.02
1757d1cd2251cb120fa3e269fa779c37,ms_evals/MS20/mse20-complete-weighted/frb/frb15-9-4.wcnf.gz,0.23,0.08,0.02,316.81,0.05,0.78,220.37,0.22,0.08,0.17
b5c413ccb06b89486f881e6a315b519b,ms_evals/MS20/mse20-complete-weighted/frb/frb25-13-5.wcnf.gz,0.9,1.61,0.4,3600.0,5.36,3600.0,3600.0,0.58,3600.0,102.05
f18dd17fea25d13db0e7f70116109148,ms_evals/MS20/mse20-complete-weighted/frb/frb30-15-4.wcnf.gz,1.89,4.12,0.8,3600.0,10.02,3600.0,3600.0,1.05,3600.0,116.82
bf90a020e7c621c04804534b982cfac8,ms_evals/MS20/mse20-complete-weighted/frb/frb20-11-5.wcnf.gz,0.33,0.23,0.07,3600.0,0.21,19.11,3600.0,0.32,631.47,5.56
299ed05f7b19f79cebff6547e38e7c82,ms_evals/MS20/mse20-complete-weighted/frb/frb40-19-5.wcnf.gz,114.4,274.6,385.38,3600.0,310.19,3600.0,3600.0,143.0,3600.0,108.82
d79e2e0e200066bf6e8a6154cc99b0e0,ms_evals/MS20/mse20-complete-weighted/frb/frb10-6-1.wcnf.gz,0.11,0.01,0.02,0.27,0.02,0.01,0.02,0.11,0.01,0.01
f5881daf86521d307015e456ba562447,ms_evals/MS20/mse20-complete-weighted/tcp/tcp_students_98_it_7.wcnf.gz,4.92,10.83,1.73,5.3,23.73,2.69,60.09,3.95,2.17,14.88
ad72aab785063af34bb18a83d65599cf,ms_evals/MS20/mse20-complete-weighted/tcp/tcp_students_98_it_5.wcnf.gz,2.64,0.17,0.6,1.04,0.43,0.21,1.65,2.45,0.2,1.46
1ff94efc27c8dd72136bd576aac5dae6,ms_evals/MS20/mse20-complete-weighted/tcp/tcp_students_112_it_6.wcnf.gz,145.82,216.86,138.36,926.66,236.45,224.56,1133.93,53.14,317.63,1205.23
60c4bcd6f57d5947db8b4722d4a9082b,ms_evals/MS20/mse20-complete-weighted/tcp/tcp_students_98_it_4.wcnf.gz,14.61,6.27,3.96,57.57,12.04,6.68,73.49,6.52,10.27,247.77
37454fad9811f402fcab884c0c299e2d,ms_evals/MS20/mse20-complete-weighted/tcp/tcp_students_98_it_1.wcnf.gz,5.05,4.79,1.96,5.15,5.63,1.8,13.05,3.69,0.99,87.67
e7dda2948ff95d4fee42fae594cf767c,ms_evals/MS20/mse20-complete-weighted/tcp/tcp_students_91_it_12.wcnf.gz,6.04,2.74,2.3,4.43,8.37,1.27,17.37,3.45,1.15,171.69
49d93d32958c8bcf424ad7edd154e9ed,ms_evals/MS20/mse20-complete-weighted/tcp/tcp_students_105_it_10.wcnf.gz,2.95,0.13,0.53,0.94,0.18,0.17,1.53,2.95,0.17,0.36
dabd6100bb0f268090f54b76b02908bd,ms_evals/MS20/mse20-complete-weighted/tcp/tcp_students_105_it_6.wcnf.gz,3600.0,414.15,3563.7,3600.0,1164.5,3600.0,3600.0,2701.9,3600.0,2769.5
ccd5d1bc378fef6e24c1491f496d4d02,ms_evals/MS20/mse20-complete-weighted/tcp/tcp_students_91_it_11.wcnf.gz,6.0,4.26,1.85,7.59,6.12,1.94,28.89,3.66,1.49,15.36
2367b02dccb7346b3b8c3c3a152066a3,ms_evals/MS20/mse20-complete-weighted/tcp/tcp_students_112_it_1.wcnf.gz,14.69,13.68,5.63,30.06,24.59,15.18,134.72,8.69,9.01,102.24
00a1a78381f45936763c3c8b799f6715,ms_evals/MS20/mse20-complete-weighted/tcp/tcp_students_105_it_12.wcnf.gz,3.8,0.92,1.03,1.77,2.19,0.48,3.77,3.18,0.52,2.73
9526c0a6261fecbe422397600a198e5a,ms_evals/MS20/mse20-complete-weighted/min-width/MinWidthCB_mitdbsample_300_64_1k_15s_2t_15.wcnf.gz,3600.0,3600.0,3600.0,3600.0,3600.0,3600.0,3600.0,3600.0,3600.0,3600.0
46fad22e78251c010ea2ff5dd02da3bb,ms_evals/MS20/mse20-complete-weighted/min-width/MinWidthCB_mitdbsample_100_43_1k_2s_2t_4.wcnf.gz,3600.0,3600.0,3600.0,3600.0,3600.0,3600.0,3600.0,3600.0,3600.0,3600.0
5fd43ef9a8a4e5a101d162966e2c23f0,ms_evals/MS20/mse20-complete-weighted/min-width/MinWidthCB_milan_100_12_1k_2s_1t_4.wcnf.gz,0.53,2.17,0.29,128.99,0.96,7.49,234.09,0.33,13.71,0.51
96ecd418d2d7fff953e9f8690887b881,ms_evals/MS20/mse20-complete-weighted/min-width/MinWidthCB_mitdbsample_300_64_1k_6s_2t_6.wcnf.gz,3600.0,3600.0,3600.0,3600.0,3600.0,3600.0,3600.0,3600.0,3600.0,3600.0
5bcc53ea42c762ba74f22712e74236bc,ms_evals/MS20/mse20-complete-weighted/min-width/MinWidthCB_mitdbsample_200_32_1k_10s_2t_12.wcnf.gz,3600.0,3600.0,3600.0,3600.0,3600.0,3600.0,3600.0,3600.0,3600.0,3600.0
2478bfc753b099f2ff177bcac6863b3c,ms_evals/MS20/mse20-complete-weighted/min-width/MinWidthCB_mitdbsample_300_43_1k_6s_2t_8.wcnf.gz,3600.0,3600.0,3600.0,3600.0,3600.0,3600.0,3600.0,3600.0,3600.0,3600.0
be9ee518a440b7c7036b155a11b09e7a,ms_evals/MS20/mse20-complete-weighted/min-width/MinWidthCB_mitdbsample_100_64_1k_5s_3t_5.wcnf.gz,3600.0,238.03,3600.0,3600.0,235.94,3600.0,3600.0,3600.0,3600.0,3600.0
6dea89a83a63adb33fb49a4d1114a828,ms_evals/MS20/mse20-complete-weighted/min-width/MinWidthCB_mitdbsample_200_64_1k_2s_2t_2.wcnf.gz,3600.0,81.4,3600.0,3600.0,84.18,3600.0,3600.0,3600.0,3600.0,3600.0
25ec7cf118dd4247bf0fd7d2355780c1,ms_evals/MS20/mse20-complete-weighted/min-width/MinWidthCB_mitdbsample_200_32_1k_10s_2t_10.wcnf.gz,3600.0,2107.04,3600.0,3600.0,3565.18,3600.0,3600.0,3600.0,3600.0,3600.0
69ebdf1c6f438fac65b03fd9f478ec70,ms_evals/MS20/mse20-complete-weighted/min-width/MinWidthCB_mitdbsample_100_64_1k_1s_2t_1.wcnf.gz,13.49,2.16,10.69,3600.0,1.77,3600.0,3600.0,38.19,3600.0,3600.0
76d83d658f6dcdc4066dabd0e99874d3,ms_evals/MS20/mse20-complete-weighted/min-width/MinWidthCB_power_200_24_1k_4s_2t_4.wcnf.gz,3.52,7.57,0.64,9.56,2.93,0.37,14.1,3.91,0.45,20.8
3d9f8ebddf21455f71713c216516027f,ms_evals/MS20/mse20-complete-weighted/min-width/MinWidthCB_power_200_24_1k_10s_2t_10.wcnf.gz,3600.0,3600.0,3600.0,3600.0,3600.0,3600.0,3600.0,3600.0,3600.0,3600.0
efe957d95e247d22aa7190a41b41de33,ms_evals/MS20/mse20-complete-weighted/min-width/MinWidthCB_power_600_24_1k_30s_2t_30.wcnf.gz,3600.0,3600.0,3600.0,3600.0,3600.0,3600.0,3600.0,3600.0,3600.0,3600.0
91039769e9ec33be9eef14a4b9e94afa,ms_evals/MS20/mse20-complete-weighted/min-width/MinWidthCB_milan_200_12_1k_4s_1t_4.wcnf.gz,0.46,1.26,0.19,0.5,0.61,0.07,0.66,0.21,0.07,0.19
d93d1cddeff963cab5286b46ce50b3af,ms_evals/MS20/mse20-complete-weighted/min-width/MinWidthCB_mitdbsample_300_64_1k_3s_3t_3.wcnf.gz,3600.0,3600.0,3600.0,3600.0,3600.0,3600.0,3600.0,3600.0,3600.0,3600.0
118647b8a629016299680a67967d5e7c,ms_evals/MS20/mse20-complete-weighted/min-width/MinWidthCB_power_600_24_1k_30s_1t_32.wcnf.gz,3600.0,3600.0,3600.0,3600.0,3600.0,3600.0,3600.0,3600.0,3600.0,3600.0
9c67e1f9477b8620123a6b64ab3f25a9,ms_evals/MS20/mse20-complete-weighted/min-width/MinWidthCB_power_200_24_1k_2s_2t_4.wcnf.gz,3.55,9.14,0.61,15.61,2.88,0.43,22.6,9.79,0.43,17.15
23ad3fddbf3ee2b653a4a7b559319352,ms_evals/MS20/mse20-complete-weighted/min-width/MinWidthCB_mitdbsample_200_64_1k_2s_3t_2.wcnf.gz,3600.0,124.71,3600.0,3600.0,165.95,3600.0,3600.0,3600.0,3600.0,3600.0
c37cd856c69e8b1ae9979b0285aea35e,ms_evals/MS20/mse20-complete-weighted/BTBNSL/Rounded_BTWBNSL_Horse.BIC_TWBound_3.wcnf.gz,3600.0,3600.0,3600.0,3600.0,3600.0,3600.0,3600.0,3600.0,3600.0,1230.11
9b78cd59465945796b0800ff29c6ea07,ms_evals/MS20/mse20-complete-weighted/BTBNSL/Rounded_BTWBNSL_Horse.BIC_TWBound_2.wcnf.gz,3600.0,2679.7,3600.0,3600.0,3259.76,3600.0,3600.0,3600.0,3600.0,1292.51
4af3fc3687bb22fbddc7142952f088a6,ms_evals/MS20/mse20-complete-weighted/BTBNSL/Rounded_BTWBNSL_Water_1000_1_2.scores_TWBound_3.wcnf.gz,3600.0,526.37,3600.0,3600.0,400.49,3600.0,3600.0,3600.0,3600.0,348.66
22a6e529de030b0300959b42433cfd62,ms_evals/MS20/mse20-complete-weighted/BTBNSL/Rounded_BTWBNSL_Abalone_TWBound_3.wcnf.gz,3600.0,3600.0,3600.0,3600.0,3600.0,3600.0,3600.0,3600.0,3600.0,972.15
b9cababe2185e90aca4f74219bbbf180,ms_evals/MS20/mse20-complete-weighted/BTBNSL/Rounded_BTWBNSL_Voting_TWBound_4.wcnf.gz,3600.0,3600.0,3600.0,3600.0,3600.0,3600.0,3600.0,3600.0,3600.0,3600.0
1f6ead6b9aeadd1213f746fd093e035f,ms_evals/MS20/mse20-complete-weighted/BTBNSL/Rounded_BTWBNSL_asia_100_1_3.scores_TWBound_4.wcnf.gz,0.18,0.17,0.03,0.2,0.2,0.02,0.4,0.17,0.02,0.11
3e71614d6e601b44437710df520b674f,ms_evals/MS20/mse20-complete-weighted/BTBNSL/Rounded_BTWBNSL_alarm_100_1_3.scores_TWBound_4.wcnf.gz,3600.0,3600.0,3600.0,3600.0,3600.0,3600.0,3600.0,3600.0,3600.0,3600.0
788f86f1c1e1ff507f84fb004f92f224,ms_evals/MS20/mse20-complete-weighted/BTBNSL/Rounded_BTWBNSL_AbaloneTWBound_4.wcnf.gz,3600.0,3600.0,3600.0,3600.0,3600.0,3600.0,3600.0,3600.0,3600.0,1029.31
6ddf6956cac1f50e3a6c33448e2d1261,ms_evals/MS20/mse20-complete-weighted/BTBNSL/Rounded_BTWBNSL_Zoo_TWBound_4.wcnf.gz,15.2,10.89,16.48,1708.84,5.01,10.44,3030.79,3292.98,8.94,98.43
926685bf87f224aa38f8de3b43607f90,ms_evals/MS20/mse20-complete-weighted/mpe/random-net-80-1_network-6.net.wcnf.gz,5.97,39.39,0.62,3600.0,16.83,736.97,3600.0,15.17,3600.0,0.23
1e1ead3d167134cd1fcb2a279ae08734,ms_evals/MS20/mse20-complete-weighted/mpe/random-net-280-1_network-1.net.wcnf.gz,37.38,3600.0,3600.0,3600.0,1484.67,3600.0,3600.0,186.71,204.59,11.48
d3dbc9a19b08a0e9b52f059f98f939a4,ms_evals/MS20/mse20-complete-weighted/mpe/random-net-220-1_network-6.net.wcnf.gz,18.74,737.14,3.94,3600.0,1538.88,92.44,3600.0,87.92,3600.0,6.11
f1a00b402cc5339c690955968e77ae73,ms_evals/MS20/mse20-complete-weighted/mpe/random-net-40-2_network-8.net.wcnf.gz,46.09,17.8,3600.0,11.87,8.35,3600.0,163.53,71.0,3600.0,32.15
8b47887ccbf0c4b2ed93b80387eb8178,ms_evals/MS20/mse20-complete-weighted/mpe/random-net-240-1_network-7.net.wcnf.gz,28.15,171.94,4.99,3600.0,282.25,3600.0,3600.0,386.42,3600.0,6.73
05c633a42570eb212e19cd00f7e04303,ms_evals/MS20/mse20-complete-weighted/mpe/random-net-50-5_network-5.net.wcnf.gz,3600.0,1116.76,3600.0,3600.0,1524.23,3600.0,3600.0,3600.0,3600.0,3600.0
39bb62454cb3f14d848d66df5e4e569c,ms_evals/MS20/mse20-complete-weighted/mpe/random-net-60-3_network-2.net.wcnf.gz,432.87,3600.0,3600.0,3600.0,94.34,3600.0,3600.0,156.69,3600.0,217.05
a7a421573435004dc34c6d32805e4d34,ms_evals/MS20/mse20-complete-weighted/mpe/random-net-20-5_network-3.net.wcnf.gz,3600.0,29.95,3600.0,3600.0,33.13,2993.9,3600.0,3600.0,3600.0,549.08
4bc637eb6174464cf4ef6fabcc0eeaa0,ms_evals/MS20/mse20-complete-weighted/mpe/random-net-20-6_network-2.net.wcnf.gz,1.76,4.32,7.41,0.82,2.57,15.66,0.73,31.4,269.72,0.91
5041a2ec4f5a506c44214ac77191dd56,ms_evals/MS20/mse20-complete-weighted/mpe/random-net-140-1_network-1.net.wcnf.gz,16.21,615.08,2.22,3600.0,336.44,3600.0,3600.0,337.18,3600.0,0.76
6b865b3aa14738102e228c4a052e2e4c,ms_evals/MS20/mse20-complete-weighted/mpe/random-net-50-4_network-5.net.wcnf.gz,3600.0,3600.0,3600.0,3600.0,49.48,3600.0,3600.0,3600.0,3600.0,1056.61
bf08ecae07df3a77d80e298d79f5ede4,ms_evals/MS20/mse20-complete-weighted/mpe/random-net-220-1_network-4.net.wcnf.gz,27.39,3600.0,3.61,3600.0,190.45,3600.0,3600.0,82.91,3600.0,5.86
aea2e68f7c797cc7e444948f945b5b0e,ms_evals/MS20/mse20-complete-weighted/mpe/random-net-20-6_network-4.net.wcnf.gz,37.29,7.02,1.49,21.4,2.82,18.33,69.48,10.3,16.33,3.76
a4b4290a3a72433438ff800cffdb8657,ms_evals/MS20/mse20-complete-weighted/staff-scheduling/instance5.wcnf.gz,3600.0,3600.0,3600.0,3600.0,3600.0,3600.0,3600.0,3600.0,3600.0,3600.0
6c30a756f6e657222caf23960a6d869e,ms_evals/MS20/mse20-complete-weighted/staff-scheduling/instance12.wcnf.gz,3600.0,3600.0,3600.0,3600.0,3600.0,3600.0,3600.0,3600.0,3600.0,3600.0
1cdf581be351b306c301fa401dc59e4b,ms_evals/MS20/mse20-complete-weighted/staff-scheduling/instance4.wcnf.gz,3600.0,2718.39,3600.0,3600.0,2589.39,3600.0,3600.0,3600.0,3600.0,3600.0
85e2266b47180a3aaf47da7ecad0e98d,ms_evals/MS20/mse20-complete-weighted/staff-scheduling/instance10.wcnf.gz,3600.0,3600.0,3600.0,3600.0,3600.0,3600.0,3600.0,3600.0,3600.0,3600.0
801baeeeca67651bbafa359146de6282,ms_evals/MS20/mse20-complete-weighted/staff-scheduling/instance6.wcnf.gz,3600.0,3600.0,3600.0,3600.0,3600.0,3600.0,3600.0,3600.0,3600.0,3600.0
4fd740aacb62ade1ce0533d085921bbb,ms_evals/MS20/mse20-complete-weighted/staff-scheduling/instance11.wcnf.gz,3600.0,3600.0,3600.0,3600.0,3600.0,3600.0,3600.0,3600.0,3600.0,3600.0
55a3feaba9504fa559b27f9de00a1242,ms_evals/MS20/mse20-complete-weighted/staff-scheduling/instance7.wcnf.gz,3600.0,3600.0,3600.0,3600.0,3600.0,3600.0,3600.0,3600.0,3600.0,3600.0
b84af991183c740e291dcb278e30898c,ms_evals/MS20/mse20-complete-weighted/staff-scheduling/instance2.wcnf.gz,3600.0,1354.99,1510.76,3600.0,1839.95,2071.93,3600.0,3600.0,3600.0,3600.0
a358422334ecff3d68f76cb4b407d968,ms_evals/MS20/mse20-complete-weighted/staff-scheduling/instance3.wcnf.gz,3600.0,3600.0,3600.0,3600.0,3600.0,3600.0,3600.0,3600.0,3563.1,3600.0
aabd00400139b816eff5b73816ae92b9,ms_evals/MS20/mse20-complete-weighted/staff-scheduling/instance8.wcnf.gz,3600.0,3600.0,3600.0,3600.0,3600.0,3600.0,3600.0,3600.0,3600.0,3600.0
430cbb01c9b78b15ecfaad5f8b37c651,ms_evals/MS20/mse20-complete-weighted/staff-scheduling/instance1.wcnf.gz,0.3,0.11,0.15,0.61,0.2,0.11,1.04,0.24,0.07,0.76
f5b3b7a814f34a4379ff25d5d86b602a,ms_evals/MS20/mse20-complete-weighted/staff-scheduling/instance9.wcnf.gz,3600.0,3600.0,3600.0,3600.0,3600.0,3600.0,3600.0,3600.0,3600.0,3600.0
36d0ddc7617d00d0d80530a020d2e4cf,ms_evals/MS20/mse20-complete-weighted/preference_planning/WCNF_pathways_p05.wcnf.gz,0.64,0.2,0.24,0.59,0.23,0.21,1.34,0.66,0.2,0.49
6939f7a6d07530f1a80c80d6ecd24dbb,ms_evals/MS20/mse20-complete-weighted/preference_planning/WCNF_pathways_p14.wcnf.gz,0.97,0.26,0.4,5.74,0.34,0.35,11.21,0.88,0.26,0.62
ee444602539e1567ef6828e7230f0bf4,ms_evals/MS20/mse20-complete-weighted/preference_planning/WCNF_pathways_p16.wcnf.gz,145.31,59.61,46.41,3600.0,152.85,240.48,3600.0,371.12,363.35,358.45
ea8cd30a02a791f369446f1071a6036c,ms_evals/MS20/mse20-complete-weighted/preference_planning/WCNF_storage_p02.wcnf.gz,0.92,0.28,0.35,1.89,0.18,0.22,2.7,0.58,0.28,0.76
f4226f47102f35903d11b0151a5a77e9,ms_evals/MS20/mse20-complete-weighted/preference_planning/WCNF_storage_p03.wcnf.gz,18.84,3.92,8.83,272.58,6.17,9.77,1199.49,14.64,7.89,27.45
c63406738980e0329061a99af74dbe66,ms_evals/MS20/mse20-complete-weighted/preference_planning/WCNF_pathways_p12.wcnf.gz,0.97,0.42,0.37,5.83,0.24,0.34,7.64,1.07,0.33,0.45
8e295e49dca7b0ddbe956206bcde4034,ms_evals/MS20/mse20-complete-weighted/preference_planning/WCNF_pathways_p02.wcnf.gz,0.17,0.01,0.02,0.02,0.01,0.02,0.02,0.17,0.02,0.03
15d882f3a46e93dba1b157d9b9c6ccb2,ms_evals/MS20/mse20-complete-weighted/preference_planning/WCNF_storage_p07.wcnf.gz,10.47,7.11,7.35,374.92,22.59,9.07,694.87,7.28,123.39,53.25
01881f945114358e9ac9b5c36c1d40fd,ms_evals/MS20/mse20-complete-weighted/preference_planning/WCNF_pathways_p03.wcnf.gz,0.24,0.02,0.04,0.04,0.01,0.03,0.06,0.24,0.03,0.06
0827c65f126af12e2443c3962e8d5ce8,ms_evals/MS20/mse20-complete-weighted/preference_planning/WCNF_storage_p05.wcnf.gz,1.65,0.46,0.76,5.16,0.61,0.37,6.63,1.2,0.52,4.0
43232ddc56422bbe241620ccc3e05b4d,ms_evals/MS20/mse20-complete-weighted/preference_planning/WCNF_pathways_p08.wcnf.gz,5.54,3.45,5.81,72.74,4.19,4.38,274.3,3.3,3.79,3.87
0a78d37380e631a877fd0ce9466e47ef,ms_evals/MS20/mse20-complete-weighted/preference_planning/WCNF_pathways_p18.wcnf.gz,0.98,0.18,0.36,2.95,0.25,0.23,4.0,0.92,0.23,0.49
c09f5935412939b962cb8afeda41feb3,ms_evals/MS20/mse20-complete-weighted/preference_planning/WCNF_storage_p04.wcnf.gz,1.17,0.29,0.65,9.3,0.21,0.52,7.25,0.8,0.42,1.84
111d3323f22b1a44b613b78c35279f34,ms_evals/MS20/mse20-complete-weighted/railroad_sc/rail516.wcnf.gz,3600.0,3600.0,3600.0,3600.0,3600.0,3600.0,3600.0,3600.0,3600.0,72.49
8ae475de527f66116b203f7b70c73988,ms_evals/MS20/mse20-complete-weighted/railroad_sc/rail507.wcnf.gz,3600.0,3600.0,3600.0,3600.0,3600.0,3600.0,3600.0,3600.0,3600.0,940.63
1d1e713e9a24686335fc8994c573e9f3,ms_evals/MS20/mse20-complete-weighted/railroad_sc/rail2536.wcnf.gz,3600.0,3600.0,3600.0,3600.0,3600.0,3600.0,3600.0,3600.0,3600.0,2423.51
38cc273f22bde72a1d97930c807ea013,ms_evals/MS20/mse20-complete-weighted/railroad_sc/rail582.wcnf.gz,3600.0,3600.0,3600.0,3600.0,3600.0,3600.0,3600.0,3600.0,3600.0,60.33
f15c993d5534561f9a242d70e1c8333c,ms_evals/MS20/mse20-complete-weighted/railroad_sc/rail4872.wcnf.gz,3600.0,3600.0,3600.0,3600.0,3600.0,3600.0,3600.0,3600.0,3600.0,3600.0
b8c4ef0511b9098822ee71f6abcfbf62,ms_evals/MS20/mse20-complete-weighted/railroad_sc/rail4284.wcnf.gz,3600.0,3600.0,3600.0,3600.0,3600.0,3600.0,3600.0,3600.0,3600.0,3600.0
af1a820f95c3b089f5123f1aebbc81d7,ms_evals/MS20/mse20-complete-weighted/rna-alignment/random-same-17.rna.pre.wcnf.gz,0.43,0.51,0.16,3600.0,0.34,1.22,3600.0,0.43,2.08,0.32
9df98c54867bf7f9f2b684a98e1d9a27,ms_evals/MS20/mse20-complete-weighted/rna-alignment/k100-3-96.rna.pre.wcnf.gz,22.77,336.87,36.71,3600.0,183.33,3600.0,3600.0,22.32,3600.0,189.47
b7cdc74b139309fbae658b23294247af,ms_evals/MS20/mse20-complete-weighted/rna-alignment/k50-21-38.rna.pre.wcnf.gz,1.45,1.82,0.63,3600.0,2.12,14.72,3600.0,1.43,125.24,3.19
fb4648b95c37e454e7586955d9b581f6,ms_evals/MS20/mse20-complete-weighted/rna-alignment/random-same-24.rna.pre.wcnf.gz,0.36,0.32,0.07,1058.59,0.24,0.35,1272.29,0.35,0.62,0.19
feba89b89d06f7bcdbad0ef6c18c83eb,ms_evals/MS20/mse20-complete-weighted/rna-alignment/k50-67-90.rna.pre.wcnf.gz,1.42,2.75,0.55,3600.0,2.5,23.87,3600.0,1.35,161.35,4.08
76168ac2711ae4bd453072b6e4c4ed38,ms_evals/MS20/mse20-complete-weighted/rna-alignment/random-same-3.rna.pre.wcnf.gz,1.15,2.46,0.44,3600.0,2.49,24.4,3600.0,1.17,76.12,4.95
b44e3f67a4e1b8b4a869de1dec6e9e6a,ms_evals/MS20/mse20-complete-weighted/rna-alignment/random-dif-12.rna.pre.wcnf.gz,0.68,3.53,0.35,3600.0,1.51,64.54,3600.0,0.68,361.08,6.34
b51ad08ddc17020a772047011d52ba9e,ms_evals/MS20/mse20-complete-weighted/rna-alignment/k50-17-24.rna.pre.wcnf.gz,1.19,1.44,0.47,3600.0,1.06,7.34,3600.0,1.19,34.29,1.67
71c2f89d1d688bf461493cecf99042c5,ms_evals/MS20/mse20-complete-weighted/drmx-atmostk/drmx-am24-outof-55-emtot-w.wcnf.gz,10.16,0.2,0.99,929.14,0.19,385.71,1408.35,14.02,127.23,108.82
af6199dc0672ac0164088b0729925aa8,ms_evals/MS20/mse20-complete-weighted/drmx-atmostk/drmx-am24-outof-55-esortn-w.wcnf.gz,22.86,6.67,26.59,3600.0,3.53,547.24,3600.0,27.21,168.23,30.39
50bb0c456724eed288fb48a0c6ab71f3,ms_evals/MS20/mse20-complete-weighted/drmx-atmostk/drmx-am28-outof-60-ecardn-w.wcnf.gz,63.07,1.24,44.3,3600.0,2.15,1097.04,3600.0,72.12,349.5,75.59
6f7f01fde606d51202548bf3d593fac6,ms_evals/MS20/mse20-complete-weighted/drmx-atmostk/drmx-am12-outof-40-esortn-w.wcnf.gz,4.57,0.36,53.11,89.1,0.52,6.57,163.62,4.88,2.51,1.35
f1850f267abe911aaf90cf553b41c7b5,ms_evals/MS20/mse20-complete-weighted/drmx-atmostk/drmx-am24-outof-55-eseqc-w.wcnf.gz,1.48,0.19,1.55,226.24,0.16,109.53,213.26,2.57,47.37,5.38
3dc363205d4dad557d03e72068243d3f,ms_evals/MS20/mse20-complete-weighted/drmx-atmostk/drmx-am12-outof-40-ecardn-w.wcnf.gz,3.58,0.38,2.41,867.93,0.42,5.35,1142.07,4.0,2.24,1.1
d6eaf3ad4d7412bd403d26e3990a425c,ms_evals/MS20/mse20-complete-weighted/drmx-atmostk/drmx-am24-outof-55-ecardn-w.wcnf.gz,20.49,6.87,56.88,3600.0,5.71,310.04,3600.0,25.56,169.3,34.55
0bdece43410db765fff8fe6e2f08d750,ms_evals/MS20/mse20-complete-weighted/drmx-atmostk/drmx-am12-outof-40-emtot-w.wcnf.gz,0.87,0.02,0.38,8.68,0.03,1.91,19.83,1.35,13.56,20.39
5f8e8d1a5acc17ed511f57e5919ee5ea,ms_evals/MS20/mse20-complete-weighted/auctions/cat_paths_60_110_0002.txt.wcnf.gz,0.24,0.12,0.02,0.32,9.19,0.02,0.25,3.13,0.03,0.04
a97bea3a902fbfc702cbf0d47f24aa59,ms_evals/MS20/mse20-complete-weighted/auctions/cat_reg_60_230_0004.txt.wcnf.gz,3600.0,16.31,711.33,3600.0,22.74,138.04,3600.0,3600.0,671.56,0.6
380a8b1116d6940eae8dc7cb6e855dde,ms_evals/MS20/mse20-complete-weighted/auctions/cat_paths_60_110_0007.txt.wcnf.gz,0.45,0.18,0.04,4.09,12.04,0.07,4.67,6.39,0.11,0.04
14465dc5c614a79151470100d0032a81,ms_evals/MS20/mse20-complete-weighted/auctions/cat_paths_60_80_0003.txt.wcnf.gz,0.13,0.03,0.01,0.08,1.11,0.02,0.14,0.13,0.01,0.03
82d56845f2095cdfdb516c803c948bb2,ms_evals/MS20/mse20-complete-weighted/auctions/cat_reg_60_160_0004.txt.wcnf.gz,1586.84,8.84,10.74,3600.0,4.34,15.79,3600.0,1916.46,17.36,0.52
0ba1fcbcb120c066dd32c020d3850e02,ms_evals/MS20/mse20-complete-weighted/auctions/cat_reg_60_210_0004.txt.wcnf.gz,3600.0,18.84,585.92,3600.0,10.81,241.43,3600.0,3600.0,757.94,0.94
bf623b70b2641cdf190b56abeec3f515,ms_evals/MS20/mse20-complete-weighted/auctions/cat_reg_60_160_0005.txt.wcnf.gz,755.11,6.78,17.24,3600.0,6.78,24.98,3600.0,1227.6,27.29,0.3
69dadd067c9eb93080b9de26b5b140a1,ms_evals/MS20/mse20-complete-weighted/auctions/cat_reg_60_220_0005.txt.wcnf.gz,3600.0,55.53,69.42,3600.0,36.89,54.17,3600.0,3600.0,196.61,0.64
81b586ec75dd436fcaba4f178894a1d4,ms_evals/MS20/mse20-complete-weighted/auctions/cat_paths_60_150_0003.txt.wcnf.gz,155.22,16.3,0.16,497.59,1492.26,2.91,217.97,772.34,4.82,0.87
cefcb4c2adb6cd05e593a14bacaa0bac,ms_evals/MS20/mse20-complete-weighted/auctions/cat_sched_60_180_0005.txt.wcnf.gz,0.19,0.11,0.02,0.19,2.32,0.02,0.66,0.18,0.05,0.13
ec76ec2f92be398b1ec3074ca6e1c939,ms_evals/MS20/mse20-complete-weighted/auctions/cat_paths_60_170_0000.txt.wcnf.gz,3600.0,20.44,1.72,1597.55,3600.0,17.14,3021.22,3600.0,12.52,2.4
43febc547442e403844a88f3a9ddd651,ms_evals/MS20/mse20-complete-weighted/auctions/cat_reg_60_220_0003.txt.wcnf.gz,3600.0,60.13,754.84,3600.0,35.59,212.62,3600.0,3600.0,392.47,0.8
ad1a92e1223237e661f309448b4c8a65,ms_evals/MS20/mse20-complete-weighted/auctions/cat_reg_60_110_0005.txt.wcnf.gz,66.78,1.04,1.53,3600.0,1.0,3.13,3600.0,152.81,2.51,0.1
16644bae0d3439ffbc8ecdb884e05757,ms_evals/MS20/mse20-complete-weighted/auctions/cat_reg_60_210_0005.txt.wcnf.gz,3600.0,89.86,671.99,3600.0,25.35,237.15,3600.0,3600.0,612.49,0.63
2493477d2bb15bb039f428e1cb8565a5,ms_evals/MS20/mse20-complete-weighted/auctions/cat_reg_60_120_0003.txt.wcnf.gz,19.44,0.75,0.49,201.83,1.0,0.4,375.61,135.76,0.47,0.19
75cbb8ddbf09e6030f99a2bd03895902,ms_evals/MS20/mse20-complete-weighted/pseudoBoolean/normalized-factor-size=9-P=7-Q=31.opb.wcnf.gz,0.13,0.02,0.01,0.01,3600.0,0.02,0.01,0.11,0.01,0.02
add50d260de63dd1d8cd240e8ff7e8fb,ms_evals/MS20/mse20-complete-weighted/pseudoBoolean/normalized-factor-size=9-P=83-Q=367.opb.wcnf.gz,0.14,0.01,0.02,0.07,0.01,0.01,0.1,0.13,0.03,0.02
b05cef247d3871aabbb48f49b4e64aba,ms_evals/MS20/mse20-complete-weighted/pseudoBoolean/normalized-factor-size=9-P=409-Q=509.opb.wcnf.gz,0.13,0.01,0.01,0.02,0.01,0.02,0.04,0.13,0.01,0.02
6cb1974005578750c1a19699d6a41c03,ms_evals/MS20/mse20-complete-weighted/pseudoBoolean/normalized-mps-v2-20-10-l152lav.opb.msat.wcnf.gz,3600.0,3600.0,3600.0,3600.0,3600.0,3600.0,3600.0,3600.0,3600.0,3600.0
969e09d893b309a5c763b52c42eb77c0,ms_evals/MS20/mse20-complete-weighted/pseudoBoolean/normalized-factor-size=9-P=383-Q=509.opb.wcnf.gz,0.13,0.01,0.01,0.02,0.02,0.01,0.04,0.13,0.03,0.03
5ebb589c7d327bfbba79178ee1e871e8,ms_evals/MS20/mse20-complete-weighted/pseudoBoolean/normalized-factor-size=9-P=347-Q=431.opb.wcnf.gz,0.14,0.01,0.01,0.1,0.01,0.01,0.13,0.13,0.01,0.03
273e69a36eb8d831069836758e553381,ms_evals/MS20/mse20-complete-weighted/pseudoBoolean/normalized-mps-v2-20-10-p0033.opb.msat.wcnf.gz,0.14,0.02,0.02,1.99,0.07,0.02,3.52,0.16,0.02,0.12
af36993dfe63d9abfff3b40de136bba3,ms_evals/MS20/mse20-complete-weighted/pseudoBoolean/normalized-factor-size=9-P=97-Q=509.opb.wcnf.gz,0.13,0.01,0.02,0.02,0.01,0.01,0.05,0.13,0.02,0.02
52db8ec9f1949da64594870b2c41f792,ms_evals/MS20/mse20-complete-weighted/pseudoBoolean/normalized-factor-size=9-P=127-Q=491.opb.wcnf.gz,0.13,0.02,0.01,0.03,0.02,0.01,0.04,0.19,0.02,0.02
718a9f53f00f082b96c2e19e19324a36,ms_evals/MS20/mse20-complete-weighted/ramsey/ram_k3_n20.ra1.wcnf.gz,3600.0,3600.0,3600.0,3600.0,3600.0,3600.0,3600.0,3600.0,3600.0,3600.0
02579269d1651bee4cbb66dca9a3edf1,ms_evals/MS20/mse20-complete-weighted/ramsey/ram_k3_n12.ra1.wcnf.gz,3600.0,194.4,155.5,1272.59,1632.42,1659.03,2255.5,3600.0,3600.0,3600.0
7a4d3c36acb0b0836f0c47ac22b9b2a2,ms_evals/MS20/mse20-complete-weighted/ramsey/ram_k3_n17.ra1.wcnf.gz,3600.0,3600.0,3600.0,3600.0,3600.0,3600.0,3600.0,3600.0,3600.0,3600.0
d47174388e96ddf55f5d42fd3815214c,ms_evals/MS20/mse20-complete-weighted/ramsey/ram_k4_n20.ra1.wcnf.gz,3600.0,3600.0,3600.0,3600.0,3600.0,3600.0,3600.0,3600.0,3600.0,3600.0
ee6b53cb940d544e8ef4edc04091e4a4,ms_evals/MS20/mse20-complete-weighted/ramsey/ram_k3_n14.ra1.wcnf.gz,3600.0,3600.0,3600.0,3600.0,3600.0,3600.0,3600.0,3600.0,3600.0,3600.0
c9efd9413685d8fa7c0c22fe652880d2,ms_evals/MS20/mse20-complete-weighted/ramsey/ram_k4_n18.ra1.wcnf.gz,3600.0,3600.0,3600.0,3600.0,3600.0,3600.0,3600.0,3600.0,3600.0,3600.0
8c0d647335a376b8256d3d60a96f4a14,ms_evals/MS20/mse20-complete-weighted/ramsey/ram_k3_n18.ra1.wcnf.gz,3600.0,3600.0,3600.0,3600.0,3600.0,3600.0,3600.0,3600.0,3600.0,3600.0
1d25f6c483abd093d16edfd0efd23645,ms_evals/MS20/mse20-complete-weighted/ramsey/ram_k3_n11.ra1.wcnf.gz,3600.0,44.68,42.29,3600.0,32.83,170.21,3600.0,3600.0,3600.0,632.77
09eadcd1e14584958f8ead92b9e5845f,ms_evals/MS20/mse20-complete-weighted/ramsey/ram_k3_n16.ra1.wcnf.gz,3600.0,3600.0,3600.0,3600.0,3600.0,3600.0,3600.0,3600.0,3600.0,3600.0
3860ef146279b2a9db5004d9d343c8b7,ms_evals/MS20/mse20-complete-weighted/ramsey/ram_k3_n9.ra1.wcnf.gz,0.24,0.34,0.12,0.59,0.19,0.1,1.18,0.24,0.11,0.15
6ab5b1a992bbea7115fbd6fca0a4c300,ms_evals/MS20/mse20-complete-weighted/ramsey/ram_k3_n13.ra1.wcnf.gz,3600.0,3600.0,3600.0,3600.0,3600.0,3600.0,3600.0,3600.0,3600.0,3600.0
baa5bcfd9f2c520925e7c5c288aa9368,ms_evals/MS20/mse20-complete-weighted/ramsey/ram_k3_n10.ra1.wcnf.gz,608.67,8.12,17.35,68.34,4.43,14.28,270.25,415.25,36.74,45.38
fb48b2dfc2a341a8fcf6c31e6e1f5090,ms_evals/MS20/mse20-complete-weighted/ramsey/ram_k3_n19.ra1.wcnf.gz,3600.0,3600.0,3600.0,3600.0,3600.0,3600.0,3600.0,3600.0,3600.0,3600.0
1f99554bef2bc4a122bde358bdf0ec4c,ms_evals/MS20/mse20-complete-weighted/ramsey/ram_k4_n19.ra1.wcnf.gz,3600.0,3600.0,3600.0,3600.0,3600.0,3600.0,3600.0,3600.0,3600.0,3600.0
ea3423e18d1fa7fdabf2c1717b386cfd,ms_evals/MS20/mse20-complete-weighted/ramsey/ram_k3_n15.ra1.wcnf.gz,3600.0,3600.0,3600.0,3600.0,3600.0,3600.0,3600.0,3600.0,3600.0,3600.0
64fe5568dc0cff898c7696b6fde99c1c,ms_evals/MS20/mse20-complete-weighted/maxcut/san200_0.7_2.clq.wcnf.gz,3600.0,3600.0,3600.0,3600.0,3600.0,3600.0,3600.0,3600.0,3600.0,1253.68
f7cb3c0719892d6ed8ea2ebe10749eb8,ms_evals/MS20/mse20-complete-weighted/maxcut/p_hat300-2.clq.wcnf.gz,3600.0,3600.0,3600.0,3600.0,3600.0,3600.0,3600.0,3600.0,3600.0,29.26
a7374a894754d511bacdace676eea856,ms_evals/MS20/mse20-complete-weighted/maxcut/hamming8-4.clq.wcnf.gz,3600.0,3600.0,3600.0,3600.0,3600.0,3600.0,3600.0,3600.0,3600.0,46.26
a5b62afa07d3e59ce5d660f7befa4c29,ms_evals/MS20/mse20-complete-weighted/maxcut/brock400_3.clq.wcnf.gz,3600.0,3600.0,3600.0,3600.0,3600.0,3600.0,3600.0,3600.0,3600.0,3600.0
e4824e72f6877e36fe3269ba3e63c516,ms_evals/MS20/mse20-complete-weighted/maxcut/san200_0.9_2.clq.wcnf.gz,3600.0,3600.0,3600.0,3600.0,3600.0,3600.0,3600.0,3600.0,3600.0,3600.0
6c86df2894fc6a31ff2b089ffcac47d5,ms_evals/MS20/mse20-complete-weighted/maxcut/hamming6-2.clq.wcnf.gz,3600.0,3600.0,3600.0,3600.0,3600.0,3600.0,3600.0,3600.0,3600.0,3600.0
44c81d113faa54b26282ec117997a539,ms_evals/MS20/mse20-complete-weighted/max-realizability/power-distribution_1_4.wcnf.gz,0.29,0.02,0.04,0.05,0.02,0.03,0.1,0.29,0.03,0.08
13b4f2a9a3033c7b49a2069532a3239c,ms_evals/MS20/mse20-complete-weighted/max-realizability/power-distribution_8_3.wcnf.gz,0.84,0.06,0.18,0.29,0.05,0.14,0.63,0.83,0.14,0.4
289235cbbaf7541b3e5259481b84fa51,ms_evals/MS20/mse20-complete-weighted/max-realizability/power-distribution_7_4.wcnf.gz,0.74,0.07,0.15,0.2,0.05,0.11,0.71,0.73,0.11,0.34
61b8fd3e0c6f3a8522df09335642bc2a,ms_evals/MS20/mse20-complete-weighted/max-realizability/power-distribution_8_8.wcnf.gz,2975.25,3600.0,3169.69,3600.0,3061.12,3600.0,3600.0,2811.44,3600.0,3600.0
3ed652cfac5566e716c66ebb55ea2fb3,ms_evals/MS20/mse20-complete-weighted/max-realizability/power-distribution_3_8.wcnf.gz,3.89,2.18,1.9,7.42,0.97,1.6,20.93,3.79,1.6,2.94
ce3d6ebfa81e919d192e9ed5f0bdf9ff,ms_evals/MS20/mse20-complete-weighted/max-realizability/power-distribution_2_2.wcnf.gz,0.24,0.01,0.06,0.03,0.01,0.05,0.04,0.26,0.05,2.1
f108872c0c6f05d7c14faec115c59f87,ms_evals/MS20/mse20-complete-weighted/max-realizability/power-distribution_9_3.wcnf.gz,0.3,0.03,0.05,0.1,0.04,0.03,0.11,0.3,0.04,0.08
d4abfde9126c02eb3557dbcf457015aa,ms_evals/MS20/mse20-complete-weighted/max-realizability/power-distribution_7_2.wcnf.gz,0.19,0.02,0.02,0.02,0.01,0.02,0.03,0.19,0.02,0.05
90f7aaf363079db2504fcf19c35a48f5,ms_evals/MS20/mse20-complete-weighted/max-realizability/power-distribution_6_8.wcnf.gz,94.03,94.96,155.38,534.95,94.36,140.87,804.85,96.45,139.93,204.06
c5f950eee3a2052f7abb5be427a0c7ae,ms_evals/MS20/mse20-complete-weighted/max-realizability/power-distribution_4_6.wcnf.gz,8.81,1.62,6.21,8.92,1.17,6.3,85.88,8.82,6.31,15.98
7846b68caeab5aa433dee6e1efbdfa8f,ms_evals/MS20/mse20-complete-weighted/max-realizability/power-distribution_8_5.wcnf.gz,3.83,0.96,1.55,11.57,1.85,1.28,73.73,3.74,1.29,3.39
83bd2fc9e5d0dc6e5ff34855c319b6a9,ms_evals/MS20/mse20-complete-weighted/max-realizability/power-distribution_9_6.wcnf.gz,6.48,9.42,3.36,16.07,12.29,5.57,89.13,6.48,5.71,8.91
1d69eb0fbbde8c41206c99b062d6ac4d,ms_evals/MS20/mse20-complete-weighted/max-realizability/robot-navigation_10.wcnf.gz,3600.0,3600.0,3600.0,3600.0,3600.0,3600.0,3600.0,3600.0,3600.0,3600.0
77dab894c20aa10ffcf1d41417c5a8f6,ms_evals/MS20/mse20-complete-weighted/max-realizability/power-distribution_4_4.wcnf.gz,2.66,0.19,1.71,0.6,0.18,1.69,1.59,2.64,1.69,2.85
dd0b0480ef3f988ef4c941035c98e63e,ms_evals/MS20/mse20-complete-weighted/relational-inference/ar-3.wcnf.gz,360.52,3600.0,6.19,133.72,3600.0,75.33,257.22,361.78,77.72,0.42
0f1c52389db20638ea273317523fa709,ms_evals/MS20/mse20-complete-weighted/relational-inference/pa-1.wcnf.gz,3310.05,3600.0,1175.93,46.32,3600.0,163.32,73.54,541.53,164.0,73.29
904f32d315ae7de10e3e9b9b0c1159f2,ms_evals/MS20/mse20-complete-weighted/relational-inference/ar-2.wcnf.gz,3600.0,3600.0,2580.89,3600.0,3600.0,3600.0,3600.0,3600.0,3600.0,7.98
fcfeb7a452588be4899f26214fa8e23e,ms_evals/MS20/mse20-complete-weighted/relational-inference/pa-2.wcnf.gz,3600.0,3600.0,3600.0,3600.0,3600.0,1831.89,3600.0,3600.0,1918.37,451.39
785b8ca328e9bb071a5c9ebd31c60b5d,ms_evals/MS20/mse20-complete-weighted/relational-inference/ar-1.wcnf.gz,112.9,3600.0,3.03,112.5,3600.0,49.86,200.81,112.11,3600.0,1.47
8d50d71fc2445bbed796b9a48dfd72fa,ms_evals/MS20/mse20-complete-weighted/relational-inference/pa-3.wcnf.gz,3600.0,3600.0,3600.0,3600.0,3600.0,2461.98,3600.0,3600.0,2333.8,731.64
bf916f1f3d6a25890392025b7d961299,ms_evals/MS20/mse20-complete-weighted/relational-inference/rc-2.wcnf.gz,1861.9,3600.0,53.19,179.39,3600.0,489.81,377.24,1824.34,640.28,0.59
ea49ec4c183e647851408976bea44146,ms_evals/MS20/mse20-complete-weighted/relational-inference/rc-3.wcnf.gz,1865.24,3600.0,53.84,189.77,3600.0,460.78,392.43,1813.43,696.42,0.58
1e3d3b5d9be83447507b06523b988235,ms_evals/MS20/mse20-complete-weighted/binaryNN/bnn_mnist_7_label9_adversarial_norm_inf_totalizer.wcnf.gz,3600.0,402.17,648.45,3600.0,141.42,269.06,3600.0,3600.0,270.62,991.52
cf2323fd530476b8c626c968163beec9,ms_evals/MS20/mse20-complete-weighted/binaryNN/bnn_mnist_back_image_32_label3_adversarial_norm_inf_totalizer.wcnf.gz,3600.0,1101.24,795.81,3600.0,1729.06,277.76,3600.0,3600.0,279.84,1733.77
1e6085fcf0bc0b2df13b3d93ea02a99e,ms_evals/MS20/mse20-complete-weighted/binaryNN/bnn_mnist_rot_16_label5_adversarial_norm_inf_totalizer.wcnf.gz,3600.0,221.87,657.69,3600.0,704.83,367.06,3600.0,3600.0,367.28,1006.6
1003f4f1ef74606e61d5c8e658aeacf0,ms_evals/MS20/mse20-complete-weighted/binaryNN/bnn_mnist_rot_8_label1_adversarial_norm_inf_totalizer.wcnf.gz,3600.0,347.71,588.25,3600.0,3600.0,84.06,3600.0,3600.0,84.87,1083.57
9aefb26d20d6d7b50a72aeb8e9f46e0e,ms_evals/MS20/mse20-complete-weighted/binaryNN/bnn_mnist_back_image_73_label5_adversarial_norm_inf_totalizer.wcnf.gz,3600.0,3600.0,3600.0,3600.0,3600.0,2232.61,3600.0,3600.0,2215.51,3600.0
6549489eb4a44bcc90c809982a9a193f,ms_evals/MS20/mse20-complete-weighted/haplotyping-pedigrees/ped2.G.recomb5-0.01-3.wcnf.gz,43.74,9.24,15.8,22.23,37.79,6.92,71.05,24.99,7.12,80.49
abe8cd3a0022ef188d67db27cb069db5,ms_evals/MS20/mse20-complete-weighted/haplotyping-pedigrees/ped2.G.recomb1-0.01-3.wcnf.gz,26.47,2.15,6.96,11.91,13.97,1.8,24.61,24.08,1.88,9.01
5b3114f871cb79deee1f90caf38fac33,ms_evals/MS20/mse20-complete-weighted/haplotyping-pedigrees/ped2.G.recomb5-0.20-15.wcnf.gz,74.88,15.54,30.31,71.24,81.85,14.47,294.72,49.23,14.95,305.5
899c1b6373d0c88a21f090fb71ed5804,ms_evals/MS20/mse20-complete-weighted/haplotyping-pedigrees/ped2.G.recomb5-0.20-14.wcnf.gz,72.83,20.43,29.73,543.38,82.82,14.46,663.61,47.73,17.49,391.53
a45158195719238e7b7e53793beed390,ms_evals/MS20/mse20-complete-weighted/haplotyping-pedigrees/ped2.G.recomb10-0.10-6.wcnf.gz,65.03,15.8,28.28,47.8,59.29,12.68,140.82,34.77,12.8,208.91
6a9426be39b7321c964d6bc04bc71f9e,ms_evals/MS20/mse20-complete-weighted/haplotyping-pedigrees/ped3.G.recomb10-0.20-13.wcnf.gz,25.99,10.69,10.67,563.26,74.02,5.07,1801.65,18.74,9.22,252.68
42064f2dc1208801dc130055983b81fc,ms_evals/MS20/mse20-complete-weighted/haplotyping-pedigrees/ped3.F.recomb10-0.10-7.wcnf.gz,10.35,2.34,3.23,6.8,5.88,1.49,18.66,9.11,1.38,46.67
1011a30cb5f7d6b24dc508bde270b19a,ms_evals/MS20/mse20-complete-weighted/haplotyping-pedigrees/ped3.F.recomb10-0.20-11.wcnf.gz,12.17,2.57,3.69,32.62,9.84,1.83,142.65,10.99,2.07,65.41
0cfbf4392f4fd59b3f9857295f65c426,ms_evals/MS20/mse20-complete-weighted/haplotyping-pedigrees/ped3.D.recomb10-0.20-14.wcnf.gz,3.85,0.51,1.0,0.95,0.4,0.41,3.83,3.73,0.41,1.03
cb72f3f0638c4fea014911a7085b35b6,ms_evals/MS20/mse20-complete-weighted/css-refactoring/github.dimacs.wcnf.gz,50.82,290.24,21.13,3600.0,1842.56,37.69,3600.0,39.57,156.07,3600.0
e58dfc6f221686dd4313f6840ba76c4d,ms_evals/MS20/mse20-complete-weighted/css-refactoring/facebook1.dimacs.wcnf.gz,5.48,14.75,1.8,271.01,32.06,3.22,1095.66,4.81,6.64,127.17
26fcd89b956d7e76eb3d1d49a3d56490,ms_evals/MS20/mse20-complete-weighted/css-refactoring/dblp.dimacs.wcnf.gz,7.7,6.77,1.43,82.67,23.2,1.36,165.51,4.68,2.62,385.75
7e500417362b13613c8cdb94d5991b62,ms_evals/MS20/mse20-complete-weighted/css-refactoring/youtube.dimacs.wcnf.gz,57.73,3600.0,29.56,3600.0,3600.0,3600.0,3600.0,43.48,3600.0,3600.0
cdf036414a30bd56c675e6eb85f2734f,ms_evals/MS20/mse20-complete-weighted/css-refactoring/londonist.dimacs.wcnf.gz,33.82,13.89,1.84,21.59,119.86,2.33,132.27,31.86,2.76,43.28
1682f989fd0e1f94ea32171d8a21ff5e,ms_evals/MS20/mse20-complete-weighted/css-refactoring/ebay.dimacs.wcnf.gz,20.39,87.81,10.39,1718.01,783.65,12.62,3600.0,15.47,35.73,3600.0
f87ee170541f4a557babdde7ae752269,ms_evals/MS20/mse20-complete-weighted/css-refactoring/guardian.dimacs.wcnf.gz,32.69,129.52,12.75,3600.0,3600.0,21.03,3600.0,27.53,44.8,817.55
5eeedd461e8a8462a1c80644293fd2bd,ms_evals/MS20/mse20-complete-weighted/css-refactoring/archlinux.dimacs.wcnf.gz,0.99,0.34,0.11,0.46,3.6,0.11,1.13,0.93,0.12,2.56
b688abb30c52d1658d943698ed57b2f1,ms_evals/MS20/mse20-complete-weighted/css-refactoring/amazon.dimacs.wcnf.gz,48.42,206.59,28.12,3600.0,693.36,21.66,3600.0,21.0,66.76,3600.0
98e8f5155a869d7bef03db0ab774a388,ms_evals/MS20/mse20-complete-weighted/css-refactoring/wikipedia.dimacs.wcnf.gz,1.77,0.93,0.21,2.93,8.49,0.3,8.92,1.67,0.33,0.72
ab39be7e20b489e9db5dd505d70e7aca,ms_evals/MS20/mse20-complete-weighted/css-refactoring/openstreetmap.dimacs.wcnf.gz,5.13,12.47,1.2,69.33,47.3,2.1,200.74,4.34,2.58,60.26
e1547aa230a63ccb1daa4b5965ae4d56,ms_evals/MS20/mse20-complete-weighted/abstraction-refinement/downcast-pmd.wcnf.gz,1092.67,3507.47,529.41,1529.43,2813.87,886.75,1655.46,485.69,768.04,1263.35
3af7aabfe4b7c5d7a48d8ea44f6fab68,ms_evals/MS20/mse20-complete-weighted/abstraction-refinement/polysite-bloat.wcnf.gz,1816.97,3600.0,1381.87,3600.0,3600.0,1319.29,3600.0,808.23,1229.84,2944.45
67cf2d223a65ca171740b40c2dab1511,ms_evals/MS20/mse20-complete-weighted/abstraction-refinement/polysite-pmd.wcnf.gz,1088.12,3600.0,441.17,2218.28,3600.0,1128.06,3044.17,444.72,1125.05,1019.7
8196f734cfc1d9b20fd8d66250dbfcfd,ms_evals/MS20/mse20-complete-weighted/abstraction-refinement/downcast-antlr.wcnf.gz,1093.47,3600.0,228.71,3600.0,3600.0,788.39,3409.0,518.39,952.36,954.02
b1dd4ee6e5b74c18a2f0cc4162f8e2c8,ms_evals/MS20/mse20-complete-weighted/abstraction-refinement/downcast-xalan.wcnf.gz,615.68,3600.0,160.45,628.05,3600.0,576.25,2570.56,264.78,813.75,531.25
6793f4fbcc2f6a236b32663d633f4c6d,ms_evals/MS20/mse20-complete-weighted/abstraction-refinement/polysite-xalan.wcnf.gz,1827.52,3600.0,343.65,3600.0,3600.0,2057.67,3600.0,591.84,3600.0,1175.35
8d1dee34d8af87b9467f950d6852277b,ms_evals/MS20/mse20-complete-weighted/abstraction-refinement/polysite-lusearch.wcnf.gz,291.87,3600.0,73.12,205.64,3600.0,303.73,396.81,125.27,302.77,220.11
f5fd19c23123f0fc6a6cf1761857f6c9,ms_evals/MS20/mse20-complete-weighted/abstraction-refinement/downcast-avrora.wcnf.gz,452.09,3600.0,323.77,2566.89,3600.0,347.64,340.92,198.44,432.89,471.8
5336f6907d534868103be83673bcd912,ms_evals/MS20/mse20-complete-weighted/abstraction-refinement/polysite-hsqldb.wcnf.gz,1218.73,1333.31,504.09,383.23,867.6,1265.18,507.86,565.33,1251.27,1060.63
d8bb463adb0c353c7847c10e95e0f420,ms_evals/MS20/mse20-complete-weighted/abstraction-refinement/polysite-avrora.wcnf.gz,377.18,2819.59,194.43,208.56,1374.71,264.3,314.36,187.09,300.57,417.99
66774e068193921877f8a93f9a2d8898,ms_evals/MS20/mse20-complete-weighted/abstraction-refinement/downcast-hsqldb.wcnf.gz,1050.92,2309.4,998.26,606.37,1304.0,679.04,1039.79,484.14,752.91,1640.11
37b459900b2a2f82074c13672b6cfebd,ms_evals/MS20/mse20-complete-weighted/Security-CriticalCyber-PhysicalComponents/test14--n-5000.wcnf.gz,0.44,0.02,0.17,0.19,0.28,0.1,0.24,0.37,0.1,0.15
9472de70495d819775894ed5bef86f64,ms_evals/MS20/mse20-complete-weighted/Security-CriticalCyber-PhysicalComponents/test49--n-15000.wcnf.gz,13.44,0.14,3.93,0.83,1.39,0.41,1.05,11.88,0.41,1.35
704ff1eec3cde6357e8f41b26386eba3,ms_evals/MS20/mse20-complete-weighted/Security-CriticalCyber-PhysicalComponents/test56--n-15000.wcnf.gz,11.18,8.23,1.76,0.81,2.93,0.53,1.15,9.3,0.54,5.91
a417be3012c8ee3827cb7e2ef39ed176,ms_evals/MS20/mse20-complete-weighted/Security-CriticalCyber-PhysicalComponents/test39--n-10000.wcnf.gz,6.22,0.65,0.34,0.41,0.62,0.22,0.6,6.19,0.23,0.64
6082c0741d0ba6544cec797fc9498b49,ms_evals/MS20/mse20-complete-weighted/Security-CriticalCyber-PhysicalComponents/test77--n-20000.wcnf.gz,13.96,0.41,2.48,1.06,1.4,0.64,1.39,12.94,0.59,5.97
2945a13678b729ddf591f4680dabc834,ms_evals/MS20/mse20-complete-weighted/Security-CriticalCyber-PhysicalComponents/test36--n-10000.wcnf.gz,6.53,0.45,0.64,0.5,0.6,0.27,0.64,6.17,0.27,1.79
9037c57355ee60bb07898e95211d4c74,ms_evals/MS20/mse20-complete-weighted/Security-CriticalCyber-PhysicalComponents/test40--n-10000.wcnf.gz,6.36,0.45,0.57,0.46,0.58,0.22,0.6,6.24,0.22,0.53
20cffaff39608df213c307d7aeaec265,ms_evals/MS20/mse20-complete-weighted/Security-CriticalCyber-PhysicalComponents/test54--n-15000.wcnf.gz,10.64,0.52,1.48,0.82,1.53,0.47,1.04,9.15,0.47,7.61
9f02d1329fcbf0ac21d22bdbec3c8855,ms_evals/MS20/mse20-complete-weighted/Security-CriticalCyber-PhysicalComponents/test24--n-10000.wcnf.gz,10.5,5.03,1.95,0.51,1.81,0.48,0.75,8.23,0.49,5.67
507d83f17a6d70bc8d032bb8b8b8836a,ms_evals/MS20/mse20-complete-weighted/Security-CriticalCyber-PhysicalComponents/test65--n-20000.wcnf.gz,16.87,0.28,1.59,1.14,1.3,0.52,1.4,16.05,0.52,2.79
4be400f0915d7b78c1535c1eb4143eab,ms_evals/MS20/mse20-complete-weighted/Security-CriticalCyber-PhysicalComponents/test9--n-5000.wcnf.gz,0.63,0.03,0.38,0.26,0.37,0.12,0.33,0.45,0.12,0.65
bd1dae02e21ea1b9f6bcb2fabc0e7c6e,ms_evals/MS20/mse20-complete-weighted/Security-CriticalCyber-PhysicalComponents/test75--n-20000.wcnf.gz,13.69,0.17,1.63,1.1,0.98,0.59,1.4,12.77,0.54,1.86
b43dffbb3b56e24769d0379cde43a538,ms_evals/MS20/mse20-complete-weighted/Security-CriticalCyber-PhysicalComponents/test11--n-5000.wcnf.gz,0.5,0.17,0.2,0.2,0.29,0.11,0.26,0.4,0.11,0.21
d3b9c3ad178f4594af7a19729393b06e,ms_evals/MS20/mse20-complete-weighted/Security-CriticalCyber-PhysicalComponents/test1--n-5000.wcnf.gz,1.07,0.21,0.52,0.23,0.37,0.15,0.3,0.45,0.16,0.5
d203cbdb2c75bbd6b1d49de14fafae18,ms_evals/MS20/mse20-complete-weighted/csg_2020/310-66.wcnf.gz,19.66,11.83,41.88,41.7,5.45,10.41,73.32,13.51,10.59,8.62
9d08ec87b8f002664ac47b30baa84b6a,ms_evals/MS20/mse20-complete-weighted/csg_2020/310-40.wcnf.gz,18.33,22.61,8.54,58.58,9.67,8.79,82.41,27.72,8.65,7.85
5ed1ea3b8a20a7904e4f2b899b591b13,ms_evals/MS20/mse20-complete-weighted/csg_2020/310-23.wcnf.gz,14.66,26.03,10.72,50.91,20.95,5.5,98.11,6.9,6.82,7.44
4f2d6155fbff85de91384312c16f739f,ms_evals/MS20/mse20-complete-weighted/csg_2020/310-93.wcnf.gz,4.32,2.7,4.09,10.77,0.99,2.52,14.72,3.5,2.46,3.45
788ea657b0ea72973aebd8d9a578cc2e,ms_evals/MS20/mse20-complete-weighted/csg_2020/310-83.wcnf.gz,15.6,33.48,5.5,148.74,62.08,7.97,267.45,13.58,10.1,5.95
1da7c9a155970810dd376330581e7b82,ms_evals/MS20/mse20-complete-weighted/csg_2020/310-48.wcnf.gz,8.75,17.26,6.61,32.64,6.84,4.97,56.81,5.05,4.75,5.33
1fcc68303b80bfb79aca5d715e858102,ms_evals/MS20/mse20-complete-weighted/csg_2020/310-58.wcnf.gz,10.48,4.1,11.26,25.52,3.38,5.92,37.05,6.97,5.84,7.82
595529c6eb9bb9d1df281e87868ecafc,ms_evals/MS20/mse20-complete-weighted/csg_2020/310-98.wcnf.gz,10.96,4.97,15.56,24.15,3.55,6.18,41.12,6.79,5.85,6.84
30c784ffdf906b905a44aaf359e36f15,ms_evals/MS20/mse20-complete-weighted/csg_2020/310-88.wcnf.gz,16.33,119.09,6.14,446.75,54.18,17.8,606.65,10.23,38.19,9.42
0b10d84d7412f94ead9caa2b65d8338a,ms_evals/MS20/mse20-complete-weighted/csg_2020/310-53.wcnf.gz,11.38,5.29,42.38,26.38,2.77,6.54,38.63,8.35,6.56,8.63
b146356f8af79587412f84ca88d1a1a2,ms_evals/MS20/mse20-complete-weighted/csg_2020/310-28.wcnf.gz,9.92,5.88,7.19,24.72,3.66,5.17,39.23,5.87,5.57,5.16
735f55e36e1b4e370c4896a9ed074880,ms_evals/MS20/mse20-complete-weighted/csg_2020/310-90.wcnf.gz,20.18,26.81,5.74,130.79,16.61,10.14,228.87,17.67,13.45,7.96
0267f2721647e3dd3442eaac59c4c51e,ms_evals/MS20/mse20-complete-weighted/csg_2020/310-30.wcnf.gz,10.44,9.61,6.14,27.9,4.76,5.28,40.31,6.29,5.75,5.97
d757106a941fb63219399e960924bc6d,ms_evals/MS20/mse20-complete-weighted/csg_2020/310-20.wcnf.gz,5.76,3.88,4.03,11.7,1.36,2.28,16.49,3.82,2.33,3.27
22c0b0e852cda5cf8769968e9eea5f7f,ms_evals/MS20/mse20-complete-weighted/csg_2020/310-52.wcnf.gz,25.09,164.85,7.49,683.4,80.18,18.22,840.89,19.33,27.05,8.57
4dd0e7b2a7c94aad4c6b84761d16c544,ms_evals/MS20/mse20-complete-weighted/csg_2020/310-35.wcnf.gz,21.87,9.47,13.58,62.65,16.06,8.13,114.31,11.9,7.14,9.19
82717a8ebe7c49b3386c733bf0b87ea1,ms_evals/MS20/mse20-complete-weighted/csg_2020/310-47.wcnf.gz,17.46,72.25,11.15,690.15,42.95,18.86,908.01,19.44,39.02,8.01
a48c1ed185d0046f6f30790c2bf15c18,ms_evals/MS20/mse20-complete-weighted/csg_2020/310-1.wcnf.gz,11.49,8.65,12.08,35.61,4.33,5.33,52.86,7.28,5.47,7.59
44f0f21f303211685b88e94421fb6276,ms_evals/MS20/mse20-complete-weighted/csg_2020/310-8.wcnf.gz,10.23,9.31,7.37,19.57,4.7,3.19,28.84,6.13,3.45,4.62
7996259d9bf1a0e848c8ca56d524c357,ms_evals/MS20/mse20-complete-weighted/csg_2020/310-84.wcnf.gz,12.23,12.82,8.95,22.49,8.83,4.67,33.94,6.18,5.01,6.13
670ed6add5e424d41b346c4127e12a5a,ms_evals/MS20/mse20-complete-weighted/csg_2020/310-9.wcnf.gz,6.7,3.89,5.2,14.68,1.69,3.02,19.8,4.44,3.04,4.55
ecc1ffbf3588eba9b1eb14ad86291767,ms_evals/MS20/mse20-complete-weighted/csg_2020/310-46.wcnf.gz,25.5,36.28,16.23,62.73,25.46,11.27,108.92,24.65,12.13,11.13
b803f8b9b88bed2b96d9c1c5b22cc1e9,ms_evals/MS20/mse20-complete-weighted/csg_2020/310-79.wcnf.gz,28.57,65.0,6.31,128.8,34.28,12.23,147.85,44.03,10.57,8.0
5216e8baad309b9edb8a608b7d0c8f9a,ms_evals/MS20/mse20-complete-weighted/csg_2020/310-62.wcnf.gz,10.97,14.24,10.16,36.04,7.73,4.61,81.12,8.61,5.23,4.94
37e698054202f9733553b955fea27536,ms_evals/MS20/mse20-complete-weighted/csg_2020/310-72.wcnf.gz,14.7,8.52,12.9,23.49,21.05,6.26,36.87,7.49,6.36,8.02
18f38051e1be199808df9b4ec224b8ad,ms_evals/MS20/mse20-complete-weighted/csg_2020/310-54.wcnf.gz,10.08,4.24,4.68,18.45,3.07,3.34,24.65,8.43,3.28,4.39
89ccb88f3f222452d0b18fe5ef914a6b,ms_evals/MS20/mse20-complete-weighted/csg_2020/310-2.wcnf.gz,6.58,3.63,12.08,14.92,1.41,3.64,20.41,5.04,3.56,4.67
b57531073a564dac1274b9c175b82338,ms_evals/MS20/mse20-complete-weighted/csg_2020/310-37.wcnf.gz,6.58,3.2,17.0,15.33,1.4,3.94,21.55,5.29,3.97,4.76
a1800cae04543eb026088f3c1f24cc9b,ms_evals/MS20/mse20-complete-weighted/csg_2020/310-27.wcnf.gz,8.33,6.19,8.74,22.99,5.12,4.44,26.46,6.13,4.52,5.09
e22c03432c1df6a30aa6a29c685a5e4d,ms_evals/MS20/mse20-complete-weighted/csg_2020/310-87.wcnf.gz,17.58,5.63,10.95,38.5,5.78,5.64,50.24,14.34,5.47,6.4
b3e2999aede13c379e42a4bdc948ccf8,ms_evals/MS20/mse20-complete-weighted/upgradeability/mancoosi-test-i3000d0u98-67.wcnf.gz,6.14,131.2,0.43,6.49,1052.94,0.56,3600.0,6.34,0.56,0.42
c42e25bbd602aad2e930b27317a319cf,ms_evals/MS20/mse20-complete-weighted/upgradeability/rand83_l1.wcnf.gz,1.95,303.72,0.69,111.88,483.02,0.56,18.95,1.47,0.57,0.88
ca67296e848f8604e10ef3b77c19e24f,ms_evals/MS20/mse20-complete-weighted/upgradeability/mancoosi-test-i40d0u98-6.wcnf.gz,3.1,0.4,0.38,1.55,26.93,0.16,3.29,3.01,0.16,0.18
dd64aeebc605b1f91a9360653809ebad,ms_evals/MS20/mse20-complete-weighted/upgradeability/2c3aece6-c8b2-11df-a040-00163e3d3b7c_l1.wcnf.gz,20.69,1091.38,2.01,30.31,3600.0,2.8,53.8,19.99,2.87,0.76
3d8de94c9b48cb029b71d8e4e7671690,ms_evals/MS20/mse20-complete-weighted/upgradeability/ff4a1d84-d490-11df-9e6c-00163e3d3b7c_l1.wcnf.gz,0.29,7.7,0.05,0.15,7.67,0.04,0.22,0.27,0.04,0.04
b8a4ff918b589cc0c5d0d2a890240f60,ms_evals/MS20/mse20-complete-weighted/upgradeability/2c3aece6-c8b2-11df-a040-00163e3d3b7c_l2.wcnf.gz,22.96,1035.65,2.22,40.17,3600.0,3.19,69.86,22.24,3.32,0.57
4a135ea25f25de1f7b3af8f054b7f8c2,ms_evals/MS20/mse20-complete-weighted/upgradeability/mancoosi-test-i40d0u98-5.wcnf.gz,3.08,0.38,0.36,1.65,30.24,0.17,3.51,3.09,0.17,0.17
abd161adb8dfee6abba1156d30ea51bb,ms_evals/MS20/mse20-complete-weighted/upgradeability/f4ebf9e0-360e-11e0-9e6c-00163e3d3b7c_l1.wcnf.gz,3.07,50.61,0.41,7.45,112.11,0.41,13.27,3.08,0.42,0.07
9cbb6c119391dc9a47decd39d7328ef9,ms_evals/MS20/mse20-complete-weighted/upgradeability/rand874_l1.wcnf.gz,3.63,1484.46,1.35,398.7,1009.03,1.02,412.87,2.47,1.07,1.85
6bf3d47b1ff4d1b2de7951cc1126620e,ms_evals/MS20/mse20-complete-weighted/upgradeability/mancoosi-test-i2000d0u98-34.wcnf.gz,6.26,3.43,0.41,6.25,72.97,0.54,12.83,6.29,0.54,0.38
b477b3b0e1a2bfc6499bd59db7bcbb0e,ms_evals/MS20/mse20-complete-weighted/upgradeability/mancoosi-test-i3000d0u98-53.wcnf.gz,6.2,181.2,0.44,6.7,3600.0,0.54,3600.0,6.45,0.55,0.4
b48dcc30fb878f5b15ae3c1707ea3407,ms_evals/MS20/mse20-complete-weighted/upgradeability/rand118_l2.wcnf.gz,13.49,3600.0,4.44,33.32,3600.0,3.84,56.55,9.53,3.88,1.59
cf90932b3f9a14efbd83ac5c233c8b9e,ms_evals/MS20/mse20-complete-weighted/upgradeability/mancoosi-test-i30d0u98-9.wcnf.gz,3.03,0.66,0.42,1.47,24.78,0.19,3.11,2.96,0.19,0.2
8ea3f8ffc4ce0ed02e5af0ea3255bdff,ms_evals/MS20/mse20-complete-weighted/upgradeability/mancoosi-test-i10d0u98-19.wcnf.gz,2.83,0.34,0.35,1.37,22.44,0.14,2.92,2.85,0.15,0.18
8dd9956caa156c71f977c0bac467b676,ms_evals/MS20/mse20-complete-weighted/upgradeability/26f3d4cc-d470-11df-9e6c-00163e3d3b7c_l2.wcnf.gz,19.9,3600.0,2.73,35.11,3600.0,3.59,68.55,18.54,3.6,0.26
085998376808f141720352d02be0159c,ms_evals/MS20/mse20-complete-weighted/upgradeability/mancoosi-test-i2000d0u98-40.wcnf.gz,5.86,1.21,0.43,5.65,47.9,0.47,11.53,5.86,0.48,0.38
ecb8b21ddbb7b846084872363d6b19fd,ms_evals/MS20/mse20-complete-weighted/upgradeability/mancoosi-test-i10d0u98-12.wcnf.gz,2.8,0.34,0.35,1.33,23.73,0.13,2.83,2.8,0.13,0.17
0172caf415d08d0edb3e1d4f51ea4672,ms_evals/MS20/mse20-complete-weighted/upgradeability/mancoosi-test-i3000d0u98-72.wcnf.gz,6.17,28.24,0.39,6.58,504.3,0.51,3600.0,6.13,0.5,0.39
c5b284ae5f7a79969b84b20cdd1403e2,ms_evals/MS20/mse20-complete-weighted/upgradeability/mancoosi-test-i3000d0u98-62.wcnf.gz,6.57,35.25,0.42,7.08,776.61,0.57,3600.0,6.52,0.58,0.43
